raw_filename,md5,sha256,size_bytes,char_count,word_count,court,court_confidence,court_source,document_type,decision_number,decision_year,decision_month,decision_date,date_confidence,date_source,duplicate_group,is_duplicate,document_id,decision_humana,motivo,auto_label,is_judicial_decision,exclusion_reason
2. record_0 (777).txt,010402e9888e32e4ca445d55dddb8208,f4597a9f9bb2ce18894b5e8ad27c7fbb0d3e0beede915e79115ce1b7c837ab27,113916,111634,17829,Corte Constitucional,HIGH,OFFICIAL_HEADER_NUMBER,Sentencia de Tutela,T-698/16,2016.0,4.0,2016-04-21,HIGH,SENTENCE_IDENTIFIER,0,False,DOC_0000,INCLUIR,auto: marcador judicial de alta confianza + alta corte,JUDICIAL,True,
2. record_0 (562).txt,011ac51db4906b59dd7a911d199c74f8,cb6dc1134d1e828e889335023cfa0f3927dfe7efde8aeedd63f7e6cb4a99356f,72602,71204,10992,Corte Constitucional,MEDIUM,TEXT_MENTION_HEADER,Providencia,,2013.0,4.0,2013-04-02,HIGH,HEADER_EXPLICIT_DATE,1,False,DOC_0001,INCLUIR,auto: marcador judicial de alta confianza + alta corte,JUDICIAL,True,
3.record_0 (327).txt,015858983837efbb3312e11afda2438b,60b73491f2481cec9bc0c4c665de7a230e5be495b6c88856996ce916da3384c6,14065,13837,2177,Otras Entidades,LOW,FALLBACK,Providencia,,2019.0,7.0,2019-07-10,HIGH,HEADER_EXPLICIT_DATE,2,False,DOC_0002,EXCLUIR,auto: providencia judicial pero no es alta corte (Gate 0.3),JUDICIAL,False,auto: providencia judicial pero no es alta corte (Gate 0.3)
3.record_0 (549).txt,01bb2da06fa775c405f304d35c02e486,e0f18480e8adb16265f235f8af45050ed2c48715b024aa110845e49468268b43,48999,47921,7287,Corte Constitucional,MEDIUM,TEXT_MENTION_HEADER,Providencia,,2021.0,10.0,2021-10-21,HIGH,HEADER_EXPLICIT_DATE,3,False,DOC_0003,INCLUIR,auto: marcador judicial de alta confianza + alta corte,JUDICIAL,True,
2. record_0 (161).txt,02761bfea222ba6d821c134ccac3b839,040e6f922b6d75fc57db328e6df3a35b8af9681e54f662414ef44fe0183e38f1,56642,55483,8115,Otras Entidades,MEDIUM,INSTITUTION_HEADER,Providencia,,2012.0,2.0,2012-02-15,HIGH,HEADER_EXPLICIT_DATE,4,False,DOC_0004,EXCLUIR,auto: law_or_decree_text de alta confianza,LAW_OR_DECREE_TEXT,False,auto: law_or_decree_text de alta confianza
1.record_0 (370).txt,029e38f37701bca74ab071748e907ae1,357c46d4554127b2737c9bd49a5421e8e451ec676b1e9b52b53802f3cb8d9b9a,186105,182364,28237,Corte Constitucional,MEDIUM,TEXT_MENTION_HEADER,Providencia,,2022.0,10.0,2022-10-04,HIGH,HEADER_EXPLICIT_DATE,5,False,DOC_0005,INCLUIR,auto: marcador judicial de alta confianza + alta corte,JUDICIAL,True,
3.record_0 (201).txt,02b02584b4bba98351114cc294e541f3,6507c21260f55b0356d57b02b25b43b60e8d61cecd1730f1f937e361358bc2ee,136729,134135,21778,Corte Constitucional,MEDIUM,TEXT_MENTION_HEADER,Providencia,,2021.0,11.0,2021-11-02,HIGH,HEADER_EXPLICIT_DATE,6,False,DOC_0006,INCLUIR,auto: marcador judicial de alta confianza + alta corte,JUDICIAL,True,
1.record_0 (155).txt,02defdc02919984f3c461243c781dc36,d9fc0bbe7a5b14f04bf8d35cd7d9c52b0e9693bdc16323e394f1c216953867ff,252150,245825,40070,Otras Entidades,LOW,FALLBACK,Providencia,,2018.0,6.0,2018-06-28,HIGH,HEADER_EXPLICIT_DATE,7,False,DOC_0007,EXCLUIR,auto: providencia judicial pero no es alta corte (Gate 0.3),JUDICIAL,False,auto: providencia judicial pero no es alta corte (Gate 0.3)
2. record_0 (429).txt,02e13a8feaa8f0d702c38b67f6b05e75,be52bf5216251fe5615be17665278efe4fdda4c89a9c27a9c830158db7fbc88f,84110,82419,13222,Otras Entidades,MEDIUM,INSTITUTION_HEADER,Providencia,,2018.0,4.0,2018-04-04,HIGH,HEADER_EXPLICIT_DATE,8,False,DOC_0008,EXCLUIR,auto: providencia judicial pero no es alta corte (Gate 0.3),JUDICIAL,False,auto: providencia judicial pero no es alta corte (Gate 0.3)
3.record_0 (624).txt,02e1a00f10beb7af409370f99a45ea1f,57d3edf5bd364b1c185c54da558a5d47c872159f908e02551056fec856d78edb,29373,28724,4629,Otras Entidades,MEDIUM,INSTITUTION_HEADER,Providencia,,2014.0,7.0,2014-07-09,HIGH,HEADER_EXPLICIT_DATE,9,False,DOC_0009,EXCLUIR,auto: providencia judicial pero no es alta corte (Gate 0.3),JUDICIAL,False,auto: providencia judicial pero no es alta corte (Gate 0.3)
2. record_0 (142).txt,02ed6367c1198daae93e9dfc9220fa9b,86b43407ec032d2cdf86d0bb321d2b716fbf2a50c0ec64c6de3b5294b593c9da,14471,14142,2210,Otras Entidades,LOW,FALLBACK,Providencia,,2011.0,,,MEDIUM,HEADER_FIRST_YEAR,10,False,DOC_0010,EXCLUIR,auto: academic_article de alta confianza,ACADEMIC_ARTICLE,False,auto: academic_article de alta confianza
1.record_0 (208).txt,0339d7b7eff7eca28c3813dfc42c3545,d87c39d0906438f8289a20c5f3bb0b85c5111509385f17cd837cd15a1ad7e2b1,1685,1675,244,Corte Suprema de Justicia,HIGH,INSTITUTION_HEADER,Providencia,,1991.0,,,MEDIUM,HEADER_FIRST_YEAR,11,False,DOC_0011,EXCLUIR,auto: broken_or_empty de alta confianza,BROKEN_OR_EMPTY,False,auto: broken_or_empty de alta confianza
3.record_0 (689).txt,036d20e71e66d833ea7b56eb3c4c979c,ed5969d65e042116f725987f75dc4b2ee9d3175a1274dcf902406cb17f1c4359,61766,60524,9186,Otras Entidades,MEDIUM,INSTITUTION_HEADER,Providencia,,2021.0,,,MEDIUM,HEADER_FIRST_YEAR,12,False,DOC_0012,EXCLUIR,auto: academic_article de alta confianza,ACADEMIC_ARTICLE,False,auto: academic_article de alta confianza
1.record_0 (424).txt,037de87d99689711ccbcf847ccdc447f,5b02cc0a469e3c6dfe76d647cf3687f48a0eb6647efb66fb14e63c7cad72aa89,287331,281297,45598,Corte Constitucional,HIGH,OFFICIAL_HEADER_NUMBER,Auto de Sala Plena/Seguimiento,Auto-038/12,2012.0,,,HIGH,SENTENCE_IDENTIFIER,13,False,DOC_0013,INCLUIR,auto: marcador judicial de alta confianza + alta corte,JUDICIAL,True,
1.record_0 (97).txt,039d85fe137f8d1bebb03ed36faf58f8,ffcdd8dbbb82e830baef2d713a9793f5e5adfd14a4089c35e5048d6d6b23f1c2,59770,58248,8868,Otras Entidades,LOW,FALLBACK,Providencia,,2015.0,9.0,2015-09-25,HIGH,HEADER_EXPLICIT_DATE,14,False,DOC_0014,EXCLUIR,auto: law_or_decree_text de alta confianza,LAW_OR_DECREE_TEXT,False,auto: law_or_decree_text de alta confianza
3.record_0 (1664).txt,03d3b44d0042805efa4f9bc6eb378a3c,dd4f421f9c2ff59c610410424549e2319943f2d80b2ca55c8b9c138d1c271fca,317903,310493,49159,Corte Constitucional,HIGH,OFFICIAL_HEADER_NUMBER,Sentencia de Constitucionalidad,C-484/17,2017.0,6.0,2017-06-24,HIGH,SENTENCE_IDENTIFIER,15,False,DOC_0015,INCLUIR,auto: marcador judicial de alta confianza + alta corte,JUDICIAL,True,
2. record_0 (746).txt,03e428c211d0bb889e747455aae621d5,3c50086be346f77c3bf2144e2514a0b00c2024a05359f55af20fe3e84154c434,310132,304406,48887,Corte Constitucional,HIGH,OFFICIAL_HEADER_NUMBER,Sentencia de Constitucionalidad,C-519/19,2019.0,,,HIGH,SENTENCE_IDENTIFIER,16,False,DOC_0016,INCLUIR,auto: marcador judicial de alta confianza + alta corte,JUDICIAL,True,
1.record_0 (26).txt,040a326fde20ec5d270a348a92845e21,65184a884c16abcbd9a2961580ef2cdd67366a0097f7cc597bee50d079213863,10813,10634,1662,Otras Entidades,MEDIUM,INSTITUTION_HEADER,Providencia,,2013.0,7.0,2013-07-19,HIGH,HEADER_EXPLICIT_DATE,17,False,DOC_0017,EXCLUIR,auto: law_or_decree_text de alta confianza,LAW_OR_DECREE_TEXT,False,auto: law_or_decree_text de alta confianza
2. record_0 (456).txt,0415693b1e45d9aae40d5d62ff4eed10,c105c08ba4b1e6425341161c1917d78ecafdf35ef0e40fc736704871cb928611,151902,148849,23359,Corte Constitucional,HIGH,OFFICIAL_HEADER_NUMBER,Sentencia de Tutela,T-265/16,2016.0,6.0,2016-06-03,HIGH,SENTENCE_IDENTIFIER,18,False,DOC_0018,INCLUIR,auto: marcador judicial de alta confianza + alta corte,JUDICIAL,True,
2. record_0 (1353).txt,0415fa48f186f4e52abd287b5bcb986e,f1e08a75fffbc7687f445cce9147504f9007f97b7a6531262287de62b42a3f04,821635,804234,120479,Otras Entidades,MEDIUM,INSTITUTION_HEADER,Providencia,,2015.0,,,MEDIUM,HEADER_FIRST_YEAR,19,False,DOC_0019,EXCLUIR,auto: law_or_decree_text de alta confianza,LAW_OR_DECREE_TEXT,False,auto: law_or_decree_text de alta confianza
2. record_0 (936).txt,041f36524181d32cfb15fbcd63bd0706,9cff92d024819c5f12bfea354231d1e1f49f2b0555bfa3e3d98fbb7df7e7b19e,168394,165420,25673,Corte Constitucional,HIGH,OFFICIAL_HEADER_NUMBER,Sentencia de Constitucionalidad,C-062/21,2021.0,8.0,2021-08-06,HIGH,SENTENCE_IDENTIFIER,20,False,DOC_0020,INCLUIR,auto: marcador judicial de alta confianza + alta corte,JUDICIAL,True,
1.record_0 (10).txt,043b55735e19cca9c7129900c9dc9a64,bd823a1f2686ec040604429a665f9dbaa74f40d6821abb379a663c31311b5676,9829,9604,1470,Otras Entidades,MEDIUM,INSTITUTION_HEADER,Providencia,,2023.0,,,MEDIUM,HEADER_FIRST_YEAR,21,False,DOC_0021,EXCLUIR,auto: law_or_decree_text de alta confianza,LAW_OR_DECREE_TEXT,False,auto: law_or_decree_text de alta confianza
2. record_0 (392).txt,045fec76439ebf0d2492d901921fe002,c823f2a8ec8dce7204e2b21fb20857fddc30e7e8c0d77c65fb100c3194444fcb,40178,39306,6031,Corte Constitucional,MEDIUM,TEXT_MENTION_HEADER,Providencia,,2018.0,11.0,2018-11-12,HIGH,HEADER_EXPLICIT_DATE,22,False,DOC_0022,INCLUIR,auto: marcador judicial de alta confianza + alta corte,JUDICIAL,True,
3.record_0 (740).txt,047439662526b654f3bfadc182323904,fbd86f9e56c1ca2e1a3cc371edc036a5c0ead9a530127934c795b21aa481d70d,38367,37636,5857,Corte Constitucional,MEDIUM,TEXT_MENTION_HEADER,Providencia,,2021.0,1.0,2021-01-19,HIGH,HEADER_EXPLICIT_DATE,23,False,DOC_0023,INCLUIR,auto: marcador judicial de alta confianza + alta corte,JUDICIAL,True,
1.record_0 (134).txt,0478300fad70ec7e5df96db7c66b74ec,12181331848cc00ae795ed36dfd8a7d1f1f1339b4e15c29a209e914d219a3d37,39112,38411,5680,Corte Constitucional,MEDIUM,TEXT_MENTION_HEADER,Providencia,,2021.0,12.0,2021-12-16,HIGH,HEADER_EXPLICIT_DATE,24,False,DOC_0024,INCLUIR,auto: marcador judicial de alta confianza + alta corte,JUDICIAL,True,
3.record_0 (597).txt,04946e59c9a1da802356eefb9a657778,ad14a4f6f96e37be85d5f0a62e6486b4c0022f3c2f82fb200bd44c4edd55df2c,56372,55252,8482,Corte Constitucional,MEDIUM,TEXT_MENTION_HEADER,Providencia,,2004.0,,,MEDIUM,HEADER_FIRST_YEAR,25,False,DOC_0025,INCLUIR,auto: marcador judicial de alta confianza + alta corte,JUDICIAL,True,
3.record_0 (1761).txt,04f7c2cfa2e8f55851b143b1c403d988,affe5b48ce1a640c0fd99dae502a1beff14619a003b6d779e87414981989521f,351064,344271,55334,Corte Constitucional,HIGH,OFFICIAL_HEADER_NUMBER,Sentencia de Constitucionalidad,C-019/18,2018.0,5.0,2018-05-16,HIGH,SENTENCE_IDENTIFIER,26,False,DOC_0026,INCLUIR,auto: marcador judicial de alta confianza + alta corte,JUDICIAL,True,
3.record_0 (383).txt,04fc4c7a32498ad809a920193b5da722,e55aa1583a995e7ce6a2bd3b5b4653b16d88ca9159d2bafac5507e6fa1f55a70,37637,36870,5869,Otras Entidades,MEDIUM,INSTITUTION_HEADER,Providencia,,2016.0,6.0,2016-06-30,HIGH,HEADER_EXPLICIT_DATE,27,False,DOC_0027,EXCLUIR,auto: providencia judicial pero no es alta corte (Gate 0.3),JUDICIAL,False,auto: providencia judicial pero no es alta corte (Gate 0.3)
1.record_0 (112).txt,05b8cdf73af22128311548050ee4d5fe,a0cce9ba15ed96ebf473be17d62bc64d6fc4c7294584d15bfa3eecc8d63c912d,67215,65684,10272,Otras Entidades,LOW,FALLBACK,Providencia,,2021.0,2.0,2021-02-04,HIGH,HEADER_EXPLICIT_DATE,28,False,DOC_0028,EXCLUIR,auto: providencia judicial pero no es alta corte (Gate 0.3),JUDICIAL,False,auto: providencia judicial pero no es alta corte (Gate 0.3)
2. record_0 (257).txt,062d21b8c91e81d8a007c7f84ae0b30f,88bda78d6e5bbe5bffa4ac96fb7b8366071b6d863d9364ba1cb4a3b326c2e229,266021,260229,41076,Corte Constitucional,MEDIUM,TEXT_MENTION_HEADER,Providencia,,2023.0,4.0,2023-04-28,HIGH,HEADER_EXPLICIT_DATE,29,False,DOC_0029,INCLUIR,auto: marcador judicial de alta confianza + alta corte,JUDICIAL,True,
3.record_0 (827).txt,06c1a25334d0cada16df3ceb48ebba52,40bf7f368429145a0e67062d8ea49c02018c73b7fd60440befd3eae9a2d705f4,78596,76704,12069,Otras Entidades,MEDIUM,INSTITUTION_HEADER,Providencia,,2018.0,7.0,2018-07-13,HIGH,HEADER_EXPLICIT_DATE,30,False,DOC_0030,EXCLUIR,auto: providencia judicial pero no es alta corte (Gate 0.3),JUDICIAL,False,auto: providencia judicial pero no es alta corte (Gate 0.3)
2. record_0 (775).txt,06d899505733a9af435dab704572cd75,a25943344dc2b075680ad0a30b9436052810012326ec0a76e10de1eaafb68873,105639,103710,16290,Corte Constitucional,HIGH,OFFICIAL_HEADER_NUMBER,Sentencia de Tutela,T-361/19,2019.0,11.0,2019-11-22,HIGH,SENTENCE_IDENTIFIER,31,False,DOC_0031,INCLUIR,auto: marcador judicial de alta confianza + alta corte,JUDICIAL,True,
1.record_0 (415).txt,0715faa12e118d99361909bf8aaf4f59,7d06a321568c07ab76d79af72fe451389b918343b81ed879b95d0878b559edc9,436511,425945,66322,Corte Constitucional,MEDIUM,TEXT_MENTION_HEADER,Providencia,,,,,LOW,NONE,32,False,DOC_0032,INCLUIR,auto: marcador judicial de alta confianza + alta corte,JUDICIAL,True,
3.record_0 (635).txt,07199198bc802a7a24f052f6d7ef6752,d5aee80d56b4487afa5b7692182cc87653178bb00b941eb39049e162b639d885,30583,30054,4569,Corte Constitucional,HIGH,OFFICIAL_HEADER_NUMBER,Auto de Sala Plena/Seguimiento,Auto-328/21,2021.0,,,HIGH,SENTENCE_IDENTIFIER,33,False,DOC_0033,INCLUIR,auto: marcador judicial de alta confianza + alta corte,JUDICIAL,True,
2. record_0 (20).txt,071f5adf59485aee1090c7d1230f4011,ab69f180fcf74664027a638172383545c78a9175677372fc6596a3633c773811,5965,5875,902,Otras Entidades,MEDIUM,INSTITUTION_HEADER,Providencia,,2023.0,3.0,2023-03-08,HIGH,HEADER_EXPLICIT_DATE,34,False,DOC_0034,EXCLUIR,auto: law_or_decree_text de alta confianza,LAW_OR_DECREE_TEXT,False,auto: law_or_decree_text de alta confianza
3.record_0 (1458).txt,07901396578fd8ef074cbe57f165a259,2f3aa9b91deefdabace87611c50d5145c7732decbc1a9d041ca26d216b1670ea,145727,142919,22276,Corte Suprema de Justicia,HIGH,INSTITUTION_HEADER,Providencia,,2020.0,9.0,2020-09-22,HIGH,HEADER_EXPLICIT_DATE,35,False,DOC_0035,INCLUIR,auto: marcador judicial de alta confianza + alta corte,JUDICIAL,True,
3.record_0 (950).txt,07a977319ea6a62f22dcdf6890f09412,5f41b224530e0cc53fa246ffa1aa7cf77d1a869dd77814e82fb0f78169fc0884,58437,57451,9178,Otras Entidades,LOW,FALLBACK,Providencia,,2012.0,7.0,2012-07-13,HIGH,HEADER_EXPLICIT_DATE,36,False,DOC_0036,EXCLUIR,auto: providencia judicial pero no es alta corte (Gate 0.3),JUDICIAL,False,auto: providencia judicial pero no es alta corte (Gate 0.3)
3.record_0 (60).txt,07aa98d62e0381ef16e2791165f66eb9,6ee4894a5ea3393f55332701a3a6f7373f5bc9eedbc1216f915aa18eb27cd41c,21224,20730,3369,Otras Entidades,LOW,FALLBACK,Providencia,,2023.0,2.0,2023-02-21,HIGH,HEADER_EXPLICIT_DATE,37,False,DOC_0037,EXCLUIR,auto: providencia judicial pero no es alta corte (Gate 0.3),JUDICIAL,False,auto: providencia judicial pero no es alta corte (Gate 0.3)
1.record_0 (22).txt,07d749320604deb6d570ce69e84e5be5,101cabcfee31e6a04e83f2774bed17705b6e75bf5a40994573807e26fe9f2570,49040,48138,7469,Otras Entidades,LOW,FALLBACK,Providencia,,2016.0,,,MEDIUM,HEADER_FIRST_YEAR,38,False,DOC_0038,EXCLUIR,auto: academic_article de alta confianza,ACADEMIC_ARTICLE,False,auto: academic_article de alta confianza
3.record_0 (1236).txt,0816fc9250e53111da22b017681d2d91,de8d95323b5d486663d6ee8f7d5a660a70fff4a8f47dbfdbfff80ab44a5e0645,82346,81024,11660,Otras Entidades,LOW,FALLBACK,Providencia,,2019.0,3.0,2019-03-13,HIGH,HEADER_EXPLICIT_DATE,39,False,DOC_0039,EXCLUIR,auto: academic_article de alta confianza,ACADEMIC_ARTICLE,False,auto: academic_article de alta confianza
3.record_0 (876).txt,086023d879226368f23112ce8ea33b84,2d19333a2e26ff7b2ea42695b7f35649c927b8238f8a8886daca7deeaa67c492,47527,46561,7352,Consejo de Estado,HIGH,INSTITUTION_HEADER,Sentencia Contencioso Administrativa,,2019.0,9.0,2019-09-30,HIGH,HEADER_EXPLICIT_DATE,40,False,DOC_0040,INCLUIR,auto: marcador judicial de alta confianza + alta corte,JUDICIAL,True,
1.record_0 (275).txt,08cea81e7da5b8914e4126080cf064e4,42a409b6dd7eed8c47fce50d839e5876bcc3b727e2e9dc3a6c71a719fef37733,118940,116475,18690,Otras Entidades,LOW,FALLBACK,Providencia,,2015.0,5.0,2015-05-28,HIGH,HEADER_EXPLICIT_DATE,41,False,DOC_0041,EXCLUIR,auto: providencia judicial pero no es alta corte (Gate 0.3),JUDICIAL,False,auto: providencia judicial pero no es alta corte (Gate 0.3)
3.record_0 (838).txt,08e51e610f2290bedffbdec3e1cec8a4,6f810d82ec8aee199f0726fccbd271e894cb78b34913c596c6c2b44748f97bb6,45618,44658,7153,Otras Entidades,MEDIUM,INSTITUTION_HEADER,Providencia,,2015.0,11.0,2015-11-24,HIGH,HEADER_EXPLICIT_DATE,42,False,DOC_0042,EXCLUIR,auto: providencia judicial pero no es alta corte (Gate 0.3),JUDICIAL,False,auto: providencia judicial pero no es alta corte (Gate 0.3)
3.record_0 (153).txt,08f29c53404bd4a7b76ab848ecbb472d,aa6edaefd44f9e333fe19fcfafd7a104f9ae8eaf527bee744ee65211cefaeff6,8941,8756,1347,Otras Entidades,LOW,FALLBACK,Providencia,,2019.0,6.0,2019-06-17,HIGH,HEADER_EXPLICIT_DATE,43,False,DOC_0043,EXCLUIR,auto: providencia judicial pero no es alta corte (Gate 0.3),JUDICIAL,False,auto: providencia judicial pero no es alta corte (Gate 0.3)
1.record_0 (11).txt,095d66064bae0e223529adaea049f5a1,f6405b2b136a5f1e903fdc19d4f2e3a328506b26c6a3403af31869d3faeb7896,71469,70128,10699,Otras Entidades,LOW,FALLBACK,Providencia,,2014.0,,,MEDIUM,HEADER_FIRST_YEAR,44,False,DOC_0044,EXCLUIR,auto: academic_article de alta confianza,ACADEMIC_ARTICLE,False,auto: academic_article de alta confianza
2. record_0 (247).txt,098a04ac85a8642e6aa06279a5834dab,38abbad376c7205d848583020e7b0d22c3131f21fb9792000c27cf50a8ff6abf,99991,97735,15223,Corte Constitucional,MEDIUM,TEXT_MENTION_HEADER,Providencia,,2021.0,1.0,2021-01-14,HIGH,HEADER_EXPLICIT_DATE,45,False,DOC_0045,INCLUIR,auto: marcador judicial de alta confianza + alta corte,JUDICIAL,True,
3.record_0 (1217).txt,09ac590b783284f4be04cc09ae68b38a,e6a4be6a4c8b796a0dca054a822fe80900881d421b91b9b627ca79f6a75c2298,81864,80370,12332,Otras Entidades,MEDIUM,INSTITUTION_HEADER,Providencia,,2005.0,3.0,2005-03-14,HIGH,HEADER_EXPLICIT_DATE,46,False,DOC_0046,EXCLUIR,auto: academic_article de alta confianza,ACADEMIC_ARTICLE,False,auto: academic_article de alta confianza
2. record_0 (32).txt,09cd6a832310b301cb8f9594ae95b244,3c7a5f1f0f4b73d5ace577d832d9e98adfda7ed96281458e81c97018edbeaec9,19911,19521,2960,Otras Entidades,MEDIUM,INSTITUTION_HEADER,Providencia,,2011.0,,,MEDIUM,HEADER_FIRST_YEAR,47,False,DOC_0047,EXCLUIR,auto: academic_article de alta confianza,ACADEMIC_ARTICLE,False,auto: academic_article de alta confianza
3.record_0 (560).txt,09eca89c38986cfa5aef27852a81ffb6,d686c9b38ffb3feb8c90062c3b05ddd4378de026643b50cdef5b383d7b131b90,74767,73205,11738,Otras Entidades,MEDIUM,INSTITUTION_HEADER,Providencia,,2015.0,9.0,2015-09-09,HIGH,HEADER_EXPLICIT_DATE,48,False,DOC_0048,EXCLUIR,auto: providencia judicial pero no es alta corte (Gate 0.3),JUDICIAL,False,auto: providencia judicial pero no es alta corte (Gate 0.3)
3.record_0 (364).txt,0a47bb28bf35ebaf88d4d1d289736ef1,3697a147fb0c44b8efaa8e3f0035d68b362a38927dabc9926d8b3d12c6a9caa7,33481,32688,5282,Corte Suprema de Justicia,HIGH,INSTITUTION_HEADER,Sentencia Casación SP,SP-2442/2021,2021.0,5.0,2021-05-08,HIGH,SENTENCE_IDENTIFIER,49,False,DOC_0049,INCLUIR,auto: marcador judicial de alta confianza + alta corte,JUDICIAL,True,
3.record_0 (165).txt,0ade49a3736ddc15433df91e668e8022,5650d279937e09a55b787f502345c58d782fcaec1d4f98a52a015f758e874f02,56372,55218,8272,Corte Constitucional,MEDIUM,TEXT_MENTION_HEADER,Providencia,,2021.0,4.0,2021-04-11,HIGH,HEADER_EXPLICIT_DATE,50,False,DOC_0050,INCLUIR,auto: marcador judicial de alta confianza + alta corte,JUDICIAL,True,
3.record_0 (1161).txt,0b02cc9c41ccef47134b51e69fa50262,6cdb6cbf2d4ab163b065ad15df9f653a43456d797ace1251f29fd7746a87d293,154887,151639,23638,Corte Constitucional,HIGH,OFFICIAL_HEADER_NUMBER,Sentencia de Constitucionalidad,C-155/22,2022.0,9.0,2022-09-29,HIGH,SENTENCE_IDENTIFIER,51,False,DOC_0051,INCLUIR,auto: marcador judicial de alta confianza + alta corte,JUDICIAL,True,
3.record_0 (32).txt,0b07039d73168431248e8d510b5899b5,fa9c929728ec083954b14277b33e0b54a6e94b4ef1a46a60e39d88a9ac378172,7957,7767,1210,Otras Entidades,LOW,FALLBACK,Providencia,,2021.0,10.0,2021-10-27,HIGH,HEADER_EXPLICIT_DATE,52,False,DOC_0052,EXCLUIR,auto: providencia judicial pero no es alta corte (Gate 0.3),JUDICIAL,False,auto: providencia judicial pero no es alta corte (Gate 0.3)
1.record_0 (282).txt,0bbf0ab2070bef364a401aa1ed4ec118,92f74094045185c03f347b265e4a39a38413e18dec114358c82a93becedae2de,122754,120389,18839,Corte Constitucional,HIGH,OFFICIAL_HEADER_NUMBER,Sentencia de Unificación,SU-062/19,2019.0,7.0,2019-07-26,HIGH,SENTENCE_IDENTIFIER,53,False,DOC_0053,INCLUIR,auto: marcador judicial de alta confianza + alta corte,JUDICIAL,True,
3.record_0 (72).txt,0bd2771c774025fd94b8279408e33a33,63607e78c7e7f4dcf76f96bc553ef964a2659051e7d54b7a0acdd43723e8abda,9043,8821,1372,Corte Suprema de Justicia,HIGH,INSTITUTION_HEADER,Sentencia Casación,Rad-11001,2020.0,,,MEDIUM,HEADER_FIRST_YEAR,54,False,DOC_0054,INCLUIR,auto: marcador judicial de alta confianza + alta corte,JUDICIAL,True,
2. record_0 (206).txt,0bea133eda0d16e7229ffcd07751c1a5,8c9d9580c563df0d7901763d67075df55ba8fac57f1b866c75589ddfe5028b2e,14509,14202,2085,Otras Entidades,LOW,FALLBACK,Providencia,,2000.0,,,MEDIUM,HEADER_FIRST_YEAR,55,False,DOC_0055,EXCLUIR,auto: academic_article de alta confianza,ACADEMIC_ARTICLE,False,auto: academic_article de alta confianza
6.record_0 (23).txt,0c0c30e9c1971e5433b0d2a83f896ca3,85fba3943fb72edea82012788a2394c6f5270f30e60589aff725baaebf8b0847,12015,11775,1771,Otras Entidades,LOW,FALLBACK,Providencia,,2019.0,2.0,2019-02-04,HIGH,HEADER_EXPLICIT_DATE,56,False,DOC_0056,EXCLUIR,auto: providencia judicial pero no es alta corte (Gate 0.3),JUDICIAL,False,auto: providencia judicial pero no es alta corte (Gate 0.3)
1.record_0 (110).txt,0c6c8b2515098eafb443c5fca577e950,19092e01b904df9b43917272a72aa96432f8be4b2fa7f7458dd6a7833f7a9941,34026,33183,5013,Otras Entidades,MEDIUM,INSTITUTION_HEADER,Providencia,,2018.0,,,MEDIUM,HEADER_FIRST_YEAR,57,False,DOC_0057,EXCLUIR,auto: law_or_decree_text de alta confianza,LAW_OR_DECREE_TEXT,False,auto: law_or_decree_text de alta confianza
3.record_0 (871).txt,0c7a9f26bbce111fe612775c6ad38b57,7ecf344fd2745cece1a487f386c094cfffa2c3b7fe413990846b729f3cdbaf96,45329,44501,6963,Otras Entidades,MEDIUM,INSTITUTION_HEADER,Providencia,,2014.0,6.0,2014-06-03,HIGH,HEADER_EXPLICIT_DATE,58,False,DOC_0058,EXCLUIR,auto: providencia judicial pero no es alta corte (Gate 0.3),JUDICIAL,False,auto: providencia judicial pero no es alta corte (Gate 0.3)
3.record_0 (1471).txt,0c83e249a4142b83cdf6b0c6756e7832,421ef6b98399e4b962cb9aadcea2f00435fba07c6c828b2b128cf81bff2afd9b,140851,137707,21902,Corte Constitucional,HIGH,OFFICIAL_HEADER_NUMBER,Sentencia de Constitucionalidad,C-154/22,2022.0,8.0,2022-08-09,HIGH,SENTENCE_IDENTIFIER,59,False,DOC_0059,INCLUIR,auto: marcador judicial de alta confianza + alta corte,JUDICIAL,True,
2. record_0 (218).txt,0cb323438d1f1ada2da00f4b2361a5d0,8fd5f9e2e19ad973571021437b6ddd4f1188aac59a73c69fffdeb0b44d48d7d5,135111,132565,21208,Otras Entidades,MEDIUM,INSTITUTION_HEADER,Providencia,,2017.0,3.0,2017-03-13,HIGH,HEADER_EXPLICIT_DATE,60,False,DOC_0060,EXCLUIR,auto: providencia judicial pero no es alta corte (Gate 0.3),JUDICIAL,False,auto: providencia judicial pero no es alta corte (Gate 0.3)
2. record_0 (482).txt,0cc8319825799fc52050bf255ed9adb2,4ba17b71190549aaa2de969c0827efd402c6e5cf141b492f6f3d3ba5929fef4d,354177,347524,53524,Corte Constitucional,HIGH,OFFICIAL_HEADER_NUMBER,Sentencia de Tutela,T-425/22,2022.0,10.0,2022-10-25,HIGH,SENTENCE_IDENTIFIER,61,False,DOC_0061,INCLUIR,auto: marcador judicial de alta confianza + alta corte,JUDICIAL,True,
2. record_0 (671).txt,0d26fa86df8b86580d62324e025e4e74,38ba127e6a9daf14088077ba6c3b71c848546b2ddabab110aa5f49338b29dc70,93836,92063,14781,Otras Entidades,LOW,FALLBACK,Providencia,,2014.0,2.0,2014-02-28,HIGH,HEADER_EXPLICIT_DATE,62,False,DOC_0062,EXCLUIR,auto: providencia judicial pero no es alta corte (Gate 0.3),JUDICIAL,False,auto: providencia judicial pero no es alta corte (Gate 0.3)
3.record_0 (244).txt,0dd14f57644a849b73b9483982c424b4,20ba6df73ee26807abc0c731d7b7ed72408115c1b3132da783533b6d7d2a1207,12255,11951,1921,Otras Entidades,LOW,FALLBACK,Providencia,,2017.0,11.0,2017-11-29,HIGH,HEADER_EXPLICIT_DATE,63,False,DOC_0063,EXCLUIR,auto: providencia judicial pero no es alta corte (Gate 0.3),JUDICIAL,False,auto: providencia judicial pero no es alta corte (Gate 0.3)
3.record_0 (528).txt,0e015eeb00dc6947c52b4256105c9c79,2c0c8974b4e6cbc34a493536c852ba84bf8112a98884536ae90e23a12a6f6896,22211,21769,3475,Otras Entidades,LOW,FALLBACK,Providencia,,2022.0,6.0,2022-06-15,HIGH,HEADER_EXPLICIT_DATE,64,False,DOC_0064,EXCLUIR,auto: providencia judicial pero no es alta corte (Gate 0.3),JUDICIAL,False,auto: providencia judicial pero no es alta corte (Gate 0.3)
3.record_0 (849).txt,0e20c5ff332398593e60beb84997c66d,24de90b6e4e88dec78a842c1e6e0440e379735ebea3d0dff2e28b7add06be314,123160,120899,19284,Corte Constitucional,HIGH,OFFICIAL_HEADER_NUMBER,Sentencia de Tutela,T-283/20,2020.0,9.0,2020-09-12,HIGH,SENTENCE_IDENTIFIER,65,False,DOC_0065,INCLUIR,auto: marcador judicial de alta confianza + alta corte,JUDICIAL,True,
3.record_0 (1930).txt,0e390724d5457e75999597b0108b0d3e,88bd322032d6cb9be838eee0d9518cff4cc9c09286596cca857424d995dcc9ae,447758,437351,67446,Corte Constitucional,HIGH,OFFICIAL_HEADER_NUMBER,Sentencia de Constitucionalidad,C-406/22,2022.0,6.0,2022-06-06,HIGH,SENTENCE_IDENTIFIER,66,False,DOC_0066,INCLUIR,auto: marcador judicial de alta confianza + alta corte,JUDICIAL,True,
3.record_0 (737).txt,0ebd2d66d2fa2c8825e91fd009bbcd9c,efd9acd86ebe119fb4c22953d17b172e990d1cd7074de25a3bfce9673061cec0,35749,34909,5816,Otras Entidades,LOW,FALLBACK,Providencia,,2021.0,4.0,2021-04-09,HIGH,HEADER_EXPLICIT_DATE,67,False,DOC_0067,EXCLUIR,auto: providencia judicial pero no es alta corte (Gate 0.3),JUDICIAL,False,auto: providencia judicial pero no es alta corte (Gate 0.3)
2. record_0 (366).txt,0ed8cb082c606bf63f902ac8e608bfa8,38631544244e3a63958615053afbffaee04534e620a14f3ab33eaa7c31d9fb9e,188808,185492,29163,Corte Constitucional,HIGH,OFFICIAL_HEADER_NUMBER,Sentencia de Tutela,T-241/16,2016.0,9.0,2016-09-29,HIGH,SENTENCE_IDENTIFIER,68,False,DOC_0068,INCLUIR,auto: marcador judicial de alta confianza + alta corte,JUDICIAL,True,
3.record_0 (705).txt,0f14a69ef8b480fd024f66e81a7fe79d,72fc8d7d34e517f4bccfa369cb1ad005a87e4a60c2ef1f26768138a833d4394b,35485,34729,5722,Otras Entidades,LOW,FALLBACK,Providencia,,2020.0,5.0,2020-05-28,HIGH,HEADER_EXPLICIT_DATE,69,False,DOC_0069,EXCLUIR,auto: providencia judicial pero no es alta corte (Gate 0.3),JUDICIAL,False,auto: providencia judicial pero no es alta corte (Gate 0.3)
1.record_0 (384).txt,0fb3d183229c4ae110f1d8abe8e6c42e,38abebfbcabadcbf04ebe0e9c2c5ba65ccf8f9f0f56b7fc405b5b24f86ba48e0,664854,649705,101715,Otras Entidades,LOW,FALLBACK,Providencia,,2009.0,11.0,2009-11-16,HIGH,HEADER_EXPLICIT_DATE,70,False,DOC_0070,EXCLUIR,auto: providencia judicial pero no es alta corte (Gate 0.3),JUDICIAL,False,auto: providencia judicial pero no es alta corte (Gate 0.3)
1.record_0 (150).txt,0fe40d8913c7207bc9ccea06ceb3eb02,734435324b9fbe075fe74d1e2ac56e5d077a5a11749b8cdb8c0460595a929b80,50558,49568,7935,Corte Constitucional,HIGH,OFFICIAL_HEADER_NUMBER,Sentencia de Constitucionalidad,C-335/21,2021.0,,,HIGH,SENTENCE_IDENTIFIER,71,False,DOC_0071,INCLUIR,auto: marcador judicial de alta confianza + alta corte,JUDICIAL,True,
3.record_0 (812).txt,101ee7784991ffba8353db6084bbef91,41a63d8f2e067be3cd06e175c84645888ef41b416b2761037c560f49b7ac1445,86726,84812,13265,Corte Constitucional,HIGH,OFFICIAL_HEADER_NUMBER,Sentencia de Constitucionalidad,C-154/22,2022.0,,,HIGH,SENTENCE_IDENTIFIER,72,False,DOC_0072,INCLUIR,auto: marcador judicial de alta confianza + alta corte,JUDICIAL,True,
3.record_0 (1020).txt,10425ae1240653f49eefc447666e2cfb,80fcc4568461726efe4cba901c5f9506a85b6cdb1411b5d8cbf4f904c252d055,60987,59818,9055,Otras Entidades,MEDIUM,INSTITUTION_HEADER,Providencia,,2013.0,7.0,2013-07-15,HIGH,HEADER_EXPLICIT_DATE,73,False,DOC_0073,EXCLUIR,auto: law_or_decree_text de alta confianza,LAW_OR_DECREE_TEXT,False,auto: law_or_decree_text de alta confianza
1.record_0 (219).txt,1067dfd179efdfdc61d8f855193f6b60,16f78002d55fb6a2e6bddad626d0d55c1f13936c2a153b5bf488ff08105b3dba,83406,81407,12309,Otras Entidades,LOW,FALLBACK,Providencia,,2015.0,,,MEDIUM,HEADER_FIRST_YEAR,74,False,DOC_0074,EXCLUIR,auto: academic_article de alta confianza,ACADEMIC_ARTICLE,False,auto: academic_article de alta confianza
2. record_0 (806).txt,106fd800e47aae587b2c3961d5ff79eb,c0521ec89149bfc0fa71ed63a8b86054e57ac13319ee8047410321b0208f6900,122830,120252,18869,Otras Entidades,LOW,FALLBACK,Providencia,,2020.0,11.0,2020-11-25,HIGH,HEADER_EXPLICIT_DATE,75,False,DOC_0075,EXCLUIR,auto: providencia judicial pero no es alta corte (Gate 0.3),JUDICIAL,False,auto: providencia judicial pero no es alta corte (Gate 0.3)
2. record_0 (186).txt,10d319958cd2b4c4235474c3fc12562a,2b5968427d15bb20ef3bcb56e89a22d77a29ae48e7fdaaf499e2b815879cb6d3,117242,115030,18474,Corte Constitucional,MEDIUM,TEXT_MENTION_HEADER,Providencia,,2021.0,10.0,2021-10-25,HIGH,HEADER_EXPLICIT_DATE,76,False,DOC_0076,INCLUIR,auto: marcador judicial de alta confianza + alta corte,JUDICIAL,True,
1.record_0 (507).txt,1154ecea3dbd89d7eac3ad317cb65236,f45d1cc62870b1f364ef05ef1213794277f90360ccf15648bb93693d15da28cc,565682,552952,87498,Otras Entidades,MEDIUM,INSTITUTION_HEADER,Providencia,,2015.0,11.0,2015-11-19,HIGH,HEADER_EXPLICIT_DATE,77,False,DOC_0077,EXCLUIR,auto: providencia judicial pero no es alta corte (Gate 0.3),JUDICIAL,False,auto: providencia judicial pero no es alta corte (Gate 0.3)
5. (61).txt,1190b6d741a5a1c7526f3860da122398,be5904873d9412ee9d37fd61105278a1271423477afebfb19a7f3694114a4882,258927,253494,39553,Corte Constitucional,MEDIUM,TEXT_MENTION_HEADER,Providencia,,2022.0,9.0,2022-09-06,HIGH,HEADER_EXPLICIT_DATE,78,False,DOC_0078,INCLUIR,auto: marcador judicial de alta confianza + alta corte,JUDICIAL,True,
3.record_0 (1256).txt,11bcc0c444e4410b0b41e8224d0ea920,56aba446e902d494a602605bb9a086d862f5e48288f82cd22efbfd52039a9d31,88680,86853,13565,Corte Constitucional,MEDIUM,TEXT_MENTION_HEADER,Providencia,,2022.0,8.0,2022-08-02,HIGH,HEADER_EXPLICIT_DATE,79,False,DOC_0079,INCLUIR,auto: marcador judicial de alta confianza + alta corte,JUDICIAL,True,
2. record_0 (547).txt,11c486ed48bb25f73a92b07a0609563c,de348c0ae1d42f7b243ce409ab314b6148d3230e8300504c1437fcf1b6f6178f,66483,65070,10625,Otras Entidades,MEDIUM,INSTITUTION_HEADER,Providencia,,2018.0,11.0,2018-11-06,HIGH,HEADER_EXPLICIT_DATE,80,False,DOC_0080,EXCLUIR,auto: providencia judicial pero no es alta corte (Gate 0.3),JUDICIAL,False,auto: providencia judicial pero no es alta corte (Gate 0.3)
3.record_0 (150).txt,1241adeb54c2117dec3c39133460128a,22154d707b6d21ea2a34d42dc6d5509aeffa3b8eb7a5e422a6e3c56fb87384c4,10032,9816,1467,Otras Entidades,LOW,FALLBACK,Providencia,,2021.0,5.0,2021-05-13,HIGH,HEADER_EXPLICIT_DATE,81,False,DOC_0081,EXCLUIR,auto: providencia judicial pero no es alta corte (Gate 0.3),JUDICIAL,False,auto: providencia judicial pero no es alta corte (Gate 0.3)
3.record_0 (74).txt,125091834d0ef07eaaf50a23c79e8678,75a966ecca32407a106663e20204851a3681aaf14a008dafd780b1cdff633c42,15163,14882,2407,Corte Suprema de Justicia,HIGH,INSTITUTION_HEADER,Sentencia Casación STL,STL-12528/2016,2016.0,7.0,2016-07-19,HIGH,SENTENCE_IDENTIFIER,82,False,DOC_0082,INCLUIR,auto: marcador judicial de alta confianza + alta corte,JUDICIAL,True,
2. record_0 (149).txt,126ee1758f3d7bebf4620e2b44fa0a3d,a30a6263033ed3e8702d355900c66f100fa7eab7d7e6a352434fbaffa1384e41,66430,64808,10121,Otras Entidades,LOW,FALLBACK,Providencia,,2004.0,12.0,2004-12-24,HIGH,HEADER_EXPLICIT_DATE,83,False,DOC_0083,EXCLUIR,auto: providencia judicial pero no es alta corte (Gate 0.3),JUDICIAL,False,auto: providencia judicial pero no es alta corte (Gate 0.3)
1.record_0 (185).txt,1277920a090b1d133dc9ebace86e2f8e,79e406d78fd847d4daac0f61f013e40e501d5198f31193cbfc40bb793fbbf30c,57742,56730,8748,Corte Constitucional,MEDIUM,TEXT_MENTION_HEADER,Providencia,,2016.0,11.0,2016-11-24,HIGH,HEADER_EXPLICIT_DATE,84,False,DOC_0084,EXCLUIR,auto: law_or_decree_text de alta confianza,LAW_OR_DECREE_TEXT,False,auto: law_or_decree_text de alta confianza
1.record_0 (240).txt,12e97b5e2394f6a12d467efb63df51ba,9a305387cbb6bf12186e58baa6f1e2b708858855427d860521a3fe6f0e825626,97732,95915,15068,Consejo de Estado,HIGH,INSTITUTION_HEADER,Sentencia Contencioso Administrativa,,,,,LOW,NONE,85,False,DOC_0085,INCLUIR,auto: marcador judicial de alta confianza + alta corte,JUDICIAL,True,
3.record_0 (421).txt,12f2cc066fff7f993d7e5e4f9359d244,cb25323c91555704e0a4a29170b8dcb8733f37cc76e385ec5e50f1c205abe917,75957,74250,11838,Consejo de Estado,HIGH,INSTITUTION_HEADER,Sentencia Contencioso Administrativa,,2015.0,5.0,2015-05-28,HIGH,HEADER_EXPLICIT_DATE,86,False,DOC_0086,INCLUIR,auto: marcador judicial de alta confianza + alta corte,JUDICIAL,True,
1.record_0 (147).txt,12f8ae0e21d987948df3f892d34b20d6,a20385f464edf84264574cbff184616ee5e82ad00a9f137a5fa6473fbe3f13ec,43231,42270,6837,Otras Entidades,MEDIUM,INSTITUTION_HEADER,Providencia,,2023.0,2.0,2023-02-28,HIGH,HEADER_EXPLICIT_DATE,87,False,DOC_0087,EXCLUIR,auto: providencia judicial pero no es alta corte (Gate 0.3),JUDICIAL,False,auto: providencia judicial pero no es alta corte (Gate 0.3)
3.record_0 (1443).txt,130a8087e484a95efe4cbf698c757407,9b4b8996d39c226bb464defebab0d1a47da296b643a7be60c9821fdd9880df7d,437931,430485,66826,Corte Constitucional,HIGH,OFFICIAL_HEADER_NUMBER,Sentencia de Constitucionalidad,C-145/20,2020.0,3.0,2020-03-17,HIGH,SENTENCE_IDENTIFIER,88,False,DOC_0088,INCLUIR,auto: marcador judicial de alta confianza + alta corte,JUDICIAL,True,
2. record_0 (1041).txt,1354c760b8e775fd42954d15eca29804,9a22053e7a1f7898345186c526ccd5b0fdb2d66fa9cf1dd05d32980997f26f9b,214357,209876,32485,Corte Constitucional,HIGH,OFFICIAL_HEADER_NUMBER,Auto de Sala Plena/Seguimiento,Auto-266/09,2009.0,7.0,2009-07-10,HIGH,SENTENCE_IDENTIFIER,89,False,DOC_0089,INCLUIR,auto: marcador judicial de alta confianza + alta corte,JUDICIAL,True,
2. record_0 (635).txt,1388bfbf99e4a5d4b7e3eaf7b8920862,acf0faa29c8b844827957b54faafc05591133c51997989fa965633576dcdf19a,160314,156845,24823,Corte Constitucional,HIGH,OFFICIAL_HEADER_NUMBER,Sentencia de Tutela,T-198/22,2022.0,11.0,2022-11-14,HIGH,SENTENCE_IDENTIFIER,90,False,DOC_0090,INCLUIR,auto: marcador judicial de alta confianza + alta corte,JUDICIAL,True,
1.record_0 (36).txt,1396384d6e9bb4572ddc028f079925dd,82df619440d9f08e22895eb7e52678a8571eca6e52fd0162a4ec5cf7615e9963,23891,23371,3605,Otras Entidades,MEDIUM,INSTITUTION_HEADER,Providencia,,2015.0,5.0,2015-05-27,HIGH,HEADER_EXPLICIT_DATE,91,False,DOC_0091,EXCLUIR,auto: law_or_decree_text de alta confianza,LAW_OR_DECREE_TEXT,False,auto: law_or_decree_text de alta confianza
2. record_0 (667).txt,144387d7a5454805156f7ca5a1a16cde,2a1844fbffb16026e075015790e4fff9c510782a3542463f89306ddbf757c7d9,83156,81261,12554,Corte Constitucional,HIGH,OFFICIAL_HEADER_NUMBER,Auto de Sala Plena/Seguimiento,Auto-643/22,2022.0,11.0,2022-11-02,HIGH,SENTENCE_IDENTIFIER,92,False,DOC_0092,INCLUIR,auto: marcador judicial de alta confianza + alta corte,JUDICIAL,True,
3.record_0 (58).txt,145ab60640e765883b8ec5da5a8ad6db,1688753f29400178f425253d6a21595112a3489d00b37d40a5ca0a5813a8a8a7,16732,16456,2611,Otras Entidades,MEDIUM,INSTITUTION_HEADER,Providencia,,2024.0,1.0,2024-01-30,HIGH,HEADER_EXPLICIT_DATE,93,False,DOC_0093,EXCLUIR,auto: providencia judicial pero no es alta corte (Gate 0.3),JUDICIAL,False,auto: providencia judicial pero no es alta corte (Gate 0.3)
3.record_0 (1157).txt,14715f075406a723a3869a3a6e8a111e,8928fb8f5a030bf8156302b6879fd4e568c9da979abd650bca1a19f15b051d9a,145555,142711,22145,Corte Suprema de Justicia,HIGH,INSTITUTION_HEADER,Providencia,,2020.0,9.0,2020-09-22,HIGH,HEADER_EXPLICIT_DATE,94,False,DOC_0094,INCLUIR,auto: marcador judicial de alta confianza + alta corte,JUDICIAL,True,
2. record_0 (966).txt,14ab28c2566ed447d689eeaed9560211,3d790fdc019c9df03aa7bfabc2fc4aac9b24bfe3d014f28e9332475dd2087168,194205,190591,29225,Corte Constitucional,HIGH,OFFICIAL_HEADER_NUMBER,Sentencia de Constitucionalidad,C-293/19,2019.0,11.0,2019-11-22,HIGH,SENTENCE_IDENTIFIER,95,False,DOC_0095,INCLUIR,auto: marcador judicial de alta confianza + alta corte,JUDICIAL,True,
3.record_0 (910).txt,15578dde8d747783b4a086fc01082ea6,719c54d9f348895107b3fea45a00cfa57b0099864c38c234ab1994e52271a605,41893,41072,6918,Otras Entidades,MEDIUM,INSTITUTION_HEADER,Providencia,,2018.0,4.0,2018-04-27,HIGH,HEADER_EXPLICIT_DATE,96,False,DOC_0096,EXCLUIR,auto: providencia judicial pero no es alta corte (Gate 0.3),JUDICIAL,False,auto: providencia judicial pero no es alta corte (Gate 0.3)
1.record_0 (67).txt,156dfd21795dfcbafb09a463cb5fd688,48dd725bc3f903b26fe52c24213ec2a5864e277ac7781757714c33405f2d811e,20636,20126,3172,Otras Entidades,MEDIUM,INSTITUTION_HEADER,Providencia,,2023.0,10.0,2023-10-11,HIGH,HEADER_EXPLICIT_DATE,97,False,DOC_0097,EXCLUIR,auto: law_or_decree_text de alta confianza,LAW_OR_DECREE_TEXT,False,auto: law_or_decree_text de alta confianza
6.record_0 (14).txt,1592ab33ab29cc7c98bafd0a068e94d7,39f0398d39c5480303eb599c346ab3618bc39934a4539f5dcddbc16d60f3fcc6,7587,7424,1160,Otras Entidades,MEDIUM,INSTITUTION_HEADER,Providencia,,2021.0,,,MEDIUM,HEADER_FIRST_YEAR,98,False,DOC_0098,EXCLUIR,auto: law_or_decree_text de alta confianza,LAW_OR_DECREE_TEXT,False,auto: law_or_decree_text de alta confianza
2. record_0 (1104).txt,15b3e5e4ce1fee3848bb8e34313804ba,de4ded56517b9858cbf7b3e1c29f7ead0bcf923963407e0b5a8913d290aa49a3,204625,200736,31319,Corte Suprema de Justicia,HIGH,INSTITUTION_HEADER,Providencia,,2020.0,9.0,2020-09-22,HIGH,HEADER_EXPLICIT_DATE,99,False,DOC_0099,INCLUIR,auto: marcador judicial de alta confianza + alta corte,JUDICIAL,True,
1.record_0 (42).txt,15c9181eb98e4995f40cdc393de179ae,43df04c249819754fcc81f8a1018f807445136a7ddb32291b43e74865edabb71,12999,12746,1960,Corte Constitucional,HIGH,OFFICIAL_HEADER_NUMBER,Auto de Sala Plena/Seguimiento,Auto-083/22,2022.0,12.0,2022-12-15,HIGH,SENTENCE_IDENTIFIER,100,False,DOC_0100,INCLUIR,auto: marcador judicial de alta confianza + alta corte,JUDICIAL,True,
1.record_0 (164).txt,163923fa59808ec3b70375c9792f0334,2d155f2232299f7c681be350ad7499273b90f132457b4b1233d5b5e4c98204ee,50769,49753,7861,Corte Constitucional,MEDIUM,TEXT_MENTION_HEADER,Providencia,,1996.0,,,MEDIUM,HEADER_FIRST_YEAR,101,False,DOC_0101,EXCLUIR,auto: academic_article de alta confianza,ACADEMIC_ARTICLE,False,auto: academic_article de alta confianza
2. record_0 (108).txt,16d137c756d7b362c056289809f2b32a,c9f8d8a9a948bb7ea6f5d82a4fb65e316772fd5af6266ace33acf3be3a08fe83,7183,7036,1053,Corte Constitucional,MEDIUM,TEXT_MENTION_HEADER,Providencia,,2006.0,,,MEDIUM,HEADER_FIRST_YEAR,102,False,DOC_0102,EXCLUIR,auto: academic_article de alta confianza,ACADEMIC_ARTICLE,False,auto: academic_article de alta confianza
2. record_0 (830).txt,1701d8423be87a918cc5d899aa891908,b924542e2aa8eaa30976e26768fe438b96d20d6ef0fa85c471b1a881fe985d1a,135953,133227,21225,Corte Constitucional,HIGH,OFFICIAL_HEADER_NUMBER,Sentencia de Tutela,T-677/11,2011.0,3.0,2011-03-30,HIGH,SENTENCE_IDENTIFIER,103,False,DOC_0103,INCLUIR,auto: marcador judicial de alta confianza + alta corte,JUDICIAL,True,
2. record_0 (672).txt,170348c9a2b65eea7291999a1a142f93,94e6c77c4c0f9070d691a526fd6c6cdcf1fe6d58b332eb8cb6029cdbc0ddce2d,187402,183744,29377,Otras Entidades,MEDIUM,INSTITUTION_HEADER,Providencia,,2014.0,,,MEDIUM,HEADER_FIRST_YEAR,104,False,DOC_0104,EXCLUIR,auto: providencia judicial pero no es alta corte (Gate 0.3),JUDICIAL,False,auto: providencia judicial pero no es alta corte (Gate 0.3)
3.record_0 (1575).txt,17162777c2a837b73ea774a356cb6cbb,a23b602542cb47138986ac387964467f96bbf64f76bd71a04b66ed02f06a0470,243961,239253,37317,Corte Constitucional,HIGH,OFFICIAL_HEADER_NUMBER,Sentencia de Constitucionalidad,C-848/14,2014.0,,,HIGH,SENTENCE_IDENTIFIER,105,False,DOC_0105,INCLUIR,auto: marcador judicial de alta confianza + alta corte,JUDICIAL,True,
3.record_0 (145).txt,173496b1be4d305b400f88b30c55f0c0,472550f3af2d062e7a7ce6ad8acec25ce5063528c4f8f848af7ee71536073df3,11574,11391,1787,Otras Entidades,LOW,FALLBACK,Providencia,,2020.0,4.0,2020-04-28,HIGH,HEADER_EXPLICIT_DATE,106,False,DOC_0106,EXCLUIR,auto: providencia judicial pero no es alta corte (Gate 0.3),JUDICIAL,False,auto: providencia judicial pero no es alta corte (Gate 0.3)
2. record_0 (745).txt,178145a02bd26bbd86ae74a625b0a0ad,a1362890ef0560309cd48fdc989c38ed4bd860e0da1d4a89696f5871e2276335,100439,97727,15591,Otras Entidades,MEDIUM,INSTITUTION_HEADER,Providencia,,2018.0,3.0,2018-03-07,HIGH,HEADER_EXPLICIT_DATE,107,False,DOC_0107,EXCLUIR,auto: providencia judicial pero no es alta corte (Gate 0.3),JUDICIAL,False,auto: providencia judicial pero no es alta corte (Gate 0.3)
2. record_0 (19).txt,183d7729a35ec6362a75b4c24c50505b,5e1ca9164dc2626be709bc84dc4db1fbb0fb6184dacf1318c4e5e374c9bf5dd5,1963,1896,278,Otras Entidades,LOW,FALLBACK,Providencia,,2010.0,,,MEDIUM,HEADER_FIRST_YEAR,108,False,DOC_0108,EXCLUIR,auto: law_or_decree_text de alta confianza,LAW_OR_DECREE_TEXT,False,auto: law_or_decree_text de alta confianza
3.record_0 (687).txt,1853e7d3884abd8096a4c904bc26f0a8,5141fc3a80adcbf213c47da3abd0c5ef2600b37ac4285390239d0b29e456b5b5,36289,35548,5532,Otras Entidades,LOW,FALLBACK,Providencia,,2020.0,7.0,2020-07-31,HIGH,HEADER_EXPLICIT_DATE,109,False,DOC_0109,EXCLUIR,auto: providencia judicial pero no es alta corte (Gate 0.3),JUDICIAL,False,auto: providencia judicial pero no es alta corte (Gate 0.3)
3.record_0 (540).txt,18754f455fb662a3137ea13154d8a49f,f1d830f72da20ee98ae3b5aef2ad1e963ae7f849740b0c07f6ccbb1cb58e1c2f,25791,25193,4109,Otras Entidades,MEDIUM,INSTITUTION_HEADER,Providencia,,2021.0,4.0,2021-04-15,HIGH,HEADER_EXPLICIT_DATE,110,False,DOC_0110,EXCLUIR,auto: providencia judicial pero no es alta corte (Gate 0.3),JUDICIAL,False,auto: providencia judicial pero no es alta corte (Gate 0.3)
3.record_0 (1855).txt,1890362c243d7bdf883a6cb92434c3c5,52374a93877ecbb823c2df0050c25136eca45f440b97b44211f1bb36c4f127a6,332207,325879,49790,Corte Constitucional,HIGH,OFFICIAL_HEADER_NUMBER,Auto de Sala Plena/Seguimiento,Auto-859/22,2022.0,,,HIGH,SENTENCE_IDENTIFIER,111,False,DOC_0111,INCLUIR,auto: marcador judicial de alta confianza + alta corte,JUDICIAL,True,
3.record_0 (300).txt,18efbde9317a0ed1ff597b563b2e80f4,90481f63b2b84be30d62e2b27765e08449fcbeaf472accf74928625dfb52c3c7,87149,85050,14595,Otras Entidades,MEDIUM,INSTITUTION_HEADER,Providencia,,2018.0,11.0,2018-11-01,HIGH,HEADER_EXPLICIT_DATE,112,False,DOC_0112,EXCLUIR,auto: providencia judicial pero no es alta corte (Gate 0.3),JUDICIAL,False,auto: providencia judicial pero no es alta corte (Gate 0.3)
2. record_0 (5).txt,199b79735c6f229bdefc1dbbbdd7c0b1,e11533bb3a878db7d0de88fe8edb22f84f4578149f286eb6895e74f509b60c0b,5174,5086,782,Otras Entidades,LOW,FALLBACK,Providencia,,2013.0,,,MEDIUM,HEADER_FIRST_YEAR,113,False,DOC_0113,EXCLUIR,auto: law_or_decree_text de alta confianza,LAW_OR_DECREE_TEXT,False,auto: law_or_decree_text de alta confianza
2. record_0 (172).txt,199f392d1f190e63dd9fd173719f3d8d,8fa1ca59be1f919bfb4565185563c59ad9a62f20babbaa7925aaf3bd98b63ea2,15641,15283,2440,Corte Constitucional,MEDIUM,TEXT_MENTION_HEADER,Providencia,,2005.0,2.0,2005-02-01,HIGH,HEADER_EXPLICIT_DATE,114,False,DOC_0114,EXCLUIR,auto: academic_article de alta confianza,ACADEMIC_ARTICLE,False,auto: academic_article de alta confianza
1.record_0 (204).txt,19e5edf67133ac2d79b1159e7c4bafab,9fd7afac06e1ec98f17ca7793c47c56cc516d30d7ed4e24ba9e21c03e8bd82f2,75764,74568,11693,Otras Entidades,LOW,FALLBACK,Providencia,,2016.0,9.0,2016-09-26,HIGH,HEADER_EXPLICIT_DATE,115,False,DOC_0115,EXCLUIR,auto: academic_article de alta confianza,ACADEMIC_ARTICLE,False,auto: academic_article de alta confianza
2. record_0 (536).txt,19ebbbbbf89d517514cc929768efdb8d,798e9df7a2e222dc4cef6dca60b11594a837b391c8a4757d8e63c467bbf22399,112273,110005,17010,Corte Constitucional,HIGH,OFFICIAL_HEADER_NUMBER,Sentencia de Tutela,T-016/22,2022.0,3.0,2022-03-12,HIGH,SENTENCE_IDENTIFIER,116,False,DOC_0116,INCLUIR,auto: marcador judicial de alta confianza + alta corte,JUDICIAL,True,
3.record_0 (326).txt,19ebf44104eeffda5ae0f96326a61fb4,aa24f20dfcefdecc4625f3231d7ad49583281140a6a9b06ca081987144f787e8,17901,17606,2711,Otras Entidades,MEDIUM,INSTITUTION_HEADER,Providencia,,2022.0,2.0,2022-02-25,HIGH,HEADER_EXPLICIT_DATE,117,False,DOC_0117,EXCLUIR,auto: providencia judicial pero no es alta corte (Gate 0.3),JUDICIAL,False,auto: providencia judicial pero no es alta corte (Gate 0.3)
3.record_0 (1284).txt,1a1c5cfa55edc92d89b1d4a8e694611f,6957ed41bde11ed993f4b18b2ca716ecb8fea75222a1404f233d2f997fa45a50,192815,187762,30493,Corte Constitucional,HIGH,OFFICIAL_HEADER_NUMBER,Sentencia de Tutela,T-174/22,2022.0,9.0,2022-09-22,HIGH,SENTENCE_IDENTIFIER,118,False,DOC_0118,INCLUIR,auto: marcador judicial de alta confianza + alta corte,JUDICIAL,True,
3.record_0 (781).txt,1a2d50e9ef3c9e07600b2ce9adcabde6,73583bdfd3169bf95044a3c0c3e9ca0e3b2c3a153654c981ae443d27571667d6,157414,154194,24736,Otras Entidades,MEDIUM,INSTITUTION_HEADER,Providencia,,,,,LOW,NONE,119,False,DOC_0119,EXCLUIR,auto: providencia judicial pero no es alta corte (Gate 0.3),JUDICIAL,False,auto: providencia judicial pero no es alta corte (Gate 0.3)
2. record_0 (1370).txt,1a7371b38ef6020274909a3f57e9cd30,7ea9b3fcf7046b77d6e7f1ad9bff2d47d64b25d87e58977d7fcf2b1b2ff1eb50,2842880,2786499,435455,Corte Constitucional,HIGH,OFFICIAL_HEADER_NUMBER,Sentencia de Constitucionalidad,C-080/18,2018.0,12.0,2018-12-18,HIGH,SENTENCE_IDENTIFIER,120,False,DOC_0120,INCLUIR,auto: marcador judicial de alta confianza + alta corte,JUDICIAL,True,
2. record_0 (774).txt,1a7d9ba28124c98a701c0bdd61cdf8cd,df04a85f4a6b18f208bab805cf3329f9f7ac53a52ce8dffc26aa3f3a7a6bfe61,245121,240389,35567,Otras Entidades,LOW,FALLBACK,Providencia,,2012.0,,,MEDIUM,HEADER_FIRST_YEAR,121,False,DOC_0121,EXCLUIR,auto: academic_article de alta confianza,ACADEMIC_ARTICLE,False,auto: academic_article de alta confianza
3.record_0 (1380).txt,1a90286c72b98b3f9a30e7d9143493a6,80eb2570af54afa30dcb80de28b8723f5a53e454be6f795aec812535a8136318,139109,135904,21606,Otras Entidades,LOW,FALLBACK,Providencia,,2014.0,9.0,2014-09-30,HIGH,HEADER_EXPLICIT_DATE,122,False,DOC_0122,EXCLUIR,auto: providencia judicial pero no es alta corte (Gate 0.3),JUDICIAL,False,auto: providencia judicial pero no es alta corte (Gate 0.3)
3.record_0 (226).txt,1ab3b4a74eac017334649ad75eecaddf,1814ac9dfd121e08282692140aa85573415319a87484ed40a9a8c1df1f406530,37539,36834,6000,Otras Entidades,LOW,FALLBACK,Providencia,,2000.0,10.0,2000-10-09,HIGH,HEADER_EXPLICIT_DATE,123,False,DOC_0123,EXCLUIR,auto: providencia judicial pero no es alta corte (Gate 0.3),JUDICIAL,False,auto: providencia judicial pero no es alta corte (Gate 0.3)
2. record_0 (492).txt,1ab40f7370c85e24a8e022e6f02375b7,879a24af4597d2c93d969d3aec8482b3668ca9ba5b85231b61076628cba1f537,57993,56707,8665,Corte Constitucional,HIGH,OFFICIAL_HEADER_NUMBER,Auto de Sala Plena/Seguimiento,Auto-1139/22,2022.0,11.0,2022-11-05,HIGH,SENTENCE_IDENTIFIER,124,False,DOC_0124,INCLUIR,auto: marcador judicial de alta confianza + alta corte,JUDICIAL,True,
2. record_0 (97).txt,1aba588e6665730ae231713c820e4873,db7a57ddff3027a0db17d59f98fea9b6b25a132e8a0489efa581e51b5af8a480,132157,129421,20256,Otras Entidades,MEDIUM,INSTITUTION_HEADER,Providencia,,2015.0,7.0,2015-07-04,HIGH,HEADER_EXPLICIT_DATE,125,False,DOC_0125,EXCLUIR,auto: providencia judicial pero no es alta corte (Gate 0.3),JUDICIAL,False,auto: providencia judicial pero no es alta corte (Gate 0.3)
6.record_0 (135).txt,1acafa1a56187a8a427fbd818d431659,dad327a2687e3ee7dc31d64b9e7de167973beb045fdd0b9d860aecffd5174d11,43013,42051,6364,Otras Entidades,LOW,FALLBACK,Providencia,,2019.0,6.0,2019-06-06,HIGH,HEADER_EXPLICIT_DATE,126,False,DOC_0126,EXCLUIR,auto: law_or_decree_text de alta confianza,LAW_OR_DECREE_TEXT,False,auto: law_or_decree_text de alta confianza
3.record_0 (891).txt,1ade893b35f6a48b969b717d3208425d,38beccf873205683c359103a92de7dc087cc8b3f6396d7e57c41820ec8db690e,115032,112729,17588,Corte Suprema de Justicia,HIGH,INSTITUTION_HEADER,Providencia,,2023.0,6.0,2023-06-28,HIGH,HEADER_EXPLICIT_DATE,127,False,DOC_0127,INCLUIR,auto: marcador judicial de alta confianza + alta corte,JUDICIAL,True,
3.record_0 (346).txt,1b368fe4c6416c360539850c0b1a2618,2b3a25c0089a818c5717690aeec80add87c260f20cc107c31a3bf5925f06d3a6,16427,16085,2545,Otras Entidades,LOW,FALLBACK,Providencia,,2022.0,8.0,2022-08-17,HIGH,HEADER_EXPLICIT_DATE,128,False,DOC_0128,EXCLUIR,auto: providencia judicial pero no es alta corte (Gate 0.3),JUDICIAL,False,auto: providencia judicial pero no es alta corte (Gate 0.3)
3.record_0 (1838).txt,1bf5632e55a8d33fdb173632be515bd8,57c868a452593ece85a2e9f7b9bdf544c0d0623054b1a69ca4dab75437844444,397187,389352,62056,Corte Constitucional,HIGH,OFFICIAL_HEADER_NUMBER,Sentencia de Tutela,T-404/21,2021.0,3.0,2021-03-29,HIGH,SENTENCE_IDENTIFIER,129,False,DOC_0129,INCLUIR,auto: marcador judicial de alta confianza + alta corte,JUDICIAL,True,
2. record_0 (1012).txt,1d2253cad5b309b36aea8841c627703a,b84bd38ac656eef076bde532ede62d70f8ce80ddf1ef5b86b46b04eeb1f1a569,174475,170639,26694,Corte Constitucional,HIGH,OFFICIAL_HEADER_NUMBER,Sentencia de Tutela,T-401/21,2021.0,10.0,2021-10-08,HIGH,SENTENCE_IDENTIFIER,130,False,DOC_0130,INCLUIR,auto: marcador judicial de alta confianza + alta corte,JUDICIAL,True,
1.record_0 (238).txt,1d392cabd4c9fd6cb86d03f5b63d8c28,c6e27005c1d43dd24263ae4854f24ad36ae0fde3b2e77e348a3c3a200d58380e,254413,249026,40769,Corte Constitucional,HIGH,OFFICIAL_HEADER_NUMBER,Sentencia de Tutela,T-033/20,2020.0,4.0,2020-04-21,HIGH,SENTENCE_IDENTIFIER,131,False,DOC_0131,INCLUIR,auto: marcador judicial de alta confianza + alta corte,JUDICIAL,True,
3.record_0 (948).txt,1d3bc507d16359d91deb478b4a91c137,24145108682758c455ee397d954e4bf1663af034b4c8d0726c8c47856b83c8dc,53755,52594,8361,Otras Entidades,MEDIUM,INSTITUTION_HEADER,Providencia,,2018.0,3.0,2018-03-21,HIGH,HEADER_EXPLICIT_DATE,132,False,DOC_0132,EXCLUIR,auto: providencia judicial pero no es alta corte (Gate 0.3),JUDICIAL,False,auto: providencia judicial pero no es alta corte (Gate 0.3)
4. (15).txt,1d4716dd22d9a155aecc7f007f479174,e4f704d1ffc62ebdb80fff4261f3cf135eb24d2a65973540e7d0a6162ceda022,44574,43843,6822,Otras Entidades,LOW,FALLBACK,Providencia,,2020.0,10.0,2020-10-10,HIGH,HEADER_EXPLICIT_DATE,133,False,DOC_0133,EXCLUIR,auto: academic_article de alta confianza,ACADEMIC_ARTICLE,False,auto: academic_article de alta confianza
3.record_0 (702).txt,1d5516d425dd8eaea5aa427d2244eb77,2ce02ff7cec21604f0c9c69cd84d6d552d54a0848a2cc1a0ba8f42c60067aa33,32504,31620,4907,Otras Entidades,LOW,FALLBACK,Providencia,,1981.0,6.0,1981-06-02,HIGH,HEADER_EXPLICIT_DATE,134,False,DOC_0134,EXCLUIR,auto: law_or_decree_text de alta confianza,LAW_OR_DECREE_TEXT,False,auto: law_or_decree_text de alta confianza
2. record_0 (702).txt,1e133dcab88ca1b6bab84425b57184a6,b85176812dcd9b5b7ce96e35c28009c7d52d847a37c2662e9fa615c03b308cb2,92401,90737,12894,Otras Entidades,LOW,FALLBACK,Providencia,,2009.0,,,MEDIUM,HEADER_FIRST_YEAR,135,False,DOC_0135,EXCLUIR,auto: academic_article de alta confianza,ACADEMIC_ARTICLE,False,auto: academic_article de alta confianza
6.record_0 (11).txt,1e27b8411bcaf5044a2746e9ea8a6e7d,0efe995084d7814965f2eff64e3ebe37a60174911aa76f9bd3044ba0e0077c2c,6620,6466,999,Otras Entidades,MEDIUM,INSTITUTION_HEADER,Providencia,,2014.0,1.0,2014-01-13,HIGH,HEADER_EXPLICIT_DATE,136,False,DOC_0136,EXCLUIR,auto: law_or_decree_text de alta confianza,LAW_OR_DECREE_TEXT,False,auto: law_or_decree_text de alta confianza
3.record_0 (735).txt,1e5b4113f69d385826e3ba8ab08f9020,9f375f84f84845d87cdb40f31584e632347401db2e9e49b0c552e5b7933b1e7f,37411,36628,5776,Corte Constitucional,HIGH,OFFICIAL_HEADER_NUMBER,Sentencia de Constitucionalidad,C-200/21,2021.0,,,HIGH,SENTENCE_IDENTIFIER,137,False,DOC_0137,INCLUIR,auto: marcador judicial de alta confianza + alta corte,JUDICIAL,True,
3.record_0 (1489).txt,1e77586ef3a1c3caae46311db1e38f45,4ba609dd0051676f9a1620dc306edb959e33e744b2339c1eba92ac31ab94ff1e,151307,148067,23309,Otras Entidades,LOW,FALLBACK,Providencia,,2017.0,6.0,2017-06-08,HIGH,HEADER_EXPLICIT_DATE,138,False,DOC_0138,EXCLUIR,auto: providencia judicial pero no es alta corte (Gate 0.3),JUDICIAL,False,auto: providencia judicial pero no es alta corte (Gate 0.3)
2. record_0 (968).txt,1ea091b00d724aec6225154c37167fe9,2eb13bf6e93e5f492fed7f32aa760fdf73cc5251aa03f360e9d72c65dec797b2,168041,164768,26693,Consejo de Estado,HIGH,INSTITUTION_HEADER,Sentencia Contencioso Administrativa,,2012.0,8.0,2012-08-15,HIGH,HEADER_EXPLICIT_DATE,139,False,DOC_0139,INCLUIR,auto: marcador judicial de alta confianza + alta corte,JUDICIAL,True,
3.record_0 (311).txt,1f1cfde09d9123841a68f30dd4e0e5f0,5e09394ba0294b32a64e257c7e4fc2b6ceca3c6a47ef4010d79813b511966f90,16617,16272,2575,Otras Entidades,LOW,FALLBACK,Providencia,,2022.0,11.0,2022-11-30,HIGH,HEADER_EXPLICIT_DATE,140,False,DOC_0140,EXCLUIR,auto: providencia judicial pero no es alta corte (Gate 0.3),JUDICIAL,False,auto: providencia judicial pero no es alta corte (Gate 0.3)
3.record_0 (275).txt,1f224d2c4564ede0e86a7663b5765e40,d9933e9a5fd7015df063398ac6e798ebd541a03bd0beb665005bf18b77c6dced,27603,27042,4365,Otras Entidades,MEDIUM,INSTITUTION_HEADER,Providencia,,2021.0,1.0,2021-01-22,HIGH,HEADER_EXPLICIT_DATE,141,False,DOC_0141,EXCLUIR,auto: providencia judicial pero no es alta corte (Gate 0.3),JUDICIAL,False,auto: providencia judicial pero no es alta corte (Gate 0.3)
1.record_0 (9).txt,1f61a23acf131e965920e3b85706ef27,7da1e9a32a6900a03fee127a9ac5eb66d41622d35bc54d874f438aeb9af90aa3,44758,43821,6576,Otras Entidades,LOW,FALLBACK,Providencia,,2013.0,4.0,2013-04-11,HIGH,HEADER_EXPLICIT_DATE,142,False,DOC_0142,EXCLUIR,auto: academic_article de alta confianza,ACADEMIC_ARTICLE,False,auto: academic_article de alta confianza
3.record_0 (312).txt,1f72072bfb2eb42def16188271af733b,4655d3eba6af74033aafca47e96da0af56d23ea04b328cda02ce301fd1a64fab,16012,15690,2496,Otras Entidades,LOW,FALLBACK,Providencia,,2022.0,5.0,2022-05-12,HIGH,HEADER_EXPLICIT_DATE,143,False,DOC_0143,EXCLUIR,auto: providencia judicial pero no es alta corte (Gate 0.3),JUDICIAL,False,auto: providencia judicial pero no es alta corte (Gate 0.3)
3.record_0 (1008).txt,1f98b51b10824ee5d9180ba23b5a8d68,f4487576e7af83a40a0d083e6501b831dc9c4993768300d1812c533a38e506a2,63743,62456,9680,Otras Entidades,MEDIUM,INSTITUTION_HEADER,Providencia,,2017.0,12.0,2017-12-18,HIGH,HEADER_EXPLICIT_DATE,144,False,DOC_0144,EXCLUIR,auto: providencia judicial pero no es alta corte (Gate 0.3),JUDICIAL,False,auto: providencia judicial pero no es alta corte (Gate 0.3)
2. record_0 (543).txt,1fc2718193f25a892fcdc5208361fa2b,0112b87afdf20859f853a7e759e960228856e13cbc861ac2ffc51b84d850ea06,56159,55206,8448,Corte Constitucional,MEDIUM,TEXT_MENTION_HEADER,Providencia,,2023.0,6.0,2023-06-23,HIGH,HEADER_EXPLICIT_DATE,145,False,DOC_0145,INCLUIR,auto: marcador judicial de alta confianza + alta corte,JUDICIAL,True,
3.record_0 (936).txt,1fce1a1acc2d0e3b08b7c0de441ad202,13b351819c1838da850f87f5f071768153096dafeade3b8efabe27346c605e90,55963,54846,8634,Otras Entidades,MEDIUM,INSTITUTION_HEADER,Providencia,,2014.0,11.0,2014-11-02,HIGH,HEADER_EXPLICIT_DATE,146,False,DOC_0146,EXCLUIR,auto: providencia judicial pero no es alta corte (Gate 0.3),JUDICIAL,False,auto: providencia judicial pero no es alta corte (Gate 0.3)
3.record_0 (795).txt,1fec248459bd8bcf3d103faf5ef0235f,5b19422461e40dd8647b5fe97d3fb6b99d392b5a3e0b5463fd6d9726c2c34806,85025,83477,12454,Corte Constitucional,MEDIUM,TEXT_MENTION_HEADER,Providencia,,2013.0,,,MEDIUM,HEADER_FIRST_YEAR,147,False,DOC_0147,INCLUIR,auto: marcador judicial de alta confianza + alta corte,JUDICIAL,True,
2. record_0 (509).txt,2025b135e2757099481be8e330b94be1,26348d4838368bcd65035053af213cf012216aabd37882611bd630a830fe4a9b,54004,52670,8778,Otras Entidades,LOW,FALLBACK,Providencia,,2019.0,11.0,2019-11-25,HIGH,HEADER_EXPLICIT_DATE,148,False,DOC_0148,EXCLUIR,auto: providencia judicial pero no es alta corte (Gate 0.3),JUDICIAL,False,auto: providencia judicial pero no es alta corte (Gate 0.3)
1.record_0 (472).txt,2042d997048e175a0e9b4b4d6eb13dbb,f5a79c74f6358d0a4b56a00162cb5297215253c5978eb0fccd2903b0541dc9af,815093,801268,122001,Corte Constitucional,HIGH,OFFICIAL_HEADER_NUMBER,Auto de Sala Plena/Seguimiento,Auto-092/08,2008.0,5.0,2008-05-10,HIGH,SENTENCE_IDENTIFIER,149,False,DOC_0149,INCLUIR,auto: marcador judicial de alta confianza + alta corte,JUDICIAL,True,
3.record_0 (1071).txt,209a3269e0746b70f33a9e9263c15515,477a903b3a856917c53417dea01a0d2f290f628e105b4e98f7c1b1adfc80fe9d,67169,65829,10765,Otras Entidades,MEDIUM,INSTITUTION_HEADER,Providencia,,2017.0,5.0,2017-05-10,HIGH,HEADER_EXPLICIT_DATE,150,False,DOC_0150,EXCLUIR,auto: providencia judicial pero no es alta corte (Gate 0.3),JUDICIAL,False,auto: providencia judicial pero no es alta corte (Gate 0.3)
2. record_0 (322).txt,20f63193769125ed0adb8dba293842a2,b124b0a347c9d61383d5b3d17ce4a233406cd51c376df211ba2a838ecbcd603d,33494,32922,5099,Consejo de Estado,HIGH,INSTITUTION_HEADER,Sentencia Contencioso Administrativa,,2013.0,10.0,2013-10-17,HIGH,HEADER_EXPLICIT_DATE,151,False,DOC_0151,INCLUIR,auto: marcador judicial de alta confianza + alta corte,JUDICIAL,True,
1.record_0 (343).txt,210f1cdd8b82bf3756df1647ca0852d8,937c35725975216089f59163fafa0489f154d9f255df6af0cbca759638d06e79,538998,528468,83636,Otras Entidades,LOW,FALLBACK,Providencia,,2018.0,9.0,2018-09-26,HIGH,HEADER_EXPLICIT_DATE,152,False,DOC_0152,EXCLUIR,auto: providencia judicial pero no es alta corte (Gate 0.3),JUDICIAL,False,auto: providencia judicial pero no es alta corte (Gate 0.3)
3.record_0 (449).txt,21361c6910c49421b65205cce2146293,b86f35dbc5792bc6adcc21cda6df7a4f3f19a368e92c5c640686f0ca25e04c19,58328,57073,8728,Otras Entidades,MEDIUM,INSTITUTION_HEADER,Providencia,,2023.0,,,MEDIUM,HEADER_FIRST_YEAR,153,False,DOC_0153,EXCLUIR,auto: law_or_decree_text de alta confianza,LAW_OR_DECREE_TEXT,False,auto: law_or_decree_text de alta confianza
1.record_0 (80).txt,2198e9cef173bf4935665214148bc99e,a10cdc3218061f8bc71932ce369aeb805e6abacba2759a7dacccc307da274807,49241,48179,7500,Otras Entidades,LOW,FALLBACK,Providencia,,2014.0,,,MEDIUM,HEADER_FIRST_YEAR,154,False,DOC_0154,EXCLUIR,auto: academic_article de alta confianza,ACADEMIC_ARTICLE,False,auto: academic_article de alta confianza
1.record_0 (18).txt,21bd35d0c638fd9275084fe32e6e1d0c,7ea101c3d4cb2cf3a36ae7b71408f4fef5cf2a8f8fb2e28d2c78f6daed6a6093,6723,6573,1051,Otras Entidades,LOW,FALLBACK,Providencia,,2020.0,9.0,2020-09-28,HIGH,HEADER_EXPLICIT_DATE,155,False,DOC_0155,EXCLUIR,auto: providencia judicial pero no es alta corte (Gate 0.3),JUDICIAL,False,auto: providencia judicial pero no es alta corte (Gate 0.3)
3.record_0 (851).txt,21c1d37fb54dd9f1218c2bff331e0c1a,ca4c9a0ba5bf65c6d060b00f46aa059f5cc3eb40eb3f15840649ee96e7d48d62,43156,42190,6697,Otras Entidades,MEDIUM,INSTITUTION_HEADER,Providencia,,2018.0,9.0,2018-09-17,HIGH,HEADER_EXPLICIT_DATE,156,False,DOC_0156,EXCLUIR,auto: providencia judicial pero no es alta corte (Gate 0.3),JUDICIAL,False,auto: providencia judicial pero no es alta corte (Gate 0.3)
3.record_0 (475).txt,21e8584c4a9550084bf89e912cd26192,364ef815dff10cdb8ffdbb9123cebc490a867ad053dccdf7039059d0c4d65250,22336,21822,3506,Otras Entidades,LOW,FALLBACK,Providencia,,2021.0,9.0,2021-09-10,HIGH,HEADER_EXPLICIT_DATE,157,False,DOC_0157,EXCLUIR,auto: providencia judicial pero no es alta corte (Gate 0.3),JUDICIAL,False,auto: providencia judicial pero no es alta corte (Gate 0.3)
1.record_0 (382).txt,220d6f2360664f93d809afffee6ac252,328eeeee620a206420c8e896a3e5701c4a43c41ff00e4cdea7c634455db1a8a0,192568,189635,30084,Corte Constitucional,HIGH,OFFICIAL_HEADER_NUMBER,Sentencia de Tutela,T-772/15,2015.0,,,HIGH,SENTENCE_IDENTIFIER,158,False,DOC_0158,INCLUIR,auto: marcador judicial de alta confianza + alta corte,JUDICIAL,True,
1.record_0 (337).txt,22107a9389ec114e48c194e86608b56b,1e8a6428c9595aa3caea5308bba2f49e08b48751b2c414e64cabd42f7b0a474f,154153,151169,24264,Corte Suprema de Justicia,HIGH,INSTITUTION_HEADER,Sentencia Casación,Rad-00532,2017.0,10.0,2017-10-25,HIGH,HEADER_EXPLICIT_DATE,159,False,DOC_0159,INCLUIR,auto: marcador judicial de alta confianza + alta corte,JUDICIAL,True,
2. record_0 (698).txt,22450de619a80e7e3e1aa0831b096552,0a37c7df4641de6535a876b09b4fa0e1a0efa486538d65b270092e58c750c653,101840,99632,16085,Otras Entidades,MEDIUM,INSTITUTION_HEADER,Providencia,,2019.0,4.0,2019-04-24,HIGH,HEADER_EXPLICIT_DATE,160,False,DOC_0160,EXCLUIR,auto: providencia judicial pero no es alta corte (Gate 0.3),JUDICIAL,False,auto: providencia judicial pero no es alta corte (Gate 0.3)
6.record_0 (191).txt,2275145ece8bb83f8b72fcf1aa96e4d9,ec704657d2a30f026e027f6337d7166c01101d3503550a1b5d5818a7006f5688,69040,67715,10251,Otras Entidades,MEDIUM,INSTITUTION_HEADER,Providencia,,2020.0,,,MEDIUM,HEADER_FIRST_YEAR,161,False,DOC_0161,EXCLUIR,auto: law_or_decree_text de alta confianza,LAW_OR_DECREE_TEXT,False,auto: law_or_decree_text de alta confianza
3.record_0 (354).txt,231b3a185aeb6f5efc6dc7ba6036bae7,62ba959e739b852ba64f52a9fe7430e95df0fd9eebb99815eb944a1e32d285a2,49090,48044,7296,Corte Constitucional,HIGH,OFFICIAL_HEADER_NUMBER,Auto de Sala Plena/Seguimiento,Auto-118/22,2022.0,4.0,2022-04-20,HIGH,SENTENCE_IDENTIFIER,162,False,DOC_0162,INCLUIR,auto: marcador judicial de alta confianza + alta corte,JUDICIAL,True,
2. record_0 (54).txt,232f19ecc7a6c2575afd756575019852,d4d82512c9e17f2ded52b9ade0eb48e3b18a25e1bc211e3716292ada97588aba,7429,7308,1228,Otras Entidades,LOW,FALLBACK,Providencia,,2023.0,5.0,2023-05-16,HIGH,HEADER_EXPLICIT_DATE,163,False,DOC_0163,EXCLUIR,auto: law_or_decree_text de alta confianza,LAW_OR_DECREE_TEXT,False,auto: law_or_decree_text de alta confianza
2. record_0 (233).txt,233837791f37888c2ceaa3a5d5f01b7a,b76a308a458b7ef66070f0ff7b803c87d492bee2613a24884424019955bc0a61,20907,20516,3199,Corte Constitucional,MEDIUM,TEXT_MENTION_HEADER,Providencia,,1994.0,6.0,1994-06-09,HIGH,HEADER_EXPLICIT_DATE,164,False,DOC_0164,INCLUIR,auto: marcador judicial de alta confianza + alta corte,JUDICIAL,True,
3.record_0 (926).txt,2349af3e313f776e45ffc24b6aab1dd1,2c42c49f1caf9dede7cebe6d2eac093fa8ac5f9f4592ff1f5aa769e2993d1b31,148914,145441,23115,Corte Constitucional,MEDIUM,TEXT_MENTION_HEADER,Providencia,,2021.0,10.0,2021-10-08,HIGH,HEADER_EXPLICIT_DATE,165,False,DOC_0165,INCLUIR,auto: marcador judicial de alta confianza + alta corte,JUDICIAL,True,
3.record_0 (1072).txt,236db37be602a0531ba0ad57f58b7b3f,ff8dfa339bde2dc53cecc586a810584c741a940bdd22efb39b71a2a1996ba9cf,68067,66853,10746,Consejo de Estado,HIGH,INSTITUTION_HEADER,Sentencia Contencioso Administrativa,,2004.0,,,MEDIUM,HEADER_FIRST_YEAR,166,False,DOC_0166,EXCLUIR,auto: law_or_decree_text de alta confianza,LAW_OR_DECREE_TEXT,False,auto: law_or_decree_text de alta confianza
3.record_0 (1876).txt,2398dc625f1c40cf0f838e9d016d389c,8b025b57659211cf8c561720083ad3d4bb0d187644e480a4f2cda9de508a2ef7,597096,586412,90735,Corte Constitucional,HIGH,OFFICIAL_HEADER_NUMBER,Auto de Sala Plena/Seguimiento,Auto-331/19,2019.0,,,HIGH,SENTENCE_IDENTIFIER,167,False,DOC_0167,INCLUIR,auto: marcador judicial de alta confianza + alta corte,JUDICIAL,True,
3.record_0 (1232).txt,24c0e225ce64b8ddc818d678a04043b9,fecd3fb4b7018325b900bf14ac97e2b584fc3a0ada6142eef9394df2933ec4d9,102039,99932,15399,Consejo de Estado,HIGH,INSTITUTION_HEADER,Sentencia Contencioso Administrativa,,2017.0,5.0,2017-05-13,HIGH,HEADER_EXPLICIT_DATE,168,False,DOC_0168,INCLUIR,auto: marcador judicial de alta confianza + alta corte,JUDICIAL,True,
6.record_0 (265).txt,24eb83eb115f58591fab61fb16b5ce49,9bd44b9fd0199d7c8f265789330a0ac3b6470b619e799c75e12dcbf8d8a33173,110228,108001,17475,Corte Constitucional,HIGH,OFFICIAL_HEADER_NUMBER,Sentencia de Constitucionalidad,C-047/20,2020.0,7.0,2020-07-15,HIGH,SENTENCE_IDENTIFIER,169,False,DOC_0169,INCLUIR,auto: marcador judicial de alta confianza + alta corte,JUDICIAL,True,
1.record_0 (313).txt,250a230d08b036b5816f2f8849cd6cf7,ce51ef9a18b01de67d008da910203abf92acdb20a5b24512282dc47e1bdf2b5e,170641,167452,25229,Corte Constitucional,HIGH,OFFICIAL_HEADER_NUMBER,Sentencia de Constitucionalidad,C-335/13,2013.0,,,HIGH,SENTENCE_IDENTIFIER,170,False,DOC_0170,INCLUIR,auto: marcador judicial de alta confianza + alta corte,JUDICIAL,True,
3.record_0 (1625).txt,256ddba397a1c81f2db28efc1f2ef2d1,6103bfa1872bd16cb9d454ea382b04690367bcfa3a21ac2f5f46c67dbafd2e5f,202687,198635,30515,Corte Constitucional,HIGH,OFFICIAL_HEADER_NUMBER,Sentencia de Unificación,SU-261/21,2021.0,1.0,2021-01-30,HIGH,SENTENCE_IDENTIFIER,171,False,DOC_0171,INCLUIR,auto: marcador judicial de alta confianza + alta corte,JUDICIAL,True,
3.record_0 (28).txt,25f04d65aa4bbbbd140e9bb71eb084a8,b2561d7d05df93a4ef4cdbb209a11924cb7213d6373c9cfe041ecf4377a7fe41,2244,2204,367,Corte Constitucional,MEDIUM,TEXT_MENTION_HEADER,Providencia,,2021.0,9.0,2021-09-02,HIGH,HEADER_EXPLICIT_DATE,172,False,DOC_0172,INCLUIR,auto: marcador judicial de alta confianza + alta corte,JUDICIAL,True,
2. record_0 (440).txt,25ff7f082c9dfb12f78982ac72c18218,95bc0881cd787ee3c56c6d93c8d587d7700fd535048d62ce72ec5c4e2d11a7f3,88108,86517,13092,Otras Entidades,LOW,FALLBACK,Providencia,,2019.0,,,MEDIUM,HEADER_FIRST_YEAR,173,False,DOC_0173,EXCLUIR,auto: academic_article de alta confianza,ACADEMIC_ARTICLE,False,auto: academic_article de alta confianza
3.record_0 (1361).txt,265cf6cfb9b3a80e2d9d0a4b4b8042bb,8a7410220f3cce3e11da9ff6e0532b3d522797be83b23798ec1be6c799de28cf,135297,132672,21537,Consejo de Estado,HIGH,INSTITUTION_HEADER,Sentencia Contencioso Administrativa,,2005.0,11.0,2005-11-15,HIGH,HEADER_EXPLICIT_DATE,174,False,DOC_0174,INCLUIR,auto: marcador judicial de alta confianza + alta corte,JUDICIAL,True,
2. record_0 (666).txt,26d7182bcd126d502b5bc2aac60c1933,4f1b05f0cd9a9f6d8d1658505de114e31af087919b99115c5881daafea9754b8,179552,175601,28536,Consejo de Estado,HIGH,INSTITUTION_HEADER,Sentencia Contencioso Administrativa,,2018.0,8.0,2018-08-15,HIGH,HEADER_EXPLICIT_DATE,175,False,DOC_0175,INCLUIR,auto: marcador judicial de alta confianza + alta corte,JUDICIAL,True,
1.record_0 (509).txt,26d8724ee981ba032ea86cf9e8e8f576,ee7fdfdd711b9b23838d350d92dded121955ef17f3b39954188abad53f57c015,551474,539947,86296,Otras Entidades,LOW,FALLBACK,Providencia,,2018.0,3.0,2018-03-08,HIGH,HEADER_EXPLICIT_DATE,176,False,DOC_0176,EXCLUIR,auto: providencia judicial pero no es alta corte (Gate 0.3),JUDICIAL,False,auto: providencia judicial pero no es alta corte (Gate 0.3)
2. record_0 (182).txt,274c61987612fa6a7fbb851c8b25976f,92e246f4fc68704f3713b335b07ee05c8db9c3a17b04190977869d2b065070a2,19718,19382,3090,Corte Constitucional,HIGH,OFFICIAL_HEADER_NUMBER,Sentencia de Constitucionalidad,C-222/22,2022.0,7.0,2022-07-24,HIGH,SENTENCE_IDENTIFIER,177,False,DOC_0177,INCLUIR,auto: marcador judicial de alta confianza + alta corte,JUDICIAL,True,
2. record_0 (295).txt,27634d2b42dc02a23f4e7717451d8424,9ce6d4a953c970f35c759fcc49452356c3784bdeaaf91ce8fd0f7de9b4a3f3e1,31880,31238,5105,Corte Suprema de Justicia,HIGH,INSTITUTION_HEADER,Sentencia Casación STL,STL-11149/2019,2019.0,7.0,2019-07-02,HIGH,SENTENCE_IDENTIFIER,178,False,DOC_0178,INCLUIR,auto: marcador judicial de alta confianza + alta corte,JUDICIAL,True,
2. record_0 (202).txt,27cac926dc810e5860033cdd187f49f0,bcc39c39b0837ce484567d07c322ca523e8882213121cba8f5315aeedae520de,22102,21646,3446,Otras Entidades,MEDIUM,INSTITUTION_HEADER,Providencia,,2015.0,11.0,2015-11-12,HIGH,HEADER_EXPLICIT_DATE,179,False,DOC_0179,EXCLUIR,auto: providencia judicial pero no es alta corte (Gate 0.3),JUDICIAL,False,auto: providencia judicial pero no es alta corte (Gate 0.3)
3.record_0 (160).txt,286f4956db6b50a5a7ff6f7afbde5b97,738c3aabb1f1dd2efe3b52928f2f0ff42bc214d7f2b73513e2e4fcd5eae98a1c,19896,19533,3195,Otras Entidades,LOW,FALLBACK,Providencia,,2011.0,,,MEDIUM,HEADER_FIRST_YEAR,180,False,DOC_0180,EXCLUIR,auto: academic_article de alta confianza,ACADEMIC_ARTICLE,False,auto: academic_article de alta confianza
2. record_0 (125).txt,29caa25a780c3a9e0f6942eaf2576075,43bf1207f111b8de9ef69c81d57253d4af91d60f807c5dd2b98af16d6f153c78,27098,26578,4129,Otras Entidades,MEDIUM,INSTITUTION_HEADER,Providencia,,2022.0,4.0,2022-04-26,HIGH,HEADER_EXPLICIT_DATE,181,False,DOC_0181,EXCLUIR,auto: providencia judicial pero no es alta corte (Gate 0.3),JUDICIAL,False,auto: providencia judicial pero no es alta corte (Gate 0.3)
3.record_0 (190).txt,2a6183b245408bfab68c395961c815ef,224a8798eef4c6522d4bbbcf5d522e009342172f9ff5f4e8baada3a46318e810,19542,19111,3114,Otras Entidades,MEDIUM,INSTITUTION_HEADER,Providencia,,2016.0,12.0,2016-12-19,HIGH,HEADER_EXPLICIT_DATE,182,False,DOC_0182,EXCLUIR,auto: providencia judicial pero no es alta corte (Gate 0.3),JUDICIAL,False,auto: providencia judicial pero no es alta corte (Gate 0.3)
1.record_0 (48).txt,2a7a822128059b900c4fcdcf0d71ddbb,9d260d9f6ea916db36b74cea9230ea66bbfcc428aacd5f6e35838c01be47b6fd,16318,15992,2504,Otras Entidades,MEDIUM,INSTITUTION_HEADER,Providencia,,2020.0,7.0,2020-07-17,HIGH,HEADER_EXPLICIT_DATE,183,False,DOC_0183,EXCLUIR,auto: providencia judicial pero no es alta corte (Gate 0.3),JUDICIAL,False,auto: providencia judicial pero no es alta corte (Gate 0.3)
3.record_0 (1840).txt,2af43f31dd8918d613547f07e2bfe26a,e6d5e867a6f2029b73adeb31f2851673732197d4fe68244122f9c26acd7b9a99,381195,373668,58790,Corte Constitucional,HIGH,OFFICIAL_HEADER_NUMBER,Sentencia de Unificación,SU-397/21,2021.0,3.0,2021-03-06,HIGH,SENTENCE_IDENTIFIER,184,False,DOC_0184,INCLUIR,auto: marcador judicial de alta confianza + alta corte,JUDICIAL,True,
1.record_0 (533).txt,2b0b5c94c7d173af68e75c0d24b21fc5,af7333870cbd38b4dfb691362a10c6ae1dd2ea41e76e932ae18969fff90e5d07,786939,765550,116504,Corte Constitucional,HIGH,OFFICIAL_HEADER_NUMBER,Sentencia de Tutela,T-242/22,2022.0,7.0,2022-07-31,HIGH,SENTENCE_IDENTIFIER,185,False,DOC_0185,INCLUIR,auto: marcador judicial de alta confianza + alta corte,JUDICIAL,True,
2. record_0 (426).txt,2b15d27286d88af667c1ce1a16eac164,f57b05e5b1e981a2f92e18255a1dec8727046aac7b4592c50fc3de9f3b3de19a,172379,168851,26419,Corte Constitucional,HIGH,OFFICIAL_HEADER_NUMBER,Sentencia de Tutela,T-430/22,2022.0,3.0,2022-03-10,HIGH,SENTENCE_IDENTIFIER,186,False,DOC_0186,INCLUIR,auto: marcador judicial de alta confianza + alta corte,JUDICIAL,True,
2. record_0 (967).txt,2bff56490f526256540b1286a5f1a94a,87a98acc5910dd9e7af821fb3720611dc2dcc5bcdfdc7b15275dcd8c376c401b,197679,194520,30287,Corte Constitucional,HIGH,OFFICIAL_HEADER_NUMBER,Sentencia de Tutela,T-283/13,2013.0,5.0,2013-05-15,HIGH,SENTENCE_IDENTIFIER,187,False,DOC_0187,INCLUIR,auto: marcador judicial de alta confianza + alta corte,JUDICIAL,True,
1.record_0 (383).txt,2c137ed7ae01c827d439448b8c81ef1d,9616b92c09b7718b2d56f06dc7dde815649b0c3f79129ab50976c27725aab96b,230775,225913,36078,Corte Suprema de Justicia,HIGH,INSTITUTION_HEADER,Sentencia Casación SP,SP-8854/2016,2016.0,2.0,2016-02-24,HIGH,SENTENCE_IDENTIFIER,188,False,DOC_0188,INCLUIR,auto: marcador judicial de alta confianza + alta corte,JUDICIAL,True,
4. (77).txt,2c6a8d37b6f4e8e14735ca11d2ea970e,ff797606d6e902e0a743098a6ca0491f71a02503fe1d79904db2f8ce25256bb4,203292,199513,30417,Corte Constitucional,MEDIUM,TEXT_MENTION_HEADER,Providencia,,2002.0,5.0,2002-05-05,HIGH,HEADER_EXPLICIT_DATE,189,False,DOC_0189,INCLUIR,auto: marcador judicial de alta confianza + alta corte,JUDICIAL,True,
2. record_0 (178).txt,2c9108c8e11329c9d635e69655c91628,0e8a56e11032de336472da563d124ac8733a8cf5a6ba1e0d7122560bc97316e8,20978,20499,3280,Otras Entidades,MEDIUM,INSTITUTION_HEADER,Providencia,,2013.0,8.0,2013-08-14,HIGH,HEADER_EXPLICIT_DATE,190,False,DOC_0190,EXCLUIR,auto: providencia judicial pero no es alta corte (Gate 0.3),JUDICIAL,False,auto: providencia judicial pero no es alta corte (Gate 0.3)
3.record_0 (752).txt,2c96bf5929fdc504b5d030aa515525c6,fa55d906484181c63eb0dff1b6a3527f55468890c17e0b6bc753cd9eeff5fad0,111395,109052,17511,Corte Constitucional,MEDIUM,TEXT_MENTION_HEADER,Providencia,,2022.0,8.0,2022-08-10,HIGH,HEADER_EXPLICIT_DATE,191,False,DOC_0191,INCLUIR,auto: marcador judicial de alta confianza + alta corte,JUDICIAL,True,
2. record_0 (443).txt,2d7585e1c6345b8fcb865e10f941ccc8,bac29508b2b2924cc512bc49f2e71200126d25b89d97544636699aa1daf72856,85632,83825,13088,Corte Constitucional,HIGH,OFFICIAL_HEADER_NUMBER,Sentencia de Tutela,T-022/22,2022.0,10.0,2022-10-21,HIGH,SENTENCE_IDENTIFIER,192,False,DOC_0192,INCLUIR,auto: marcador judicial de alta confianza + alta corte,JUDICIAL,True,
2. record_0 (576).txt,2db23e3aafd34e123f718685032e865c,06e966a71419fa739c1e401285a58605919478ebf37eafd920d6d1695607eb50,154057,151200,24560,Otras Entidades,MEDIUM,INSTITUTION_HEADER,Providencia,,2021.0,,,MEDIUM,HEADER_FIRST_YEAR,193,False,DOC_0193,EXCLUIR,auto: law_or_decree_text de alta confianza,LAW_OR_DECREE_TEXT,False,auto: law_or_decree_text de alta confianza
1.record_0 (202).txt,2df391b6c17aa1a6ca8c53b7fde1f7c8,21c6e18de12ffbd0dbdede60b96cbc011ed681ba0e5d2282a962180fb4233b37,140341,137390,21724,Corte Constitucional,HIGH,OFFICIAL_HEADER_NUMBER,Sentencia de Tutela,T-514/17,2017.0,11.0,2017-11-16,HIGH,SENTENCE_IDENTIFIER,194,False,DOC_0194,INCLUIR,auto: marcador judicial de alta confianza + alta corte,JUDICIAL,True,
2. record_0 (406).txt,2e33b33a4c9df79e425c2e9d3f8bd13d,64e955cd4fa3b8b5a15bf206d41bfde9ffc27106009a2326676ab5d003a1a998,42600,41690,6803,Otras Entidades,MEDIUM,INSTITUTION_HEADER,Providencia,,2018.0,9.0,2018-09-03,HIGH,HEADER_EXPLICIT_DATE,195,False,DOC_0195,EXCLUIR,auto: providencia judicial pero no es alta corte (Gate 0.3),JUDICIAL,False,auto: providencia judicial pero no es alta corte (Gate 0.3)
2. record_0 (1217).txt,2e6c98b20a5cae3ad4721efb1e210932,c81f414999def66bbcd07cfe841983c1af288379ca5728992d15e629fca7d99d,383878,375812,60596,Corte Constitucional,HIGH,OFFICIAL_HEADER_NUMBER,Sentencia de Tutela,T-629/10,2010.0,2.0,2010-02-09,HIGH,SENTENCE_IDENTIFIER,196,False,DOC_0196,INCLUIR,auto: marcador judicial de alta confianza + alta corte,JUDICIAL,True,
3.record_0 (152).txt,2e852d6956e8736f32486707bcbd6324,c061cc748fcc2f7978e6797ff119d0352b692af126e537432e858cf1a7077939,12379,12202,1971,Otras Entidades,LOW,FALLBACK,Providencia,,2022.0,,,MEDIUM,HEADER_FIRST_YEAR,197,False,DOC_0197,EXCLUIR,auto: law_or_decree_text de alta confianza,LAW_OR_DECREE_TEXT,False,auto: law_or_decree_text de alta confianza
3.record_0 (473).txt,2eff99a83d1778550097e04c578eeed3,6a86d4850cff7de1e7111086159d47fd194d4c1484c2c0374ecdb98cbbd553f5,23062,22617,3604,Otras Entidades,LOW,FALLBACK,Providencia,,2016.0,7.0,2016-07-14,HIGH,HEADER_EXPLICIT_DATE,198,False,DOC_0198,EXCLUIR,auto: providencia judicial pero no es alta corte (Gate 0.3),JUDICIAL,False,auto: providencia judicial pero no es alta corte (Gate 0.3)
3.record_0 (550).txt,2f1f6a6d3dbd844d7b0fab5a6451c960,ede446433cdefb204e76aeea916e37304329392a3d9b18409495a6bcc509c725,24289,23766,3790,Otras Entidades,MEDIUM,INSTITUTION_HEADER,Providencia,,2023.0,6.0,2023-06-08,HIGH,HEADER_EXPLICIT_DATE,199,False,DOC_0199,EXCLUIR,auto: providencia judicial pero no es alta corte (Gate 0.3),JUDICIAL,False,auto: providencia judicial pero no es alta corte (Gate 0.3)
3.record_0 (1404).txt,2f4f1ddd914292acb0dc8de47e618998,9e000f1b5c3227dead3fb6e7d5513ff4a08604f99ebef4f455144b1ce7c48e70,112987,110633,17937,Corte Suprema de Justicia,HIGH,INSTITUTION_HEADER,Providencia,,2022.0,7.0,2022-07-25,HIGH,HEADER_EXPLICIT_DATE,200,False,DOC_0200,INCLUIR,auto: marcador judicial de alta confianza + alta corte,JUDICIAL,True,
3.record_0 (1340).txt,2f59414be6aabc57bb1127fa8b9f5533,870df696b634255208a8ddb8721dfb5e86c6655be879b9cfacdbcc96c6ca95ae,112100,109956,16186,Otras Entidades,LOW,FALLBACK,Providencia,,2018.0,,,MEDIUM,HEADER_FIRST_YEAR,201,False,DOC_0201,EXCLUIR,auto: law_or_decree_text de alta confianza,LAW_OR_DECREE_TEXT,False,auto: law_or_decree_text de alta confianza
3.record_0 (125).txt,2fc0ac90441e4127ff425f4acb23e5b0,09ac3030f7fc94eb2926f3fc4e4593f82732fdce4a56e702bb5a5518df5ddf03,27457,26932,4275,Corte Suprema de Justicia,HIGH,INSTITUTION_HEADER,Sentencia Casación STL,STL-7640/2020,2020.0,7.0,2020-07-30,HIGH,SENTENCE_IDENTIFIER,202,False,DOC_0202,INCLUIR,auto: marcador judicial de alta confianza + alta corte,JUDICIAL,True,
3.record_0 (703).txt,302d22f0d36f58473415b681531d4837,c14f815e21a7557ddfb732d582fb88d4a9569972497a1299ba7a0b15847c68da,34484,33698,5475,Corte Constitucional,MEDIUM,TEXT_MENTION_HEADER,Providencia,,2023.0,12.0,2023-12-11,HIGH,HEADER_EXPLICIT_DATE,203,False,DOC_0203,INCLUIR,auto: marcador judicial de alta confianza + alta corte,JUDICIAL,True,
2. record_0 (318).txt,302e656a89322f491b1e5045dc51a5ec,08b864b99eac2edb03ea7794961935e7bbe634af59fbca10ed9f2a30daf56ee5,317230,310652,49646,Corte Suprema de Justicia,HIGH,INSTITUTION_HEADER,Providencia,,2021.0,3.0,2021-03-03,HIGH,HEADER_EXPLICIT_DATE,204,False,DOC_0204,INCLUIR,auto: marcador judicial de alta confianza + alta corte,JUDICIAL,True,
2. record_0 (216).txt,3095da73c4cad5686dd287280e98bc1c,1dfaf8db1ad0241e2d665aff322a7152ab790299f5f3a3ea3c6ba03aa1347657,22052,21515,3399,Otras Entidades,MEDIUM,INSTITUTION_HEADER,Providencia,,1969.0,11.0,1969-11-22,HIGH,HEADER_EXPLICIT_DATE,205,False,DOC_0205,EXCLUIR,auto: law_or_decree_text de alta confianza,LAW_OR_DECREE_TEXT,False,auto: law_or_decree_text de alta confianza
3.record_0 (780).txt,30fa816e657ffb5ab4b091967a55731b,29d68196f8458b29b2665ad71db7fe415e60e570c2f143020dfad91aad3d709c,38095,37255,5963,Otras Entidades,MEDIUM,INSTITUTION_HEADER,Providencia,,2019.0,8.0,2019-08-30,HIGH,HEADER_EXPLICIT_DATE,206,False,DOC_0206,EXCLUIR,auto: providencia judicial pero no es alta corte (Gate 0.3),JUDICIAL,False,auto: providencia judicial pero no es alta corte (Gate 0.3)
3.record_0 (539).txt,31389c6f94084531ee4c3204f0945cd5,389363bc9ef4553c367a8f542d078d0ac50bda4bf274310bdb9ca82460081ca8,24619,24118,3850,Otras Entidades,LOW,FALLBACK,Providencia,,2020.0,7.0,2020-07-15,HIGH,HEADER_EXPLICIT_DATE,207,False,DOC_0207,EXCLUIR,auto: providencia judicial pero no es alta corte (Gate 0.3),JUDICIAL,False,auto: providencia judicial pero no es alta corte (Gate 0.3)
3.record_0 (356).txt,3159c06be7efb2a25c8c54cb84de68f5,19eea7086d46c8d7672bd226ea93409a8bf6f4bc9986bbfcd28a2df2431de631,49394,48377,7375,Corte Constitucional,MEDIUM,TEXT_MENTION_HEADER,Providencia,,2022.0,7.0,2022-07-18,HIGH,HEADER_EXPLICIT_DATE,208,False,DOC_0208,INCLUIR,auto: marcador judicial de alta confianza + alta corte,JUDICIAL,True,
3.record_0 (322).txt,31d1bb358c57ea025d9414451c8270cf,2df63122249079e784d011f3304943bf47d2ee6b535e6d10c8e672d4c33c903c,19207,18676,2942,Otras Entidades,LOW,FALLBACK,Providencia,,2021.0,8.0,2021-08-02,HIGH,HEADER_EXPLICIT_DATE,209,False,DOC_0209,EXCLUIR,auto: providencia judicial pero no es alta corte (Gate 0.3),JUDICIAL,False,auto: providencia judicial pero no es alta corte (Gate 0.3)
3.record_0 (466).txt,31da7b41a26e34fdbdc6e4d6bc7debe6,26df6065f5d0a5a9d8409bc0f7262c55a71e18f9217b22578b07abee0c15ca7e,20414,19999,3185,Otras Entidades,MEDIUM,INSTITUTION_HEADER,Providencia,,2016.0,1.0,2016-01-09,HIGH,HEADER_EXPLICIT_DATE,210,False,DOC_0210,EXCLUIR,auto: providencia judicial pero no es alta corte (Gate 0.3),JUDICIAL,False,auto: providencia judicial pero no es alta corte (Gate 0.3)
3.record_0 (1026).txt,31e425d0b8c5289c5272b523cc823ff8,d63b3f138d55390d5af4135e45f4b3d9892a81c32557472f744bab5689075d27,66684,65273,9682,Otras Entidades,LOW,FALLBACK,Providencia,,2020.0,4.0,2020-04-28,HIGH,HEADER_EXPLICIT_DATE,211,False,DOC_0211,EXCLUIR,auto: academic_article de alta confianza,ACADEMIC_ARTICLE,False,auto: academic_article de alta confianza
1.record_0 (255).txt,32b7d78a9163f1b98d8ad3af28cd8222,778d9b38a1b213a9499c0ac3091ee97f596748fd002bf12f49f5281088515ff4,101206,98937,15353,Otras Entidades,LOW,FALLBACK,Providencia,,2019.0,6.0,2019-06-06,HIGH,HEADER_EXPLICIT_DATE,212,False,DOC_0212,EXCLUIR,auto: law_or_decree_text de alta confianza,LAW_OR_DECREE_TEXT,False,auto: law_or_decree_text de alta confianza
2. record_0 (31).txt,333e5a2e40623b0f6436c7ba83bc1c4b,397801b20f243e37ce33bc912f404acac8812cf5d857c1442d8cbea8965fe30d,81112,79206,12190,Otras Entidades,LOW,FALLBACK,Providencia,,2022.0,,,MEDIUM,HEADER_FIRST_YEAR,213,False,DOC_0213,EXCLUIR,auto: academic_article de alta confianza,ACADEMIC_ARTICLE,False,auto: academic_article de alta confianza
3.record_0 (1039).txt,3348294febc50fed4772e66009809aca,61f063de146196cc37d02e1b94d609b13fd00c241e8bc9b7931b8d6379314780,64594,63253,10097,Otras Entidades,LOW,FALLBACK,Providencia,,2017.0,8.0,2017-08-08,HIGH,HEADER_EXPLICIT_DATE,214,False,DOC_0214,EXCLUIR,auto: providencia judicial pero no es alta corte (Gate 0.3),JUDICIAL,False,auto: providencia judicial pero no es alta corte (Gate 0.3)
1.record_0 (386).txt,339a19c83255917ef1776368ec9a9959,4398fe358506b3317bdf50e841cbf1a0bc9c07647e2044bb59325828daf3884c,869577,853056,131033,Corte Constitucional,HIGH,OFFICIAL_HEADER_NUMBER,Sentencia de Tutela,T-025/04,2004.0,,,HIGH,SENTENCE_IDENTIFIER,215,False,DOC_0215,INCLUIR,auto: marcador judicial de alta confianza + alta corte,JUDICIAL,True,
3.record_0 (374).txt,344bfc6d0f8780b8c870fdeec6958991,853ec82d515d631c20b203b74521183b012ea690abab0d592e0b54be1b3a0391,77811,76127,11900,Corte Constitucional,HIGH,OFFICIAL_HEADER_NUMBER,Auto de Sala Plena/Seguimiento,Auto-122/22,2022.0,,,HIGH,SENTENCE_IDENTIFIER,216,False,DOC_0216,INCLUIR,auto: marcador judicial de alta confianza + alta corte,JUDICIAL,True,
3.record_0 (1116).txt,34d404db09eb909cce4734e9bb68eeee,ce93d597948e86fa68f36a1247625ada7e1eb1d0462e19539328c142eabf22d8,72298,70301,11941,Otras Entidades,MEDIUM,INSTITUTION_HEADER,Providencia,,2020.0,6.0,2020-06-18,HIGH,HEADER_EXPLICIT_DATE,217,False,DOC_0217,EXCLUIR,auto: providencia judicial pero no es alta corte (Gate 0.3),JUDICIAL,False,auto: providencia judicial pero no es alta corte (Gate 0.3)
2. record_0 (292).txt,35138ef2f33d09256172d51e8d845715,4b17f930a92dc23e2dc76bd823cd51fde1bc2c8dd6c79ffc59b0182715470e24,144116,141114,22738,Corte Constitucional,HIGH,OFFICIAL_HEADER_NUMBER,Sentencia de Tutela,T-316/20,2020.0,6.0,2020-06-12,HIGH,SENTENCE_IDENTIFIER,218,False,DOC_0218,INCLUIR,auto: marcador judicial de alta confianza + alta corte,JUDICIAL,True,
2. record_0 (1337).txt,35c302cfa82203632bc7e782597d1680,d7a064d93d65d17e54adf657037c70032c05e9cfee41c8211e529e2d5d3149d5,846936,832542,127711,Corte Constitucional,HIGH,OFFICIAL_HEADER_NUMBER,Sentencia de Constitucionalidad,C-255/20,2020.0,3.0,2020-03-17,HIGH,SENTENCE_IDENTIFIER,219,False,DOC_0219,INCLUIR,auto: marcador judicial de alta confianza + alta corte,JUDICIAL,True,
2. record_0 (25).txt,35d5f531bb9206f3700192db8cce6c0f,ff5f7e3c19eaf478cbae2d9fa04bddfbffa83d7e5b6ac9ee79f6bf11f6bd56f8,5575,5411,879,Otras Entidades,MEDIUM,INSTITUTION_HEADER,Providencia,,2022.0,5.0,2022-05-23,HIGH,HEADER_EXPLICIT_DATE,220,False,DOC_0220,EXCLUIR,auto: law_or_decree_text de alta confianza,LAW_OR_DECREE_TEXT,False,auto: law_or_decree_text de alta confianza
3.record_0 (73).txt,35fbb0c88ce3518d69a47b0a0c9dfb76,caac49872195ef4e85a36ba491cb9b86409cff8d34bf572a79ac0b373b4e89ae,8911,8708,1352,Otras Entidades,LOW,FALLBACK,Providencia,,2015.0,11.0,2015-11-10,HIGH,HEADER_EXPLICIT_DATE,221,False,DOC_0221,EXCLUIR,auto: providencia judicial pero no es alta corte (Gate 0.3),JUDICIAL,False,auto: providencia judicial pero no es alta corte (Gate 0.3)
1.record_0 (38).txt,3613f53e9fc11893b2e763f36820c5b7,6aa09cd5fb18fc7a365c72a481f33ef65d46045db23d8aef3fac56483c7cedf7,12574,12305,1552,Otras Entidades,LOW,FALLBACK,Providencia,,2013.0,,,MEDIUM,HEADER_FIRST_YEAR,222,False,DOC_0222,EXCLUIR,auto: academic_article de alta confianza,ACADEMIC_ARTICLE,False,auto: academic_article de alta confianza
3.record_0 (124).txt,369d8112fad4eff58bcd1207547367ea,94665f4a8009cf7f47ac886f48d3f4429a856b4ed6d9f20414f63285beb606e6,24548,24025,3751,Otras Entidades,MEDIUM,INSTITUTION_HEADER,Providencia,,2022.0,5.0,2022-05-31,HIGH,HEADER_EXPLICIT_DATE,223,False,DOC_0223,EXCLUIR,auto: providencia judicial pero no es alta corte (Gate 0.3),JUDICIAL,False,auto: providencia judicial pero no es alta corte (Gate 0.3)
1.record_0 (469).txt,36bb7b115eb0d71888dc236049f10aef,2f962743e22be5f49c5d88554d9b15e637a8a16de10bf54e55ff5a77c8510d90,425605,415885,65198,Otras Entidades,LOW,FALLBACK,Providencia,,2010.0,8.0,2010-08-31,HIGH,HEADER_EXPLICIT_DATE,224,False,DOC_0224,EXCLUIR,auto: providencia judicial pero no es alta corte (Gate 0.3),JUDICIAL,False,auto: providencia judicial pero no es alta corte (Gate 0.3)
3.record_0 (1890).txt,36bd6bdf55b21a219f07ffb99e992d00,0ed176c9d09c6515a20574796731bb0be043fb39cd22f41394aa62a309c70087,858490,840679,125766,Otras Entidades,MEDIUM,INSTITUTION_HEADER,Providencia,,2003.0,3.0,2003-03-20,HIGH,HEADER_EXPLICIT_DATE,225,False,DOC_0225,EXCLUIR,auto: law_or_decree_text de alta confianza,LAW_OR_DECREE_TEXT,False,auto: law_or_decree_text de alta confianza
3.record_0 (42).txt,36cab083003fd5ae23180cd8849cba5b,36028ee0ff33617b8780c2ca2cdad1eb9cd2a3357a8122c7ee7c1e369d080b1b,45274,44227,7132,Corte Suprema de Justicia,HIGH,INSTITUTION_HEADER,Providencia,,2023.0,4.0,2023-04-05,HIGH,HEADER_EXPLICIT_DATE,226,False,DOC_0226,INCLUIR,auto: marcador judicial de alta confianza + alta corte,JUDICIAL,True,
6.record_0 (24).txt,375bd984350d41c8f6604dfad9379bc1,a3656ac83d0af6ade4a4c036c37a8c5bd3701a7ebf0d806004edefb12ccbe4e2,20269,19823,3080,Consejo de Estado,HIGH,INSTITUTION_HEADER,Sentencia Contencioso Administrativa,,2019.0,11.0,2019-11-20,HIGH,HEADER_EXPLICIT_DATE,227,False,DOC_0227,INCLUIR,auto: marcador judicial de alta confianza + alta corte,JUDICIAL,True,
3.record_0 (27).txt,37879cee4a99239e394c63ae8490edaa,779c5047fa47b05ef7b372ffb5cf7406022ffea70b573112dbb195916ded7c56,1888,1856,296,Corte Constitucional,MEDIUM,TEXT_MENTION_HEADER,Providencia,,2020.0,,,MEDIUM,HEADER_FIRST_YEAR,228,False,DOC_0228,INCLUIR,auto: marcador judicial de alta confianza + alta corte,JUDICIAL,True,
6.record_0 (17).txt,379d1ce8a99616018987f230aada7238,a407ab4ed1c9ffbfbb42ecda37baa4c27fcfe08c8ce103d6cf0fb28068aa5007,7145,6933,1102,Otras Entidades,LOW,FALLBACK,Providencia,,2023.0,6.0,2023-06-06,HIGH,HEADER_EXPLICIT_DATE,229,False,DOC_0229,EXCLUIR,auto: law_or_decree_text de alta confianza,LAW_OR_DECREE_TEXT,False,auto: law_or_decree_text de alta confianza
3.record_0 (309).txt,37aa4cf6d3905e7d4714599c482de13a,482f2551909a613a33c6804193731f36b3aa11b3180562e0f2a60cb986377923,63496,62146,9587,Corte Constitucional,HIGH,OFFICIAL_HEADER_NUMBER,Auto de Sala Plena/Seguimiento,Auto-1481/22,2022.0,7.0,2022-07-26,HIGH,SENTENCE_IDENTIFIER,230,False,DOC_0230,INCLUIR,auto: marcador judicial de alta confianza + alta corte,JUDICIAL,True,
3.record_0 (81).txt,37b9ee6f972f2730555b897ae3b553d8,1eead23154669a763f78691c3f0e61c82be6988a3c9399e8a8892ab1788a678b,8021,7872,1224,Otras Entidades,LOW,FALLBACK,Providencia,,2023.0,2.0,2023-02-07,HIGH,HEADER_EXPLICIT_DATE,231,False,DOC_0231,EXCLUIR,auto: providencia judicial pero no es alta corte (Gate 0.3),JUDICIAL,False,auto: providencia judicial pero no es alta corte (Gate 0.3)
2. record_0 (831).txt,37dcef16cc64960466cc96423104a3b3,6c15509715e6cd66268d8e1a2fb9ac3159f6327f1536b31ea8f9c2c9d08ca629,123890,121257,19834,Corte Constitucional,MEDIUM,TEXT_MENTION_HEADER,Providencia,,2002.0,9.0,2002-09-09,HIGH,HEADER_EXPLICIT_DATE,232,False,DOC_0232,INCLUIR,auto: marcador judicial de alta confianza + alta corte,JUDICIAL,True,
3.record_0 (10).txt,37ea0ef350c49ab6208ba0395bc63e26,8bcd2a811de082dfc4ed86507a0c0f2cdfbbe497e158c37a1b35b2ba87e60d8e,46191,45422,7072,Consejo de Estado,HIGH,INSTITUTION_HEADER,Sentencia Contencioso Administrativa,,2020.0,5.0,2020-05-04,HIGH,HEADER_EXPLICIT_DATE,233,False,DOC_0233,INCLUIR,auto: marcador judicial de alta confianza + alta corte,JUDICIAL,True,
1.record_0 (74).txt,38b7f9161fecc515b21b83fcd59796f6,ce3afea0b8d0e01fdab24042f757ad3fd1be4e6736574be1fcffd36a09684b00,24003,23486,3687,Corte Suprema de Justicia,HIGH,INSTITUTION_HEADER,Sentencia Casación STC,STC-10547/2019,2019.0,6.0,2019-06-06,HIGH,SENTENCE_IDENTIFIER,234,False,DOC_0234,INCLUIR,auto: marcador judicial de alta confianza + alta corte,JUDICIAL,True,
3.record_0 (754).txt,395ea6d4edda4fe94059838381a4d817,b5fa2cf3c4fe0b9d0f8548413d294f04ec1142d3d4fac0a53aba9c646dce47be,73274,71640,11061,Corte Constitucional,MEDIUM,TEXT_MENTION_HEADER,Providencia,,2021.0,11.0,2021-11-30,HIGH,HEADER_EXPLICIT_DATE,235,False,DOC_0235,INCLUIR,auto: marcador judicial de alta confianza + alta corte,JUDICIAL,True,
1.record_0 (497).txt,398ee554d3f50ac906e2c67cf625188e,f535051cec4df4e73ca5d5c5c403651f3e81b2b6917ba0ce9c9094bca03c73de,315076,309209,47883,Corte Constitucional,HIGH,OFFICIAL_HEADER_NUMBER,Sentencia de Constitucionalidad,C-111/22,2022.0,7.0,2022-07-14,HIGH,SENTENCE_IDENTIFIER,236,False,DOC_0236,INCLUIR,auto: marcador judicial de alta confianza + alta corte,JUDICIAL,True,
3.record_0 (1019).txt,3ad37dbdd397dbf17b1a573dde082704,01c97f410ee936ae74667c1f2ee86a11d3eb37c360d26b9bc4ff1f1506d6bfe2,59970,58565,8854,Corte Constitucional,MEDIUM,TEXT_MENTION_HEADER,Providencia,,2010.0,5.0,2010-05-11,HIGH,HEADER_EXPLICIT_DATE,237,False,DOC_0237,INCLUIR,auto: marcador judicial de alta confianza + alta corte,JUDICIAL,True,
2. record_0 (1).txt,3ae8d5c10450921bf3bc3cb9cbd646ea,1ea1508d5da1280b25b9b8870d9ba6070583299296818d34d637a7dd9f0da352,7596,7409,1124,Otras Entidades,LOW,FALLBACK,Providencia,,2023.0,3.0,2023-03-08,HIGH,HEADER_EXPLICIT_DATE,238,False,DOC_0238,EXCLUIR,auto: law_or_decree_text de alta confianza,LAW_OR_DECREE_TEXT,False,auto: law_or_decree_text de alta confianza
3.record_0 (766).txt,3bb658c29f89a0fb82409ecc228a092a,7fbf93204ad92f9b2e8b06614fe8aa3b9e91dc5160bda3324a9ab4b7c169b89f,124753,121870,18347,Otras Entidades,MEDIUM,INSTITUTION_HEADER,Providencia,,2023.0,5.0,2023-05-30,HIGH,HEADER_EXPLICIT_DATE,239,False,DOC_0239,EXCLUIR,auto: law_or_decree_text de alta confianza,LAW_OR_DECREE_TEXT,False,auto: law_or_decree_text de alta confianza
3.record_0 (480).txt,3c378b3571abe88190a8407720a40840,4d1cabdbc22f4daf49414cdeb49400934497b83d03b1d57d58edab8ad8a146f7,20611,20175,3147,Corte Constitucional,MEDIUM,TEXT_MENTION_HEADER,Providencia,,2022.0,,,MEDIUM,HEADER_FIRST_YEAR,240,False,DOC_0240,EXCLUIR,auto: law_or_decree_text de alta confianza,LAW_OR_DECREE_TEXT,False,auto: law_or_decree_text de alta confianza
3.record_0 (389).txt,3c7179dd8218cb52580cad69d023ca00,41876df26f9d094f1b5e78feaf8efb0c1d18e2a730e6f1e63b45f4767bc77b8b,19223,18811,2846,Otras Entidades,MEDIUM,INSTITUTION_HEADER,Providencia,,2017.0,2.0,2017-02-02,HIGH,HEADER_EXPLICIT_DATE,241,False,DOC_0241,EXCLUIR,auto: law_or_decree_text de alta confianza,LAW_OR_DECREE_TEXT,False,auto: law_or_decree_text de alta confianza
2. record_0 (234).txt,3ccd45917f62b18dcd317a77705810ac,7bfc02b575fdd20879f02096d67a0fd0812d21cc955f607dded2f6dd17ede038,48230,47148,7081,Corte Constitucional,HIGH,OFFICIAL_HEADER_NUMBER,Auto de Sala Plena/Seguimiento,Auto-1588/22,2022.0,10.0,2022-10-15,HIGH,SENTENCE_IDENTIFIER,242,False,DOC_0242,INCLUIR,auto: marcador judicial de alta confianza + alta corte,JUDICIAL,True,
2. record_0 (893).txt,3ce1de3595d45f4b385e3895d3acd5a6,14a3b7c724a6fa97dd3e3afbbecbda394420071e737fd0020f1d335ca51c62a8,145766,142464,22108,Otras Entidades,MEDIUM,INSTITUTION_HEADER,Providencia,,2011.0,,,MEDIUM,HEADER_FIRST_YEAR,243,False,DOC_0243,EXCLUIR,auto: academic_article de alta confianza,ACADEMIC_ARTICLE,False,auto: academic_article de alta confianza
3.record_0 (1617).txt,3cebb27847f313c3baed7169caa67c35,3c23026a7d2d5fae531bf7568bd15577f6c90decd80dfc4b269a0563232d63e2,189571,186317,27806,Corte Constitucional,HIGH,OFFICIAL_HEADER_NUMBER,Sentencia de Constitucionalidad,C-102/21,2021.0,2.0,2021-02-06,HIGH,SENTENCE_IDENTIFIER,244,False,DOC_0244,INCLUIR,auto: marcador judicial de alta confianza + alta corte,JUDICIAL,True,
2. record_0 (4).txt,3d58be299e4ccdfdb141a5bcab24f00b,1692c3a568a7e310445fbcc3d03c5186ecdfc659201f4a6baea5252d8f896d35,5122,4967,763,Otras Entidades,MEDIUM,INSTITUTION_HEADER,Providencia,,2023.0,3.0,2023-03-08,HIGH,HEADER_EXPLICIT_DATE,245,False,DOC_0245,EXCLUIR,auto: law_or_decree_text de alta confianza,LAW_OR_DECREE_TEXT,False,auto: law_or_decree_text de alta confianza
3.record_0 (892).txt,3dca975ba9aacb4af6d583bc8a6124fe,f7770dc43e1bd05bb29b414b011cdbe071a3b6ef6fa58deb8339f59161a9fbf5,48554,47655,7848,Otras Entidades,LOW,FALLBACK,Providencia,,2021.0,10.0,2021-10-22,HIGH,HEADER_EXPLICIT_DATE,246,False,DOC_0246,EXCLUIR,auto: providencia judicial pero no es alta corte (Gate 0.3),JUDICIAL,False,auto: providencia judicial pero no es alta corte (Gate 0.3)
3.record_0 (517).txt,3dd57ee54120026cafe2371247b97d3c,ae26aaab218b1e6f38388393ab7cf23565240042075fc2e8566b19755f007593,45089,44257,7192,Otras Entidades,MEDIUM,INSTITUTION_HEADER,Providencia,,2020.0,5.0,2020-05-20,HIGH,HEADER_EXPLICIT_DATE,247,False,DOC_0247,EXCLUIR,auto: providencia judicial pero no es alta corte (Gate 0.3),JUDICIAL,False,auto: providencia judicial pero no es alta corte (Gate 0.3)
3.record_0 (213).txt,3e184b3605274c5a2dba2e9a395a0072,34a7867824a29357175de52081f2b5243277606ca3f821855f86f43fadaedcce,47263,46265,7045,Otras Entidades,LOW,FALLBACK,Providencia,,2022.0,,,MEDIUM,HEADER_FIRST_YEAR,248,False,DOC_0248,EXCLUIR,auto: law_or_decree_text de alta confianza,LAW_OR_DECREE_TEXT,False,auto: law_or_decree_text de alta confianza
2. record_0 (901).txt,3e208d12f762be5b8a02678d52e9da41,2589ef78e91d3f9d68bf5259905e9ebc60593bc92e62ecfd263a3163e195250a,412085,404061,63225,Corte Constitucional,HIGH,OFFICIAL_HEADER_NUMBER,Sentencia de Unificación,SU-479/19,2019.0,7.0,2019-07-27,HIGH,SENTENCE_IDENTIFIER,249,False,DOC_0249,INCLUIR,auto: marcador judicial de alta confianza + alta corte,JUDICIAL,True,
3.record_0 (478).txt,3e921326388cf98ab019557bbda7617f,5d3f6cf4d0cb604d2bb46e15bb19241b14e9a746df8ea2075fc4a6bbdae7624f,117518,115484,17900,Corte Constitucional,HIGH,OFFICIAL_HEADER_NUMBER,Sentencia de Tutela,T-176/21,2021.0,2.0,2021-02-24,HIGH,SENTENCE_IDENTIFIER,250,False,DOC_0250,INCLUIR,auto: marcador judicial de alta confianza + alta corte,JUDICIAL,True,
2. record_0 (18).txt,3f159ca6e4809d4b7aec01a32067fd25,455fad3f9a4670660ffe8779e112663c89c0e1ce61c1dbf4995bec281aac6eba,3724,3647,574,Corte Constitucional,MEDIUM,TEXT_MENTION_HEADER,Providencia,,2012.0,7.0,2012-07-05,HIGH,HEADER_EXPLICIT_DATE,251,False,DOC_0251,INCLUIR,auto: marcador judicial de alta confianza + alta corte,JUDICIAL,True,
3.record_0 (782).txt,3f69e8d6d1a29ba9e1b8e90d1161d6ca,d1d9d570a3d9247d07b966725e3d4c84aebc133cff58ad4ac1a7a709653d5c3a,82227,80771,12787,Otras Entidades,MEDIUM,INSTITUTION_HEADER,Providencia,,2020.0,5.0,2020-05-11,HIGH,HEADER_EXPLICIT_DATE,252,False,DOC_0252,EXCLUIR,auto: providencia judicial pero no es alta corte (Gate 0.3),JUDICIAL,False,auto: providencia judicial pero no es alta corte (Gate 0.3)
1.record_0 (342).txt,3f6f369c1947a6d89c7d5fd9c158dac6,6c84c474f37abf9de0988b460f9962e708bf1457ff1a7bf5462cc8588f153809,162501,159376,25074,Corte Constitucional,HIGH,OFFICIAL_HEADER_NUMBER,Sentencia de Tutela,T-095/18,2018.0,6.0,2018-06-08,HIGH,SENTENCE_IDENTIFIER,253,False,DOC_0253,INCLUIR,auto: marcador judicial de alta confianza + alta corte,JUDICIAL,True,
3.record_0 (1978).txt,3f7bcfe90c288a7ba0555a2bf1316f14,a1250ec43964d4487a1de33897cc607faeb83a9749a23fef8d4d29b660c86e23,1609586,1577344,236859,Otras Entidades,MEDIUM,INSTITUTION_HEADER,Providencia,,2015.0,,,MEDIUM,HEADER_FIRST_YEAR,254,False,DOC_0254,EXCLUIR,auto: law_or_decree_text de alta confianza,LAW_OR_DECREE_TEXT,False,auto: law_or_decree_text de alta confianza
1.record_0 (285).txt,3f8f543d4f0ecc3437a73f8a4ccc6118,37886b33e1fdcc5b7d189f3dbe061c134c22337aed94996aab4b0a96f86c038a,262378,257302,40191,Corte Constitucional,HIGH,OFFICIAL_HEADER_NUMBER,Auto de Sala Plena/Seguimiento,Auto-737/17,2017.0,,,HIGH,SENTENCE_IDENTIFIER,255,False,DOC_0255,INCLUIR,auto: marcador judicial de alta confianza + alta corte,JUDICIAL,True,
3.record_0 (68).txt,3fa82b7c5b7daaea7d3c0b51bb15ab6c,98a5255aff6c8b1c55d1201124b258b2c02507d8c0927886d19ecdaaf5cb1a5b,19601,19063,3011,Corte Constitucional,MEDIUM,TEXT_MENTION_HEADER,Providencia,,2022.0,6.0,2022-06-08,HIGH,HEADER_EXPLICIT_DATE,256,False,DOC_0256,INCLUIR,auto: marcador judicial de alta confianza + alta corte,JUDICIAL,True,
1.record_0 (471).txt,40c5ea13bf11e3afcc702c324e8e1f1f,66ac99117f15f592a2b8e81dca6149932823afae94ba927f62681fee6c72b314,875898,859681,134490,Corte Constitucional,HIGH,OFFICIAL_HEADER_NUMBER,Sentencia de Constitucionalidad,C-017/18,2018.0,4.0,2018-04-06,HIGH,SENTENCE_IDENTIFIER,257,False,DOC_0257,INCLUIR,auto: marcador judicial de alta confianza + alta corte,JUDICIAL,True,
2. record_0 (367).txt,40ed57f3a63681f728d7bb3d35e29a02,df80fb0b7c3bd31e2fa8eed86b4739734ef033d6a12aa3a10ddabc149a3baa79,39812,38952,6193,Otras Entidades,MEDIUM,INSTITUTION_HEADER,Providencia,,2018.0,9.0,2018-09-25,HIGH,HEADER_EXPLICIT_DATE,258,False,DOC_0258,EXCLUIR,auto: providencia judicial pero no es alta corte (Gate 0.3),JUDICIAL,False,auto: providencia judicial pero no es alta corte (Gate 0.3)
1.record_0 (306).txt,410bba027bf5f449415b1927db6955b4,fce9e112e6fbb8175eb02639c51113e06fea6af9b0d7fc57b282bb99748f4ca1,131549,129050,19932,Corte Constitucional,MEDIUM,TEXT_MENTION_HEADER,Providencia,,2022.0,11.0,2022-11-30,HIGH,HEADER_EXPLICIT_DATE,259,False,DOC_0259,INCLUIR,auto: marcador judicial de alta confianza + alta corte,JUDICIAL,True,
3.record_0 (231).txt,4165d964345a8edc4d65fa91aa9b0bc9,9751a35c70fa6c1efedcd2d893d5116aa3ed56fd166acb62a2030ce98526c281,23154,22662,3715,Otras Entidades,MEDIUM,INSTITUTION_HEADER,Providencia,,2016.0,10.0,2016-10-03,HIGH,HEADER_EXPLICIT_DATE,260,False,DOC_0260,EXCLUIR,auto: providencia judicial pero no es alta corte (Gate 0.3),JUDICIAL,False,auto: providencia judicial pero no es alta corte (Gate 0.3)
3.record_0 (1035).txt,41c21cf45e11a9ed1d627ce89e15b9cf,5baa07790496e0230000bf57aea53e6668c645b8942f95ffdfa5ce645d66b195,65577,64382,10443,Otras Entidades,MEDIUM,INSTITUTION_HEADER,Providencia,,2022.0,6.0,2022-06-30,HIGH,HEADER_EXPLICIT_DATE,261,False,DOC_0261,EXCLUIR,auto: law_or_decree_text de alta confianza,LAW_OR_DECREE_TEXT,False,auto: law_or_decree_text de alta confianza
3.record_0 (1948).txt,420105d430ec00f3a9190acdbf2e9dfc,b0b55074d044934914691cdc69ab224d4a8f777d0e06f1cb00aa4848774ef381,1103824,1081367,168055,Corte Constitucional,HIGH,OFFICIAL_HEADER_NUMBER,Sentencia de Constitucionalidad,C-379/16,2016.0,2.0,2016-02-18,HIGH,SENTENCE_IDENTIFIER,262,False,DOC_0262,INCLUIR,auto: marcador judicial de alta confianza + alta corte,JUDICIAL,True,
1.record_0 (20).txt,4240105c1fd22f50991eff6021f0c5ae,1ce1ba890be7ea5ba0f6d37973bb2218dbbe97044129de392bfb51a2c167b8ba,61787,60651,9188,Otras Entidades,LOW,FALLBACK,Providencia,,2016.0,,,MEDIUM,HEADER_FIRST_YEAR,263,False,DOC_0263,EXCLUIR,auto: providencia judicial pero no es alta corte (Gate 0.3),JUDICIAL,False,auto: providencia judicial pero no es alta corte (Gate 0.3)
1.record_0 (98).txt,426116233ff66617c6425e85dc08d97d,cfc4a3cbdfb34c4fb61125307b66a15eb28d85b0b3a2624ad766fc1eb8bc1355,507335,497276,77716,Corte Constitucional,HIGH,OFFICIAL_HEADER_NUMBER,Sentencia de Tutela,T-452/22,2022.0,3.0,2022-03-04,HIGH,SENTENCE_IDENTIFIER,264,False,DOC_0264,INCLUIR,auto: marcador judicial de alta confianza + alta corte,JUDICIAL,True,
3.record_0 (788).txt,433862c0afdc94392009cb5635dccd3c,d91cf1deb268a1c4db85d5aa48755b618ba970c0fcf572b430083c3883e10c1c,131926,129445,20815,Otras Entidades,LOW,FALLBACK,Providencia,,2023.0,12.0,2023-12-06,HIGH,HEADER_EXPLICIT_DATE,265,False,DOC_0265,EXCLUIR,auto: law_or_decree_text de alta confianza,LAW_OR_DECREE_TEXT,False,auto: law_or_decree_text de alta confianza
3.record_0 (192).txt,43a5d63eca0ad8a1f30a560d6dd4e383,92116027b8956c3638a30107783cf39dc04e09544a1e973276561776b3ef0863,23748,23302,3655,Corte Suprema de Justicia,HIGH,INSTITUTION_HEADER,Sentencia Casación STL,STL-6216/2021,2021.0,7.0,2021-07-09,HIGH,SENTENCE_IDENTIFIER,266,False,DOC_0266,INCLUIR,auto: marcador judicial de alta confianza + alta corte,JUDICIAL,True,
3.record_0 (575).txt,43a95cf335439430a09b8c35f8edc271,a1e91f33b4bef9b65b3ab6f8172e25880c886be512a15fe0dc94e637b8eaf99d,75003,73344,11847,Otras Entidades,LOW,FALLBACK,Providencia,,2016.0,2.0,2016-02-10,HIGH,HEADER_EXPLICIT_DATE,267,False,DOC_0267,EXCLUIR,auto: providencia judicial pero no es alta corte (Gate 0.3),JUDICIAL,False,auto: providencia judicial pero no es alta corte (Gate 0.3)
3.record_0 (1537).txt,43b857f1f1c4163c5632cfb2de32ba2d,4307afedea388f4efda31cea97d48ad92c5ea775adae3ff160338adccd9aa833,174131,170828,26444,Otras Entidades,MEDIUM,INSTITUTION_HEADER,Providencia,,2011.0,,,MEDIUM,HEADER_FIRST_YEAR,268,False,DOC_0268,EXCLUIR,auto: providencia judicial pero no es alta corte (Gate 0.3),JUDICIAL,False,auto: providencia judicial pero no es alta corte (Gate 0.3)
3.record_0 (198).txt,43c51b080e043833254c1636fc6b6408,c4d91658d7dea6d73096a460b2dab3ed297562880d0b005ee7709b919b5c0a3f,41741,40877,6353,Corte Constitucional,MEDIUM,TEXT_MENTION_HEADER,Providencia,,2023.0,3.0,2023-03-18,HIGH,HEADER_EXPLICIT_DATE,269,False,DOC_0269,INCLUIR,auto: marcador judicial de alta confianza + alta corte,JUDICIAL,True,
3.record_0 (1657).txt,43d94a6d4cdd7ea8b2794bcb2b96f15c,c32c5129307e4743c5e7d79a900f2e0d5380973b3657ca73ead8faddb9d72410,710191,695166,109442,Corte Constitucional,MEDIUM,TEXT_MENTION_HEADER,Providencia,,2000.0,,,MEDIUM,HEADER_FIRST_YEAR,270,False,DOC_0270,EXCLUIR,auto: law_or_decree_text de alta confianza,LAW_OR_DECREE_TEXT,False,auto: law_or_decree_text de alta confianza
2. record_0 (24).txt,4454ef6a06e3d3f9840bd68512053829,6f79aab9e3e51a16a0b2f739b425bcf73bebbf2c36948109ad0de166877f9bed,3269,3202,459,Otras Entidades,MEDIUM,INSTITUTION_HEADER,Providencia,,2023.0,6.0,2023-06-14,HIGH,HEADER_EXPLICIT_DATE,271,False,DOC_0271,EXCLUIR,auto: law_or_decree_text de alta confianza,LAW_OR_DECREE_TEXT,False,auto: law_or_decree_text de alta confianza
3.record_0 (796).txt,445bcba49ccba78d5f50818d103838b8,b5aafbca6a0f89a15863d3b43c9fb6667e275c06cee2542675dbaae7e82a0621,41291,40342,6056,Otras Entidades,MEDIUM,INSTITUTION_HEADER,Providencia,,,,,LOW,NONE,272,False,DOC_0272,EXCLUIR,auto: law_or_decree_text de alta confianza,LAW_OR_DECREE_TEXT,False,auto: law_or_decree_text de alta confianza
1.record_0 (32).txt,44cdc09b3a4d0b579b66f115b7ad72f9,c3f4038041c0d2edec9ebc3b3487a6e52764cd87d38c5e0f00c4f7d1e25ce80e,11542,11276,1667,Otras Entidades,MEDIUM,INSTITUTION_HEADER,Providencia,,2016.0,3.0,2016-03-14,HIGH,HEADER_EXPLICIT_DATE,273,False,DOC_0273,EXCLUIR,auto: providencia judicial pero no es alta corte (Gate 0.3),JUDICIAL,False,auto: providencia judicial pero no es alta corte (Gate 0.3)
3.record_0 (189).txt,453451610ddd299fc95750aecafbd2e5,5eda04f59870a289030105c53316ea92f7f070e420517d67b39433cefe037bad,22185,21695,3512,Otras Entidades,MEDIUM,INSTITUTION_HEADER,Providencia,,2016.0,6.0,2016-06-20,HIGH,HEADER_EXPLICIT_DATE,274,False,DOC_0274,EXCLUIR,auto: providencia judicial pero no es alta corte (Gate 0.3),JUDICIAL,False,auto: providencia judicial pero no es alta corte (Gate 0.3)
3.record_0 (315).txt,45374d214ecdcfa3317ae95c4cc6f44f,fec0bd21473efad47910ffc5ce1164d43c69748ba8b21c182ad502607831fa1b,15454,15194,2418,Otras Entidades,LOW,FALLBACK,Providencia,,2019.0,11.0,2019-11-27,HIGH,HEADER_EXPLICIT_DATE,275,False,DOC_0275,EXCLUIR,auto: providencia judicial pero no es alta corte (Gate 0.3),JUDICIAL,False,auto: providencia judicial pero no es alta corte (Gate 0.3)
3.record_0 (336).txt,4547244a013b2eaac2781aaaae914971,09e1cb1ea197012882d03a5e1e85a2927eedcac7708478e3df9eabdbe2ee517b,43692,42928,6549,Corte Constitucional,MEDIUM,TEXT_MENTION_HEADER,Providencia,,2022.0,7.0,2022-07-26,HIGH,HEADER_EXPLICIT_DATE,276,False,DOC_0276,INCLUIR,auto: marcador judicial de alta confianza + alta corte,JUDICIAL,True,
2. record_0 (549).txt,45d65439c1dc5c474f3b4cf443c88910,92452b8f2a9039bbd6c0b9c1d5c78698da7e20dd4cef104e52d521a6b4b8f029,70598,69404,10349,Corte Constitucional,HIGH,OFFICIAL_HEADER_NUMBER,Sentencia de Constitucionalidad,C-133/18,2018.0,7.0,2018-07-17,HIGH,SENTENCE_IDENTIFIER,277,False,DOC_0277,INCLUIR,auto: marcador judicial de alta confianza + alta corte,JUDICIAL,True,
6.record_0 (25).txt,46077750ec145cae8e1253e20621b8e0,70f3dc7d0749bbcf6929cc2de30a4aa320c0eeee1d4621a07863bd27c26d05e1,10128,9934,1479,Otras Entidades,LOW,FALLBACK,Providencia,,2022.0,,,MEDIUM,HEADER_FIRST_YEAR,278,False,DOC_0278,EXCLUIR,auto: law_or_decree_text de alta confianza,LAW_OR_DECREE_TEXT,False,auto: law_or_decree_text de alta confianza
2. record_0 (291).txt,473fb4f31aa81a9dcbda32e6febde52d,0558b4a775ce847d7ecc1cd9f517842b02c89d8c3389afd3b521dd9bbf19f197,215612,211133,33072,Corte Constitucional,HIGH,OFFICIAL_HEADER_NUMBER,Sentencia de Tutela,T-271/16,2016.0,11.0,2016-11-20,HIGH,SENTENCE_IDENTIFIER,279,False,DOC_0279,INCLUIR,auto: marcador judicial de alta confianza + alta corte,JUDICIAL,True,
2. record_0 (904).txt,4740c5023b9dbf379ed37c596c449c78,08236c82caa03d36343259aff36d6fec3388f5c77cee2973b0579aedaa058ac0,161795,159057,24924,Corte Constitucional,HIGH,OFFICIAL_HEADER_NUMBER,Sentencia de Tutela,T-443/13,2013.0,10.0,2013-10-18,HIGH,SENTENCE_IDENTIFIER,280,False,DOC_0280,INCLUIR,auto: marcador judicial de alta confianza + alta corte,JUDICIAL,True,
3.record_0 (582).txt,474fdc4944d18a86de3feeb87060d1c0,b1748e10e14eca502a60df03e48cd30885064b3146d281817b9fb4ff9b58f2ee,72687,71123,10971,Corte Constitucional,MEDIUM,TEXT_MENTION_HEADER,Providencia,,2023.0,10.0,2023-10-21,HIGH,HEADER_EXPLICIT_DATE,281,False,DOC_0281,INCLUIR,auto: marcador judicial de alta confianza + alta corte,JUDICIAL,True,
3.record_0 (406).txt,47508a71121b38d272894d859abf7c27,30a67cbe85c3ef0268d1e564004f1828af61d0faac8eac1d4546bafecd0a27ac,21811,21317,3533,Otras Entidades,MEDIUM,INSTITUTION_HEADER,Providencia,,2023.0,6.0,2023-06-14,HIGH,HEADER_EXPLICIT_DATE,282,False,DOC_0282,EXCLUIR,auto: academic_article de alta confianza,ACADEMIC_ARTICLE,False,auto: academic_article de alta confianza
4. (16).txt,477be16f022ed382b7f7974702850f86,6dd51009a606237818efae3c16ac6a6777bcf73313cb85e711e581b942629d1f,47703,46661,7459,Otras Entidades,MEDIUM,INSTITUTION_HEADER,Providencia,,2017.0,11.0,2017-11-28,HIGH,HEADER_EXPLICIT_DATE,283,False,DOC_0283,EXCLUIR,auto: providencia judicial pero no es alta corte (Gate 0.3),JUDICIAL,False,auto: providencia judicial pero no es alta corte (Gate 0.3)
5. (2).txt,478d5646a24964b802c0456340bb2484,0f160f1d6f2ebcbb6f1357dc4b6b4652960f409d5bde86dec78a1c54296ce93a,6282,6157,1014,Otras Entidades,LOW,FALLBACK,Providencia,,2022.0,5.0,2022-05-02,HIGH,HEADER_EXPLICIT_DATE,284,False,DOC_0284,EXCLUIR,auto: academic_article de alta confianza,ACADEMIC_ARTICLE,False,auto: academic_article de alta confianza
2. record_0 (133).txt,47d430fe88fc35a75d589541e3182af6,459bf3352f6496957c633beacc71673d20b6cd8e6d26046fcdd0cfadb2a88d41,87261,85398,13628,Otras Entidades,MEDIUM,INSTITUTION_HEADER,Providencia,,2021.0,6.0,2021-06-24,HIGH,HEADER_EXPLICIT_DATE,285,False,DOC_0285,EXCLUIR,auto: providencia judicial pero no es alta corte (Gate 0.3),JUDICIAL,False,auto: providencia judicial pero no es alta corte (Gate 0.3)
2. record_0 (289).txt,480c966a1b069752b4ea01030df209ea,eace3b569404d8d5a2bcc5ae5cd253a9eaa57638f10e3be7250db406060df3c2,58806,57701,8582,Otras Entidades,LOW,FALLBACK,Providencia,,2021.0,5.0,2021-05-06,HIGH,HEADER_EXPLICIT_DATE,286,False,DOC_0286,EXCLUIR,auto: academic_article de alta confianza,ACADEMIC_ARTICLE,False,auto: academic_article de alta confianza
3.record_0 (816).txt,48e74aa2389438cc56a8e3dbb75fb9f9,f786e22c319f1a8f45958216e71f2111a8251409ca659340b46da2c380d6dcf4,43164,42291,6610,Corte Constitucional,HIGH,OFFICIAL_HEADER_NUMBER,Sentencia de Constitucionalidad,C-278/22,2022.0,6.0,2022-06-15,HIGH,SENTENCE_IDENTIFIER,287,False,DOC_0287,INCLUIR,auto: marcador judicial de alta confianza + alta corte,JUDICIAL,True,
3.record_0 (529).txt,490d1cfcaa581f1ebd67e56f2b959c55,5c4568ae00b0c787feb7412e0d407ac25cf54e297b4288d0fbf32f7d684f5438,23780,23344,3711,Otras Entidades,MEDIUM,INSTITUTION_HEADER,Providencia,,2022.0,8.0,2022-08-18,HIGH,HEADER_EXPLICIT_DATE,288,False,DOC_0288,EXCLUIR,auto: providencia judicial pero no es alta corte (Gate 0.3),JUDICIAL,False,auto: providencia judicial pero no es alta corte (Gate 0.3)
1.record_0 (113).txt,494205efa25d24d912b330d3e400d8c3,12b742984761ff46aeddfe0b62d4420b004bf0fd85f133aa07da78c3a26284b9,64046,62861,9632,Otras Entidades,LOW,FALLBACK,Providencia,,2021.0,4.0,2021-04-21,HIGH,HEADER_EXPLICIT_DATE,289,False,DOC_0289,EXCLUIR,auto: providencia judicial pero no es alta corte (Gate 0.3),JUDICIAL,False,auto: providencia judicial pero no es alta corte (Gate 0.3)
3.record_0 (43).txt,49b3c4d2c7b449d0fd8ac86fa61516f5,954e2ccc3ab1e15ba3880c57ef2676102dfeef11db8e8e7681c09fa1372044db,16023,15700,2515,Otras Entidades,MEDIUM,INSTITUTION_HEADER,Providencia,,2021.0,6.0,2021-06-28,HIGH,HEADER_EXPLICIT_DATE,290,False,DOC_0290,EXCLUIR,auto: providencia judicial pero no es alta corte (Gate 0.3),JUDICIAL,False,auto: providencia judicial pero no es alta corte (Gate 0.3)
3.record_0 (1159).txt,49db4178d272d35e3e629630b17701da,60cbefc541557015c68148a0195845e1de3c73e8257910706950668aa981be2e,73183,71744,10850,Corte Constitucional,HIGH,OFFICIAL_HEADER_NUMBER,Auto de Sala Plena/Seguimiento,Auto-750/21,2021.0,12.0,2021-12-18,HIGH,SENTENCE_IDENTIFIER,291,False,DOC_0291,INCLUIR,auto: marcador judicial de alta confianza + alta corte,JUDICIAL,True,
2. record_0 (145).txt,4a3406f5ec86bc6f4abe99a1abbccf4e,7750de41e95943151e823f0ee7141c6afbaf23344da947121b00a6e75d55a3af,15091,14811,2350,Otras Entidades,LOW,FALLBACK,Providencia,,,,,LOW,NONE,292,False,DOC_0292,EXCLUIR,auto: academic_article de alta confianza,ACADEMIC_ARTICLE,False,auto: academic_article de alta confianza
3.record_0 (1105).txt,4a485b6006241f2bb80b127dc34d0a36,38f1be755ca53e2539bf7f938af5b6fcdb79f773ce6066bae4ba4f9c99980dde,148549,145724,22756,Corte Constitucional,HIGH,OFFICIAL_HEADER_NUMBER,Sentencia de Constitucionalidad,C-586/16,2016.0,,,HIGH,SENTENCE_IDENTIFIER,293,False,DOC_0293,INCLUIR,auto: marcador judicial de alta confianza + alta corte,JUDICIAL,True,
1.record_0 (239).txt,4b252c06c0e8c8ccf60accf140c6d6fe,1f01ab59417d0e3266d7d4a2d6646dc47cf4dbe7fcc6284ae305363def0d5c1b,86202,84389,13118,Otras Entidades,LOW,FALLBACK,Providencia,,2021.0,,,MEDIUM,HEADER_FIRST_YEAR,294,False,DOC_0294,EXCLUIR,auto: law_or_decree_text de alta confianza,LAW_OR_DECREE_TEXT,False,auto: law_or_decree_text de alta confianza
3.record_0 (915).txt,4b27e1e37983a0dafaca4ebc25d3a4b9,f3e191f957cdfb3443aa964f11e3a42d43dbeb779fc80374b9cb54e909647d79,54830,53742,8512,Otras Entidades,MEDIUM,INSTITUTION_HEADER,Providencia,,2018.0,4.0,2018-04-19,HIGH,HEADER_EXPLICIT_DATE,295,False,DOC_0295,EXCLUIR,auto: providencia judicial pero no es alta corte (Gate 0.3),JUDICIAL,False,auto: providencia judicial pero no es alta corte (Gate 0.3)
2. record_0 (81).txt,4b7909bfa9f24af873e6d6461d5ade19,f453febfe8e2817c4142069ad2caf411a89c7926f623501fd4838644140fadec,12396,12136,1983,Otras Entidades,MEDIUM,INSTITUTION_HEADER,Providencia,,2009.0,11.0,2009-11-04,HIGH,HEADER_EXPLICIT_DATE,296,False,DOC_0296,EXCLUIR,auto: law_or_decree_text de alta confianza,LAW_OR_DECREE_TEXT,False,auto: law_or_decree_text de alta confianza
1.record_0 (508).txt,4be25460d2b4029e7aa1db109b7e42e8,b154c08ccfb3bbf7d56a0225f9b46cdea1ec7af0438b6a85e0529b514f8f5f8a,602701,589279,92597,Otras Entidades,LOW,FALLBACK,Providencia,,1996.0,6.0,1996-06-26,HIGH,HEADER_EXPLICIT_DATE,297,False,DOC_0297,EXCLUIR,auto: providencia judicial pero no es alta corte (Gate 0.3),JUDICIAL,False,auto: providencia judicial pero no es alta corte (Gate 0.3)
3.record_0 (474).txt,4c0cee300b27e1850a4edfbe82ac1f18,765eabc7a1a7d011f92412b8ad7eb5284afba55ae91fe517a5fb9df17aafbd69,23886,23333,3693,Corte Constitucional,HIGH,OFFICIAL_HEADER_NUMBER,Auto de Sala Plena/Seguimiento,Auto-585/21,2021.0,7.0,2021-07-22,HIGH,SENTENCE_IDENTIFIER,298,False,DOC_0298,INCLUIR,auto: marcador judicial de alta confianza + alta corte,JUDICIAL,True,
2. record_0 (526).txt,4c206167e208d8f6d4ecf4fc9b49e902,10dc3635f7e1942009a47fc94157f8985486084103411f7560d9dcb2666928da,119632,117250,18514,Corte Constitucional,HIGH,OFFICIAL_HEADER_NUMBER,Sentencia de Tutela,T-004/20,2020.0,11.0,2020-11-13,HIGH,SENTENCE_IDENTIFIER,299,False,DOC_0299,INCLUIR,auto: marcador judicial de alta confianza + alta corte,JUDICIAL,True,
1.record_0 (39).txt,4c34b87df61fd3d9b84e6d97f979f90b,813121a1a5e85066259827a8494bdb2b78dcdb4cac9cab635e5c668c46925f78,14541,14240,2197,Corte Constitucional,MEDIUM,TEXT_MENTION_HEADER,Providencia,,2015.0,,,MEDIUM,HEADER_FIRST_YEAR,300,False,DOC_0300,INCLUIR,auto: marcador judicial de alta confianza + alta corte,JUDICIAL,True,
3.record_0 (1413).txt,4c6819f5378b65adc7d19bf0d9c7446c,fab93d6dec49bbcfb7792288948abd21611a48ae3a679db026fa533e9e15de9b,137249,134307,21244,Otras Entidades,LOW,FALLBACK,Providencia,,2023.0,4.0,2023-04-13,HIGH,HEADER_EXPLICIT_DATE,301,False,DOC_0301,EXCLUIR,auto: providencia judicial pero no es alta corte (Gate 0.3),JUDICIAL,False,auto: providencia judicial pero no es alta corte (Gate 0.3)
1.record_0 (545).txt,4c862b460f08eacf8d6b44ce609ef2c8,4490c6858a17a5c097c2dec8b9a5b0917e467291d87225006e7e8998c2bbdfca,2027189,1987418,311085,Corte Constitucional,HIGH,OFFICIAL_HEADER_NUMBER,Sentencia de Constitucionalidad,C-674/17,2017.0,,,HIGH,SENTENCE_IDENTIFIER,302,False,DOC_0302,INCLUIR,auto: marcador judicial de alta confianza + alta corte,JUDICIAL,True,
3.record_0 (161).txt,4cb387c245c0e58464bd5e4522acdc08,615af2b589df0307621932eccc3e9112187be734c12b37feb2df106887647482,10537,10282,1448,Otras Entidades,MEDIUM,INSTITUTION_HEADER,Providencia,,,,,LOW,NONE,303,False,DOC_0303,EXCLUIR,auto: academic_article de alta confianza,ACADEMIC_ARTICLE,False,auto: academic_article de alta confianza
3.record_0 (394).txt,4cd0713d45fa22eed7c4d1145d9eac18,f74beb1a455bdbff2c503f67578082e37aed00d0d1cd02964828e9c25f8e8423,19933,19578,3057,Otras Entidades,LOW,FALLBACK,Providencia,,2021.0,4.0,2021-04-21,HIGH,HEADER_EXPLICIT_DATE,304,False,DOC_0304,EXCLUIR,auto: providencia judicial pero no es alta corte (Gate 0.3),JUDICIAL,False,auto: providencia judicial pero no es alta corte (Gate 0.3)
3.record_0 (34).txt,4cdcc4501aa52b7c2bf0cb44d483458c,ccb5b9ae94de8e69e70fcc3e1eececec9fa4205d776d31dfe180fae9a5ebd4b3,2940,2871,387,Otras Entidades,LOW,FALLBACK,Providencia,,,,,LOW,NONE,305,False,DOC_0305,EXCLUIR,auto: academic_article de alta confianza,ACADEMIC_ARTICLE,False,auto: academic_article de alta confianza
1.record_0 (54).txt,4d47241d997f72333bae0f118873057d,369f799b2e15808f379fdcc41c83c8e51e503bec5578041611514c58a3d1acb7,52003,51075,8030,Corte Suprema de Justicia,HIGH,INSTITUTION_HEADER,Sentencia Casación STC,STC-540/2024,2024.0,5.0,2024-05-17,HIGH,SENTENCE_IDENTIFIER,306,False,DOC_0306,INCLUIR,auto: marcador judicial de alta confianza + alta corte,JUDICIAL,True,
3.record_0 (973).txt,4d72863558a89fb45d482aa3ac0a029d,7f87c89c8eb9a837e2ccb8d140903b903c19f356d56524d0fbdff626bca65a04,56450,55519,8454,Otras Entidades,LOW,FALLBACK,Providencia,,2022.0,,,MEDIUM,HEADER_FIRST_YEAR,307,False,DOC_0307,EXCLUIR,auto: academic_article de alta confianza,ACADEMIC_ARTICLE,False,auto: academic_article de alta confianza
3.record_0 (274).txt,4db3f3ca71c72ca4e2e42be2841073f1,fa19193ee70ae1db37a80cfeb88fa4cfbbdd609216efa1e38ebd4ba7e9b38d9d,54133,52861,8295,Otras Entidades,MEDIUM,INSTITUTION_HEADER,Providencia,,2021.0,2.0,2021-02-01,HIGH,HEADER_EXPLICIT_DATE,308,False,DOC_0308,EXCLUIR,auto: providencia judicial pero no es alta corte (Gate 0.3),JUDICIAL,False,auto: providencia judicial pero no es alta corte (Gate 0.3)
3.record_0 (714).txt,4dd77a01873e91e4e30280d63773c5e9,7f8c90a08474ed744705458a18a8d50b09e6888736519f5a5de3a4bce5aeccad,127499,125018,20145,Corte Constitucional,MEDIUM,TEXT_MENTION_HEADER,Providencia,,2022.0,12.0,2022-12-12,HIGH,HEADER_EXPLICIT_DATE,309,False,DOC_0309,INCLUIR,auto: marcador judicial de alta confianza + alta corte,JUDICIAL,True,
3.record_0 (694).txt,4dda05d560312a512e36d772c2b84dad,8d0344db22671ce64949e03dd31eb14f2c9bf83c5bf2ea01a2a23bdc8b0f514f,31022,30372,4971,Otras Entidades,LOW,FALLBACK,Providencia,,2022.0,5.0,2022-05-04,HIGH,HEADER_EXPLICIT_DATE,310,False,DOC_0310,EXCLUIR,auto: providencia judicial pero no es alta corte (Gate 0.3),JUDICIAL,False,auto: providencia judicial pero no es alta corte (Gate 0.3)
3.record_0 (771).txt,4de46bb46e07c582cabd2d7b7ac977b0,cad56fbc3d074dbd5638e6eadea22a4581fc63d1959a2f0b9ab1644b57f49e02,40690,39858,6584,Otras Entidades,LOW,FALLBACK,Providencia,,2019.0,12.0,2019-12-03,HIGH,HEADER_EXPLICIT_DATE,311,False,DOC_0311,EXCLUIR,auto: providencia judicial pero no es alta corte (Gate 0.3),JUDICIAL,False,auto: providencia judicial pero no es alta corte (Gate 0.3)
1.record_0 (53).txt,4e16c90eca2f2400ad050dfed21fb272,aaff5890a9336f3a6c217a9fa3006630bda65defadd88c7f5c65b9f5280eb1ca,48711,47790,7200,Otras Entidades,LOW,FALLBACK,Providencia,,2005.0,,,MEDIUM,HEADER_FIRST_YEAR,312,False,DOC_0312,EXCLUIR,auto: academic_article de alta confianza,ACADEMIC_ARTICLE,False,auto: academic_article de alta confianza
3.record_0 (384).txt,4e2952b9f074db4e88dc1c4b1d034e4b,5a9693499c06708e30962547f4db94730db03b966a90eda3db465f6582ce5c23,35234,34515,5685,Otras Entidades,MEDIUM,INSTITUTION_HEADER,Providencia,,2017.0,6.0,2017-06-01,HIGH,HEADER_EXPLICIT_DATE,313,False,DOC_0313,EXCLUIR,auto: providencia judicial pero no es alta corte (Gate 0.3),JUDICIAL,False,auto: providencia judicial pero no es alta corte (Gate 0.3)
3.record_0 (1136).txt,4e5777db412a5238c8198e894414a5bf,952b7a9953480d4a29ad469f6b896608bfa988b61894e7b51538618f603096b3,84776,83038,13710,Otras Entidades,LOW,FALLBACK,Providencia,,2018.0,,,MEDIUM,HEADER_FIRST_YEAR,314,False,DOC_0314,EXCLUIR,auto: providencia judicial pero no es alta corte (Gate 0.3),JUDICIAL,False,auto: providencia judicial pero no es alta corte (Gate 0.3)
1.record_0 (139).txt,4ea5ec5871d14a9030ae32f6302683f7,c92a46113e4a7dddcd880e3eddb42ccbeda448654a5e573ebce3b739598f2dc5,285478,279962,43953,Corte Constitucional,HIGH,OFFICIAL_HEADER_NUMBER,Sentencia de Tutela,T-061/22,2022.0,9.0,2022-09-11,HIGH,SENTENCE_IDENTIFIER,315,False,DOC_0315,INCLUIR,auto: marcador judicial de alta confianza + alta corte,JUDICIAL,True,
3.record_0 (815).txt,50252c82df6fc49843f35d0532fba63a,e842ed4e8d05f9b659400d7b101140b1bea84dd7c60cd8cfab79af1bd88e685f,43278,42484,6657,Corte Suprema de Justicia,HIGH,INSTITUTION_HEADER,Sentencia Casación STP,STP-11589/2022,2022.0,6.0,2022-06-18,HIGH,SENTENCE_IDENTIFIER,316,False,DOC_0316,INCLUIR,auto: marcador judicial de alta confianza + alta corte,JUDICIAL,True,
3.record_0 (785).txt,507d136761298f82dbb8531e0c847b91,6e8584f53f56f479f9b81c34f20ab852962c2522cf57e5d405e3fadd7c6bcf2c,38952,38238,5745,Corte Constitucional,MEDIUM,TEXT_MENTION_HEADER,Providencia,,2021.0,2.0,2021-02-26,HIGH,HEADER_EXPLICIT_DATE,317,False,DOC_0317,INCLUIR,auto: marcador judicial de alta confianza + alta corte,JUDICIAL,True,
2. record_0 (1037).txt,509579eb89db225866eb3a7ea3d67423,8d291f691be393699378ed3d25a2b986d53e3e64bccc10f2d14321e8dca3b600,195403,191745,30340,Corte Constitucional,HIGH,OFFICIAL_HEADER_NUMBER,Sentencia de Tutela,T-261/13,2013.0,,,HIGH,SENTENCE_IDENTIFIER,318,False,DOC_0318,INCLUIR,auto: marcador judicial de alta confianza + alta corte,JUDICIAL,True,
3.record_0 (401).txt,509c169fefce70210918c9bdd98d4256,f8f9b37b37dbbde6a97f4a4d17cdee926117638e2cea47f9fd005d18dd21ba12,21914,21491,3386,Corte Suprema de Justicia,HIGH,INSTITUTION_HEADER,Sentencia Casación STL,STL-3619/2022,2022.0,1.0,2022-01-26,HIGH,SENTENCE_IDENTIFIER,319,False,DOC_0319,INCLUIR,auto: marcador judicial de alta confianza + alta corte,JUDICIAL,True,
6.record_0 (249).txt,516b22e293e8d4b4c4f35d12d9458bc0,a238e73dd98e4010c7ccbc12f6562a74fb24d9f270c24076ddac2b8c0f14b6f4,96413,94329,14651,Otras Entidades,MEDIUM,INSTITUTION_HEADER,Providencia,,2012.0,5.0,2012-05-30,HIGH,HEADER_EXPLICIT_DATE,320,False,DOC_0320,EXCLUIR,auto: academic_article de alta confianza,ACADEMIC_ARTICLE,False,auto: academic_article de alta confianza
2. record_0 (1001).txt,520e5b94a573b5fadae965a50ee02dda,25d61cde0a76ae4b1522e460fcfd0bc89cb2bf28e393cc52626be2c94f93f64b,201190,197499,30329,Corte Constitucional,HIGH,OFFICIAL_HEADER_NUMBER,Sentencia de Constitucionalidad,C-238/20,2020.0,4.0,2020-04-15,HIGH,SENTENCE_IDENTIFIER,321,False,DOC_0321,INCLUIR,auto: marcador judicial de alta confianza + alta corte,JUDICIAL,True,
1.record_0 (49).txt,522839a372e018ab8cf77197fc5e0ce2,41da5f4608b044002184b6cc1b97e3dcb6cfd869413cac1c3357a4225f3f097c,17485,17089,2545,Otras Entidades,LOW,FALLBACK,Providencia,,2008.0,12.0,2008-12-04,HIGH,HEADER_EXPLICIT_DATE,322,False,DOC_0322,EXCLUIR,auto: law_or_decree_text de alta confianza,LAW_OR_DECREE_TEXT,False,auto: law_or_decree_text de alta confianza
3.record_0 (1865).txt,523d2d528310024a85c9773d7195e2d0,7ced87fcaece591a1f3c4cfaf0084abf0e3c9f315c03f99513ac8b726d62868b,335246,327125,50979,Corte Suprema de Justicia,HIGH,INSTITUTION_HEADER,Providencia,,2021.0,3.0,2021-03-02,HIGH,HEADER_EXPLICIT_DATE,323,False,DOC_0323,INCLUIR,auto: marcador judicial de alta confianza + alta corte,JUDICIAL,True,
2. record_0 (197).txt,5283eb085305ebed24afaf5ca1c8528d,b160a45bf4c83029a8971b2e20d68e36b258ecbccf977c546a65c12547867d48,72011,70338,11203,Otras Entidades,LOW,FALLBACK,Providencia,,2021.0,12.0,2021-12-14,HIGH,HEADER_EXPLICIT_DATE,324,False,DOC_0324,EXCLUIR,auto: academic_article de alta confianza,ACADEMIC_ARTICLE,False,auto: academic_article de alta confianza
3.record_0 (158).txt,52b5cd97c15385bdf37bfc5b08fa334d,32b78782f6646a1989ffb2fc9219f88d3cff5d52fef3b2626f1fefc22bb93b70,9894,9716,1476,Consejo de Estado,HIGH,INSTITUTION_HEADER,Sentencia Contencioso Administrativa,,2022.0,11.0,2022-11-16,HIGH,HEADER_EXPLICIT_DATE,325,False,DOC_0325,INCLUIR,auto: marcador judicial de alta confianza + alta corte,JUDICIAL,True,
2. record_0 (368).txt,52bfa1e6c4e6c4c6e53fc34d57c86327,6ce32efc57f0e1a0e1c1c20ea3a598ec1ba479d773149454ef4e5316a3aa03ea,241521,236572,37080,Corte Constitucional,HIGH,OFFICIAL_HEADER_NUMBER,Sentencia de Constitucionalidad,C-539/16,2016.0,,,HIGH,SENTENCE_IDENTIFIER,326,False,DOC_0326,INCLUIR,auto: marcador judicial de alta confianza + alta corte,JUDICIAL,True,
3.record_0 (102).txt,5394f3fe47a5ace49ce10cf058334578,e419b615f3484328fe5c9898fe19103a6faf7a707e22f3e5b4e06e0cf12d65c8,38000,37208,5852,Otras Entidades,LOW,FALLBACK,Providencia,,2023.0,6.0,2023-06-15,HIGH,HEADER_EXPLICIT_DATE,327,False,DOC_0327,EXCLUIR,auto: providencia judicial pero no es alta corte (Gate 0.3),JUDICIAL,False,auto: providencia judicial pero no es alta corte (Gate 0.3)
3.record_0 (398).txt,53a7f9f70b0189099700907c9c3625e2,a13f48d245ef57a652c64a73fb0f243b136dd0de5e0df313f83190c9755aca1c,21703,21264,3305,Corte Suprema de Justicia,HIGH,INSTITUTION_HEADER,Sentencia Casación STL,STL-14176/2021,2021.0,9.0,2021-09-15,HIGH,SENTENCE_IDENTIFIER,328,False,DOC_0328,INCLUIR,auto: marcador judicial de alta confianza + alta corte,JUDICIAL,True,
1.record_0 (62).txt,53bef1c50157e0bca749350adf180f7d,0fbf7f9c0add2965ffafd2354cee920ba2ebfe7064f25d215e24dbfe723e828c,99663,97597,15452,Consejo de Estado,HIGH,INSTITUTION_HEADER,Sentencia Contencioso Administrativa,,2017.0,10.0,2017-10-27,HIGH,HEADER_EXPLICIT_DATE,329,False,DOC_0329,INCLUIR,auto: marcador judicial de alta confianza + alta corte,JUDICIAL,True,
1.record_0 (100).txt,53bf9bf365059109cc9844648f590806,08803e1468b9c0e3bc82c5272bb43b43a345b8ba38adf02e460b6464f0aec950,34517,33409,4941,Corte Constitucional,MEDIUM,TEXT_MENTION_HEADER,Providencia,,,,,LOW,NONE,330,False,DOC_0330,EXCLUIR,auto: academic_article de alta confianza,ACADEMIC_ARTICLE,False,auto: academic_article de alta confianza
3.record_0 (492).txt,541637065dec47beb27b63adab9d1163,86d517ffd5843b3759780c5a1e1442cf3bccfa97937964d617ced535f6ea0e17,19239,18749,2995,Corte Suprema de Justicia,HIGH,INSTITUTION_HEADER,Sentencia Casación STC,STC-8391/2023,2023.0,6.0,2023-06-29,HIGH,SENTENCE_IDENTIFIER,331,False,DOC_0331,INCLUIR,auto: marcador judicial de alta confianza + alta corte,JUDICIAL,True,
2. record_0 (535).txt,5425953e4f59acb933f26e73b17ca3e7,a6bac5322cd3d96f0bca1cb1d622fe2f8f6269c2a60a756a86ceb05f99f26c66,66185,64889,10247,Otras Entidades,MEDIUM,INSTITUTION_HEADER,Providencia,,2021.0,4.0,2021-04-28,HIGH,HEADER_EXPLICIT_DATE,332,False,DOC_0332,EXCLUIR,auto: providencia judicial pero no es alta corte (Gate 0.3),JUDICIAL,False,auto: providencia judicial pero no es alta corte (Gate 0.3)
2. record_0 (419).txt,5429d0000c70781810f937106e203668,e8720c597028372ba1cd6fa6671c9afa8b2b5ac899ebc9d59b31fbde242488c7,212412,208077,31545,Corte Constitucional,HIGH,OFFICIAL_HEADER_NUMBER,Sentencia de Tutela,T-212/21,2021.0,12.0,2021-12-20,HIGH,SENTENCE_IDENTIFIER,333,False,DOC_0333,INCLUIR,auto: marcador judicial de alta confianza + alta corte,JUDICIAL,True,
1.record_0 (377).txt,545a7a37281356fdacaed589ecc93f8e,81b33eba7da354bf01003e3417f9edf1d63547c3427eb7d213a5742c2e86aae7,184405,180167,28087,Corte Constitucional,MEDIUM,TEXT_MENTION_HEADER,Providencia,,2023.0,,,MEDIUM,HEADER_FIRST_YEAR,334,False,DOC_0334,INCLUIR,auto: marcador judicial de alta confianza + alta corte,JUDICIAL,True,
3.record_0 (625).txt,54b7f043b3d0d1b8537e790058982813,90f6cb1560484c0956fdbd71f25139699a68c16ce038256deec283d223f9e705,60805,59749,9750,Otras Entidades,MEDIUM,INSTITUTION_HEADER,Providencia,,2014.0,5.0,2014-05-06,HIGH,HEADER_EXPLICIT_DATE,335,False,DOC_0335,EXCLUIR,auto: providencia judicial pero no es alta corte (Gate 0.3),JUDICIAL,False,auto: providencia judicial pero no es alta corte (Gate 0.3)
3.record_0 (1459).txt,54d445f007aa7139535b0f8ce0fe36ab,c02d19b6969158eb73336e5d79ebbde6162682893fa5777085d91cf60dc0627f,143570,140172,23007,Otras Entidades,MEDIUM,INSTITUTION_HEADER,Providencia,,2017.0,10.0,2017-10-09,HIGH,HEADER_EXPLICIT_DATE,336,False,DOC_0336,EXCLUIR,auto: providencia judicial pero no es alta corte (Gate 0.3),JUDICIAL,False,auto: providencia judicial pero no es alta corte (Gate 0.3)
2. record_0 (305).txt,55304f50b92d7420ee71dbb31dcabebd,3ac60ac05099ec1818ef73626b498ac3e74127b43af7c79b296e0c0dee31fc29,30786,30150,4810,Otras Entidades,MEDIUM,INSTITUTION_HEADER,Providencia,,2022.0,11.0,2022-11-04,HIGH,HEADER_EXPLICIT_DATE,337,False,DOC_0337,EXCLUIR,auto: providencia judicial pero no es alta corte (Gate 0.3),JUDICIAL,False,auto: providencia judicial pero no es alta corte (Gate 0.3)
3.record_0 (76).txt,55365c4025a3bceab6c0664ead8ab0ad,c02ba01d33ae076eed99d0bbef9bf51e2083d3de112b0ab13fb47e828945c52c,9951,9744,1300,Otras Entidades,LOW,FALLBACK,Providencia,,2021.0,,,MEDIUM,HEADER_FIRST_YEAR,338,False,DOC_0338,EXCLUIR,auto: academic_article de alta confianza,ACADEMIC_ARTICLE,False,auto: academic_article de alta confianza
1.record_0 (115).txt,56111a2a1f7d06ff7e688732f1807b47,1e443cc78ab4704acda962cda5d47d580777bb64ec58309dcb4177e638f27916,190910,186871,29790,Otras Entidades,MEDIUM,INSTITUTION_HEADER,Providencia,,2019.0,1.0,2019-01-25,HIGH,HEADER_EXPLICIT_DATE,339,False,DOC_0339,EXCLUIR,auto: providencia judicial pero no es alta corte (Gate 0.3),JUDICIAL,False,auto: providencia judicial pero no es alta corte (Gate 0.3)
3.record_0 (595).txt,56231e4efd7ac1f2fab9f6d4099decd3,07fb2fc9d51bc79e8f05decb44bf350b810f4894d6d724d23584dde479b17e8d,29449,28821,4602,Corte Suprema de Justicia,HIGH,INSTITUTION_HEADER,Sentencia Casación STC,STC-100/2022,2022.0,11.0,2022-11-16,HIGH,SENTENCE_IDENTIFIER,340,False,DOC_0340,INCLUIR,auto: marcador judicial de alta confianza + alta corte,JUDICIAL,True,
3.record_0 (586).txt,566ee4e20cac0a4b16b1ff19b8a64dac,ec62a890d29c357fff07b4f0f8061b8819d3c645de1edbe60ac6f84eb737af5e,29583,29078,4680,Otras Entidades,MEDIUM,INSTITUTION_HEADER,Providencia,,2022.0,5.0,2022-05-12,HIGH,HEADER_EXPLICIT_DATE,341,False,DOC_0341,EXCLUIR,auto: providencia judicial pero no es alta corte (Gate 0.3),JUDICIAL,False,auto: providencia judicial pero no es alta corte (Gate 0.3)
2. record_0 (1036).txt,56bc1e36600685b506791dac668df0b7,bf70eea8959501e3aa7aecfbf6fd00f2e8b14a3d2d9fbca007cc39dad72a0099,202959,199235,30902,Corte Constitucional,HIGH,OFFICIAL_HEADER_NUMBER,Sentencia de Tutela,T-418/15,2015.0,,,HIGH,SENTENCE_IDENTIFIER,342,False,DOC_0342,INCLUIR,auto: marcador judicial de alta confianza + alta corte,JUDICIAL,True,
1.record_0 (40).txt,56c1bffb0b3f6905c8a2b19842470ad3,b48a3b0439c69e238f7efb72ca2bd48d82436bc27787c42391d6756671a0e9a3,13088,12800,1998,Corte Suprema de Justicia,HIGH,INSTITUTION_HEADER,Sentencia Casación,Rad-43001,2013.0,12.0,2013-12-12,HIGH,HEADER_EXPLICIT_DATE,343,False,DOC_0343,INCLUIR,auto: marcador judicial de alta confianza + alta corte,JUDICIAL,True,
3.record_0 (555).txt,57119d1f54c8ff091a8dd2186e778063,983379d148bde42c847faac50560acf5db74b7c401c64b77eae0ac2cd1438dfe,25625,25097,4036,Otras Entidades,MEDIUM,INSTITUTION_HEADER,Providencia,,2017.0,6.0,2017-06-17,HIGH,HEADER_EXPLICIT_DATE,344,False,DOC_0344,EXCLUIR,auto: providencia judicial pero no es alta corte (Gate 0.3),JUDICIAL,False,auto: providencia judicial pero no es alta corte (Gate 0.3)
3.record_0 (208).txt,576b6303a7da426011f1495383be9c1e,9bac090cc280bc9b1a8e51ac2b46d504a5e3068c1dde8aa643e34fd2ca3aba66,34538,33725,5318,Otras Entidades,MEDIUM,INSTITUTION_HEADER,Providencia,,2021.0,5.0,2021-05-07,HIGH,HEADER_EXPLICIT_DATE,345,False,DOC_0345,EXCLUIR,auto: providencia judicial pero no es alta corte (Gate 0.3),JUDICIAL,False,auto: providencia judicial pero no es alta corte (Gate 0.3)
3.record_0 (921).txt,57805d5a7663e7ac3e8875b9e6929e3c,a7b2d7e5ccf3ea6854a87a10e795178732fc41fdbb8c93fadd59ff3497efb9d6,53129,51953,8236,Otras Entidades,MEDIUM,INSTITUTION_HEADER,Providencia,,2017.0,4.0,2017-04-04,HIGH,HEADER_EXPLICIT_DATE,346,False,DOC_0346,EXCLUIR,auto: law_or_decree_text de alta confianza,LAW_OR_DECREE_TEXT,False,auto: law_or_decree_text de alta confianza
3.record_0 (182).txt,57e36590bd7807d0ddcaa1531df81644,39d047de6c8d9ab8ecc30ad1599bd25386af9a82bd17b70ba6422f82ab0ef720,29779,28986,4782,Otras Entidades,LOW,FALLBACK,Providencia,,2022.0,5.0,2022-05-26,HIGH,HEADER_EXPLICIT_DATE,347,False,DOC_0347,EXCLUIR,auto: providencia judicial pero no es alta corte (Gate 0.3),JUDICIAL,False,auto: providencia judicial pero no es alta corte (Gate 0.3)
1.record_0 (28).txt,57ed4f27ac09aaad53b0a27b81bdbdcb,d79758d47f338c3c8092d456099bb6dc19b55333441766e1a4784a660842ae69,11476,11284,1387,Otras Entidades,LOW,FALLBACK,Providencia,,2020.0,,,MEDIUM,HEADER_FIRST_YEAR,348,False,DOC_0348,EXCLUIR,auto: academic_article de alta confianza,ACADEMIC_ARTICLE,False,auto: academic_article de alta confianza
3.record_0 (1085).txt,5831c11af3cb5d60ecfbc6c94ed9e765,91ec463f95ed8e5efb61c9c6e312ab0c777cd7212c03d44bd2f316d4443464b1,59286,58021,8791,Otras Entidades,LOW,FALLBACK,Providencia,,2014.0,,,MEDIUM,HEADER_FIRST_YEAR,349,False,DOC_0349,EXCLUIR,auto: law_or_decree_text de alta confianza,LAW_OR_DECREE_TEXT,False,auto: law_or_decree_text de alta confianza
3.record_0 (1154).txt,589b583dd2eaf0f994dae80c8491a320,4539aeef3acf133bc96276e7807d184784c1df8b8941cc42ff9bed1306eb9634,85812,84055,13674,Otras Entidades,MEDIUM,INSTITUTION_HEADER,Providencia,,2017.0,9.0,2017-09-15,HIGH,HEADER_EXPLICIT_DATE,350,False,DOC_0350,EXCLUIR,auto: providencia judicial pero no es alta corte (Gate 0.3),JUDICIAL,False,auto: providencia judicial pero no es alta corte (Gate 0.3)
2. record_0 (58).txt,589ea5d798edc6ee3aed6b0df823ac7c,8d60f96c3cbf857668004c2395ca1567a7331d5711830a85c9b4344a9a78c0f8,7370,7219,1103,Otras Entidades,MEDIUM,INSTITUTION_HEADER,Providencia,,2023.0,,,MEDIUM,HEADER_FIRST_YEAR,351,False,DOC_0351,EXCLUIR,auto: law_or_decree_text de alta confianza,LAW_OR_DECREE_TEXT,False,auto: law_or_decree_text de alta confianza
2. record_0 (384).txt,58aa5347c4a75b76c24970aa79b7c8b4,4f8ab569f81483221e9cd48525b70d19773289f6b27ffe954eac689e3d0eb11b,43476,42697,6844,Corte Constitucional,HIGH,OFFICIAL_HEADER_NUMBER,Sentencia de Constitucionalidad,C-136/18,2018.0,8.0,2018-08-10,HIGH,SENTENCE_IDENTIFIER,352,False,DOC_0352,INCLUIR,auto: marcador judicial de alta confianza + alta corte,JUDICIAL,True,
2. record_0 (575).txt,58c63b79d65caee8e7b8b1c78190e926,13c4f3f2088b784793cfeee68f3c3c3a0438d56254fc6cd6f409cd578b7edc59,141757,139234,21325,Corte Constitucional,HIGH,OFFICIAL_HEADER_NUMBER,Sentencia de Constitucionalidad,C-396/20,2020.0,6.0,2020-06-04,HIGH,SENTENCE_IDENTIFIER,353,False,DOC_0353,INCLUIR,auto: marcador judicial de alta confianza + alta corte,JUDICIAL,True,
1.record_0 (458).txt,59299ca6841c212d47f51d2cfdca9e42,58491a03483c6ecd3fa52bd3a41eeb2480c9e27fc269fd555b739815ea94c251,301778,296365,46831,Corte Constitucional,HIGH,OFFICIAL_HEADER_NUMBER,Sentencia de Constitucionalidad,C-222/22,2022.0,11.0,2022-11-03,HIGH,SENTENCE_IDENTIFIER,354,False,DOC_0354,INCLUIR,auto: marcador judicial de alta confianza + alta corte,JUDICIAL,True,
3.record_0 (865).txt,59b246dd6674ac77842be8496abe81bb,a4c0ba8a9d57edff691002e70716f747cf24d8108d19a36e0fb9b0d5b1596789,46214,45290,7131,Otras Entidades,MEDIUM,INSTITUTION_HEADER,Providencia,,2023.0,4.0,2023-04-18,HIGH,HEADER_EXPLICIT_DATE,355,False,DOC_0355,EXCLUIR,auto: providencia judicial pero no es alta corte (Gate 0.3),JUDICIAL,False,auto: providencia judicial pero no es alta corte (Gate 0.3)
3.record_0 (1014).txt,59f7f9778e1f329e670de42abbc8161d,93f0cd3c537bcc9d746a0c0215ca1f268509185de271d4b3b0b3b2eb0940cedb,61913,60596,9654,Consejo de Estado,HIGH,INSTITUTION_HEADER,Sentencia Contencioso Administrativa,,2021.0,7.0,2021-07-09,HIGH,HEADER_EXPLICIT_DATE,356,False,DOC_0356,INCLUIR,auto: marcador judicial de alta confianza + alta corte,JUDICIAL,True,
3.record_0 (35).txt,5a038eb1200c6fc6337c9e94eccc4473,095708dca3d24480691c6272a2c480ebc4d37d7f4b39fe26c8bcd814b271787d,4257,4158,664,Corte Constitucional,MEDIUM,TEXT_MENTION_HEADER,Providencia,,2021.0,2.0,2021-02-17,HIGH,HEADER_EXPLICIT_DATE,357,False,DOC_0357,INCLUIR,auto: marcador judicial de alta confianza + alta corte,JUDICIAL,True,
3.record_0 (1335).txt,5a4b10c03e3c1608afa93deb8fc7a060,3bc0fc51c54b6e672b7fd26b4e60370dafd060732d461a5c14fae475362b68cd,129792,127484,20053,Consejo de Estado,HIGH,INSTITUTION_HEADER,Sentencia Contencioso Administrativa,,2016.0,10.0,2016-10-13,HIGH,HEADER_EXPLICIT_DATE,358,False,DOC_0358,INCLUIR,auto: marcador judicial de alta confianza + alta corte,JUDICIAL,True,
1.record_0 (75).txt,5a71f05041556b5e5fd0fc4aaa8fad26,78e6d601de3aaf7bded59cbd1cdcaae0d026d02d59e756e8116dd49b01538339,47959,46785,7329,Otras Entidades,LOW,FALLBACK,Providencia,,2020.0,12.0,2020-12-18,HIGH,HEADER_EXPLICIT_DATE,359,False,DOC_0359,EXCLUIR,auto: providencia judicial pero no es alta corte (Gate 0.3),JUDICIAL,False,auto: providencia judicial pero no es alta corte (Gate 0.3)
2. record_0 (1132).txt,5a9791d60999f192ef4b91f2e6088519,f61b6d6887afce5b56199a44365ccf6cdb6bfbe49a95b9e0be1a87339ac3630a,273498,268601,42010,Corte Constitucional,HIGH,OFFICIAL_HEADER_NUMBER,Sentencia de Tutela,T-124/15,2015.0,,,HIGH,SENTENCE_IDENTIFIER,360,False,DOC_0360,INCLUIR,auto: marcador judicial de alta confianza + alta corte,JUDICIAL,True,
3.record_0 (832).txt,5aba19f1c5f6b597b3a7101739bc37c7,5569231d65e53c752a6daf736829c0bc790330cfba19799a53a53ad0a27f6f7e,40448,39661,5909,Otras Entidades,LOW,FALLBACK,Providencia,,2019.0,,,MEDIUM,HEADER_FIRST_YEAR,361,False,DOC_0361,EXCLUIR,auto: academic_article de alta confianza,ACADEMIC_ARTICLE,False,auto: academic_article de alta confianza
1.record_0 (145).txt,5abbbf50775b0c109de0e42de65a889b,c826c7d4378f008f4307224646da68567d2318304be9d51d49f1a0ec03287ba3,41350,40400,6370,Otras Entidades,MEDIUM,INSTITUTION_HEADER,Providencia,,2016.0,6.0,2016-06-15,HIGH,HEADER_EXPLICIT_DATE,362,False,DOC_0362,EXCLUIR,auto: providencia judicial pero no es alta corte (Gate 0.3),JUDICIAL,False,auto: providencia judicial pero no es alta corte (Gate 0.3)
3.record_0 (1946).txt,5b08d181e08c55b42e377dc03f4bbdaf,0fb85651017037eeb67367e5ef16ebd8dfde98e3ae8502e9ffe3a1902995ab30,1109162,1086452,170708,Corte Constitucional,HIGH,OFFICIAL_HEADER_NUMBER,Sentencia de Constitucionalidad,C-007/18,2018.0,1.0,2018-01-24,HIGH,SENTENCE_IDENTIFIER,363,False,DOC_0363,INCLUIR,auto: marcador judicial de alta confianza + alta corte,JUDICIAL,True,
2. record_0 (517).txt,5b2fdeb8765baec16d447828035ca881,3565cf1196e8837f0f829659c0bd59b13139a8dc4daaaba3ae3a6184b1b6a1f8,66049,64783,10038,Otras Entidades,MEDIUM,INSTITUTION_HEADER,Providencia,,2011.0,7.0,2011-07-29,HIGH,HEADER_EXPLICIT_DATE,364,False,DOC_0364,EXCLUIR,auto: providencia judicial pero no es alta corte (Gate 0.3),JUDICIAL,False,auto: providencia judicial pero no es alta corte (Gate 0.3)
3.record_0 (338).txt,5bdc078800791fb4eaf788404f906aab,d8974d47494bb9444a2c415e513b471fb732b4f3c511696264e56cbea8619c90,16846,16473,2589,Corte Constitucional,MEDIUM,TEXT_MENTION_HEADER,Providencia,,2023.0,4.0,2023-04-21,HIGH,HEADER_EXPLICIT_DATE,365,False,DOC_0365,INCLUIR,auto: marcador judicial de alta confianza + alta corte,JUDICIAL,True,
3.record_0 (998).txt,5c53e799f7d4916681abf9f0cc85fbc5,6c4dfeab569e166afd15d12e350591537821d2394fcdfcd4b5962878a76e99c8,62614,61350,9862,Otras Entidades,MEDIUM,INSTITUTION_HEADER,Providencia,,2014.0,2.0,2014-02-10,HIGH,HEADER_EXPLICIT_DATE,366,False,DOC_0366,EXCLUIR,auto: providencia judicial pero no es alta corte (Gate 0.3),JUDICIAL,False,auto: providencia judicial pero no es alta corte (Gate 0.3)
2. record_0 (1034).txt,5c6d49e60fbf0309cd439d898f153c1a,0ab7de7dfddbe42af42b005516e4f6763e7c085b655e082bcc7e232d456cfa00,199385,195888,32152,Corte Constitucional,MEDIUM,TEXT_MENTION_HEADER,Providencia,,2002.0,,,MEDIUM,HEADER_FIRST_YEAR,367,False,DOC_0367,INCLUIR,auto: marcador judicial de alta confianza + alta corte,JUDICIAL,True,
2. record_0 (455).txt,5c8525849fa3a04ac1b76f219579a57c,a442f5f07fadadf26f6c4df944a5ac885c6d36e6d042d2c9b14b8d9234c75723,103698,101844,15037,Otras Entidades,LOW,FALLBACK,Providencia,,2011.0,,,MEDIUM,HEADER_FIRST_YEAR,368,False,DOC_0368,EXCLUIR,auto: law_or_decree_text de alta confianza,LAW_OR_DECREE_TEXT,False,auto: law_or_decree_text de alta confianza
2. record_0 (1257).txt,5cc6e648a9ca8091672260cc57c2c1ec,cb2478b24d861a321dc5e2f2aad1c4954d7df3103edb7d6eab9c8b5be8046360,486850,480599,57309,Corte Constitucional,MEDIUM,TEXT_MENTION_HEADER,Providencia,,2002.0,11.0,2002-11-30,HIGH,HEADER_EXPLICIT_DATE,369,False,DOC_0369,EXCLUIR,auto: law_or_decree_text de alta confianza,LAW_OR_DECREE_TEXT,False,auto: law_or_decree_text de alta confianza
3.record_0 (75).txt,5d181fb5b87ddd0a640bca852844ca95,26377dc4793e6632f27878a61093f574c8ac180c2ffd2aa5f595ed2baaed01e3,7460,7344,1211,Otras Entidades,LOW,FALLBACK,Providencia,,2022.0,12.0,2022-12-05,HIGH,HEADER_EXPLICIT_DATE,370,False,DOC_0370,EXCLUIR,auto: academic_article de alta confianza,ACADEMIC_ARTICLE,False,auto: academic_article de alta confianza
1.record_0 (455).txt,5d18d1a28c774aca9d3a053fc4884a5c,8f0cd1fae8d7fc35d4bbad21b1235a2d316f8e34a87ef992253cbb143b94b805,264025,258718,40645,Corte Constitucional,HIGH,OFFICIAL_HEADER_NUMBER,Sentencia de Tutela,T-203/22,2022.0,4.0,2022-04-23,HIGH,SENTENCE_IDENTIFIER,371,False,DOC_0371,INCLUIR,auto: marcador judicial de alta confianza + alta corte,JUDICIAL,True,
3.record_0 (99).txt,5d25ac840b3f3b51199b47abde76b31b,b724ae47509815cc4266de69d2b10223822090616f8c2729b8fb7b8320c0c35e,41963,41142,6201,Corte Constitucional,MEDIUM,TEXT_MENTION_HEADER,Providencia,,2023.0,1.0,2023-01-22,HIGH,HEADER_EXPLICIT_DATE,372,False,DOC_0372,INCLUIR,auto: marcador judicial de alta confianza + alta corte,JUDICIAL,True,
3.record_0 (438).txt,5d2d73c200754c8a2ec5c9433166c902,e2e46b1e9ea41784d8de72fe1eb2c9ffe8ffb4cbf79bd0533c3838dbdb7145f0,39139,38401,6245,Otras Entidades,MEDIUM,INSTITUTION_HEADER,Providencia,,2020.0,3.0,2020-03-13,HIGH,HEADER_EXPLICIT_DATE,373,False,DOC_0373,EXCLUIR,auto: providencia judicial pero no es alta corte (Gate 0.3),JUDICIAL,False,auto: providencia judicial pero no es alta corte (Gate 0.3)
2. record_0 (52).txt,5d5d037fc5f11d8e56f8e6b95198a50e,d004427c5f3098aa612db61a31410d3dd54577310276b4c45b1735cf8e1c4d5d,20696,20296,3101,Otras Entidades,MEDIUM,INSTITUTION_HEADER,Providencia,,2022.0,,,MEDIUM,HEADER_FIRST_YEAR,374,False,DOC_0374,EXCLUIR,auto: law_or_decree_text de alta confianza,LAW_OR_DECREE_TEXT,False,auto: law_or_decree_text de alta confianza
1.record_0 (268).txt,5d8e6ebca36a65fc60d63ef87593d83b,4fb7ec652d38c56fe9f8444302c20b1943e0eb3355bb495a0d4ec13c22173a2b,323595,317295,49208,Corte Constitucional,HIGH,OFFICIAL_HEADER_NUMBER,Sentencia de Tutela,T-239/18,2018.0,11.0,2018-11-02,HIGH,SENTENCE_IDENTIFIER,375,False,DOC_0375,INCLUIR,auto: marcador judicial de alta confianza + alta corte,JUDICIAL,True,
3.record_0 (1137).txt,5db6b3c680c044c4e56f49d97365e1ec,7c0d8ac3b9d3c032cc83ef55fcea1571d781c4a128bff9e71d16791dd5faafee,77138,75675,12335,Otras Entidades,LOW,FALLBACK,Providencia,,,,,LOW,NONE,376,False,DOC_0376,EXCLUIR,auto: providencia judicial pero no es alta corte (Gate 0.3),JUDICIAL,False,auto: providencia judicial pero no es alta corte (Gate 0.3)
3.record_0 (392).txt,5e033ac9b28e90caa15fc74442efa699,0aec034f98557a22b6c2236c5feca5263facafd3311be637dff4f8107698d2f0,21599,21223,3345,Otras Entidades,LOW,FALLBACK,Providencia,,2018.0,7.0,2018-07-12,HIGH,HEADER_EXPLICIT_DATE,377,False,DOC_0377,EXCLUIR,auto: providencia judicial pero no es alta corte (Gate 0.3),JUDICIAL,False,auto: providencia judicial pero no es alta corte (Gate 0.3)
3.record_0 (1065).txt,5e03e3f352e368848ffbf97ca7d9f6f5,b2ed4748e35bdca4c20c1e724d7a79662624c97c20aec513e9c70af0e4821e23,66144,65074,10089,Otras Entidades,LOW,FALLBACK,Providencia,,2012.0,2.0,2012-02-14,HIGH,HEADER_EXPLICIT_DATE,378,False,DOC_0378,EXCLUIR,auto: academic_article de alta confianza,ACADEMIC_ARTICLE,False,auto: academic_article de alta confianza
3.record_0 (548).txt,5e132247afe7a8d3efd1d0694255a644,c9aed226d3fba18af5447c3afd7652037cd93dd274c2bbed13ff62ba1770f786,27724,27113,4280,Otras Entidades,LOW,FALLBACK,Providencia,,2023.0,6.0,2023-06-14,HIGH,HEADER_EXPLICIT_DATE,379,False,DOC_0379,EXCLUIR,auto: providencia judicial pero no es alta corte (Gate 0.3),JUDICIAL,False,auto: providencia judicial pero no es alta corte (Gate 0.3)
3.record_0 (980).txt,5e2d351e71af5c3af0f28ded9fe0d9e3,c00ba70cf74dd6ed660ee92ffe72e692812e277f42f8e70160692f30a294bc81,54129,53105,8137,Corte Constitucional,HIGH,OFFICIAL_HEADER_NUMBER,Auto de Sala Plena/Seguimiento,Auto-138/22,2022.0,7.0,2022-07-03,HIGH,SENTENCE_IDENTIFIER,380,False,DOC_0380,INCLUIR,auto: marcador judicial de alta confianza + alta corte,JUDICIAL,True,
2. record_0 (1291).txt,5eb99d20fd3443e6bff4bb377d2790da,12c7fb921cd899fd83278b409dd9d743f700ce5d7125eb864a7fdcc891fd971c,362842,355836,56932,Corte Constitucional,MEDIUM,TEXT_MENTION_HEADER,Providencia,,2022.0,2.0,2022-02-04,HIGH,HEADER_EXPLICIT_DATE,381,False,DOC_0381,INCLUIR,auto: marcador judicial de alta confianza + alta corte,JUDICIAL,True,
1.record_0 (8).txt,5f13c68c045220c345478e5499440a92,7ca2a61d148792e87309501cf8b39236e052a4e09714c3f13a87f6f629a40948,15108,14785,2255,Corte Suprema de Justicia,HIGH,INSTITUTION_HEADER,Sentencia Casación STC,STC-658/2019,2019.0,9.0,2019-09-21,HIGH,SENTENCE_IDENTIFIER,382,False,DOC_0382,INCLUIR,auto: marcador judicial de alta confianza + alta corte,JUDICIAL,True,
2. record_0 (1216).txt,5f26a2c6e35c5736e22cb747a20d4382,ef2326a98e4dd3249fb9a54223d924387f2c17402679718acb22faca3748c756,357457,349806,56082,Corte Constitucional,HIGH,OFFICIAL_HEADER_NUMBER,Sentencia de Tutela,T-595/13,2013.0,10.0,2013-10-17,HIGH,SENTENCE_IDENTIFIER,383,False,DOC_0383,INCLUIR,auto: marcador judicial de alta confianza + alta corte,JUDICIAL,True,
3.record_0 (484).txt,5f95f5ec3aa9b657102b59bba16f279c,dc07aa2bb6f48f717d5bac5917828f9b4ee51f1d1c3fa85c038972ba5d2f901b,20817,20406,3366,Otras Entidades,MEDIUM,INSTITUTION_HEADER,Providencia,,2022.0,7.0,2022-07-12,HIGH,HEADER_EXPLICIT_DATE,384,False,DOC_0384,EXCLUIR,auto: providencia judicial pero no es alta corte (Gate 0.3),JUDICIAL,False,auto: providencia judicial pero no es alta corte (Gate 0.3)
3.record_0 (366).txt,600237c757877108c6240496957b8c31,d86f5598e2d9c7b9c70021572821791cf55586bb372641da398dcb066a724f5d,35700,34983,5451,Consejo de Estado,HIGH,INSTITUTION_HEADER,Sentencia Contencioso Administrativa,,2020.0,3.0,2020-03-26,HIGH,HEADER_EXPLICIT_DATE,385,False,DOC_0385,INCLUIR,auto: marcador judicial de alta confianza + alta corte,JUDICIAL,True,
3.record_0 (1160).txt,60336320cb2cfc1855a9279fdc63c1dc,16e9a4c135cad78e0fb1a1bbbd6d4ad9d280f3c317ab8dd44be26b74389a9a07,75640,73920,11499,Otras Entidades,LOW,FALLBACK,Providencia,,2014.0,,,MEDIUM,HEADER_FIRST_YEAR,386,False,DOC_0386,EXCLUIR,auto: law_or_decree_text de alta confianza,LAW_OR_DECREE_TEXT,False,auto: law_or_decree_text de alta confianza
2. record_0 (332).txt,608d624b6a4d1b0ad0ae4583316f163c,fd3a2286029c40aa5b8563a11077368fe88e07286a1041c2627772a9a6492e09,99301,97261,15870,Otras Entidades,MEDIUM,INSTITUTION_HEADER,Providencia,,2017.0,5.0,2017-05-25,HIGH,HEADER_EXPLICIT_DATE,387,False,DOC_0387,EXCLUIR,auto: providencia judicial pero no es alta corte (Gate 0.3),JUDICIAL,False,auto: providencia judicial pero no es alta corte (Gate 0.3)
2. record_0 (723).txt,60ae2f18ec03d5576dcdd6ef68436c74,533b8c596db117b0dec2b23df13ea9c2fb100baa9b914af0e84a03c235ce06d9,105950,104008,16298,Corte Constitucional,HIGH,OFFICIAL_HEADER_NUMBER,Sentencia de Unificación,SU-659/15,2015.0,6.0,2015-06-14,HIGH,SENTENCE_IDENTIFIER,388,False,DOC_0388,INCLUIR,auto: marcador judicial de alta confianza + alta corte,JUDICIAL,True,
3.record_0 (112).txt,60deb675d73ea87575f371561f0342ef,f56c61ddc2ea839c67e18ded4056e8b81426fc2b2478ddf808b75888b5a63ee5,17052,16728,2657,Otras Entidades,MEDIUM,INSTITUTION_HEADER,Providencia,,2018.0,4.0,2018-04-17,HIGH,HEADER_EXPLICIT_DATE,389,False,DOC_0389,EXCLUIR,auto: providencia judicial pero no es alta corte (Gate 0.3),JUDICIAL,False,auto: providencia judicial pero no es alta corte (Gate 0.3)
1.record_0 (136).txt,611e828d5f32ecf90a817814bce4ecc6,0a759efd88e3baf4d5751cac7bf9a9d92dcf8fe34e7c4c2a58ed71e58c8cc76f,44229,43347,6416,Corte Constitucional,MEDIUM,TEXT_MENTION_HEADER,Providencia,,2018.0,,,MEDIUM,HEADER_FIRST_YEAR,390,False,DOC_0390,EXCLUIR,auto: law_or_decree_text de alta confianza,LAW_OR_DECREE_TEXT,False,auto: law_or_decree_text de alta confianza
1.record_0 (1).txt,6170bbfcac72b70495508f503f771ef7,c0ef9b3de4d170b2b36533a2b0ada08091aed8c108c2702e02c9003ac3991426,6030,5853,884,Otras Entidades,MEDIUM,INSTITUTION_HEADER,Providencia,,1995.0,6.0,1995-06-09,HIGH,HEADER_EXPLICIT_DATE,391,False,DOC_0391,EXCLUIR,auto: law_or_decree_text de alta confianza,LAW_OR_DECREE_TEXT,False,auto: law_or_decree_text de alta confianza
3.record_0 (626).txt,6213fb87064bc383b0f32a413a0d2333,585f7708c713f17121aca509ab50ceac0a423aeceae8674715e92763702ec72b,30027,29358,4575,Otras Entidades,LOW,FALLBACK,Providencia,,2017.0,11.0,2017-11-14,HIGH,HEADER_EXPLICIT_DATE,392,False,DOC_0392,EXCLUIR,auto: providencia judicial pero no es alta corte (Gate 0.3),JUDICIAL,False,auto: providencia judicial pero no es alta corte (Gate 0.3)
3.record_0 (1279).txt,62214d2a5c51e73926103eafd241e4c4,f240386b285bdfbfaed8198f3f69ae37e9d6375e1e59b218c731b5131e6b228b,194495,190598,29680,Corte Constitucional,HIGH,OFFICIAL_HEADER_NUMBER,Sentencia de Tutela,T-018/21,2021.0,9.0,2021-09-10,HIGH,SENTENCE_IDENTIFIER,393,False,DOC_0393,INCLUIR,auto: marcador judicial de alta confianza + alta corte,JUDICIAL,True,
3.record_0 (331).txt,623d0ccff628db0797f578f98ad71696,696256df72fdd39af4fda08d498596f9e49f8ff9e520974a1fc018213d8bb660,17156,16792,2719,Otras Entidades,LOW,FALLBACK,Providencia,,2022.0,7.0,2022-07-14,HIGH,HEADER_EXPLICIT_DATE,394,False,DOC_0394,EXCLUIR,auto: providencia judicial pero no es alta corte (Gate 0.3),JUDICIAL,False,auto: providencia judicial pero no es alta corte (Gate 0.3)
2. record_0 (772).txt,623d40f436bdfb6c5c9bf3ee1e4a13ef,bfbda5847f30479ddc20b823fcd7c88b4616b70c7612c4103843faa0022a350b,122272,119975,18772,Corte Constitucional,HIGH,OFFICIAL_HEADER_NUMBER,Sentencia de Constitucionalidad,C-326/19,2019.0,12.0,2019-12-03,HIGH,SENTENCE_IDENTIFIER,395,False,DOC_0395,INCLUIR,auto: marcador judicial de alta confianza + alta corte,JUDICIAL,True,
3.record_0 (276).txt,62d7101439ac2eefdc8dc41198c8b689,8fafa87e4c10d8445f250e93ae2885828f833c99629fc510a8e905264874da49,31122,30444,4728,Otras Entidades,LOW,FALLBACK,Providencia,,2021.0,10.0,2021-10-29,HIGH,HEADER_EXPLICIT_DATE,396,False,DOC_0396,EXCLUIR,auto: providencia judicial pero no es alta corte (Gate 0.3),JUDICIAL,False,auto: providencia judicial pero no es alta corte (Gate 0.3)
2. record_0 (212).txt,62dc811f7a32484adcb98e904d0705e3,72545ec5c200ff49ec5acd3c678562426503ccac946b98dbd02078b2115acfc5,21085,20592,3281,Otras Entidades,MEDIUM,INSTITUTION_HEADER,Providencia,,2016.0,12.0,2016-12-30,HIGH,HEADER_EXPLICIT_DATE,397,False,DOC_0397,EXCLUIR,auto: providencia judicial pero no es alta corte (Gate 0.3),JUDICIAL,False,auto: providencia judicial pero no es alta corte (Gate 0.3)
3.record_0 (1219).txt,637df4ce65df04c90959e83046f113cb,d28bc08bc6a58ac8609b1c32e95ccf77a9892807d84b06d8dc5b6e3609564fef,92469,90633,14659,Otras Entidades,LOW,FALLBACK,Providencia,,2016.0,4.0,2016-04-20,HIGH,HEADER_EXPLICIT_DATE,398,False,DOC_0398,EXCLUIR,auto: providencia judicial pero no es alta corte (Gate 0.3),JUDICIAL,False,auto: providencia judicial pero no es alta corte (Gate 0.3)
3.record_0 (245).txt,63892638e8904bf53efbcbdfcac2f139,3efe74679a3a0ebafd79facb8a0c8b5b6afde94a7d814ffcc532548014a0f55a,13032,12703,1994,Otras Entidades,MEDIUM,INSTITUTION_HEADER,Providencia,,1999.0,10.0,1999-10-06,HIGH,HEADER_EXPLICIT_DATE,399,False,DOC_0399,EXCLUIR,auto: law_or_decree_text de alta confianza,LAW_OR_DECREE_TEXT,False,auto: law_or_decree_text de alta confianza
3.record_0 (395).txt,639ceb43319779219f7cc617618f304e,7c6880fb9e380387045927cc6ec9d24b529ea138bdb2a27d500448661420420e,55111,54146,8457,Corte Constitucional,HIGH,OFFICIAL_HEADER_NUMBER,Auto de Sala Plena/Seguimiento,Auto-220/21,2021.0,11.0,2021-11-08,HIGH,SENTENCE_IDENTIFIER,400,False,DOC_0400,INCLUIR,auto: marcador judicial de alta confianza + alta corte,JUDICIAL,True,
2. record_0 (647).txt,63b10c929d44e6ebd0938aaf1a13cbaf,6c4165e44549c9c42f90e383d850f43bd44c714925405ca6604dbd41842a7152,241362,236650,37865,Corte Constitucional,HIGH,OFFICIAL_HEADER_NUMBER,Sentencia de Tutela,T-735/17,2017.0,11.0,2017-11-25,HIGH,SENTENCE_IDENTIFIER,401,False,DOC_0401,INCLUIR,auto: marcador judicial de alta confianza + alta corte,JUDICIAL,True,
1.record_0 (314).txt,6401ac5546d1e94e0f4af4ee1baa0f02,d28904cbf928ef1af4da4cdecfda400685e0e3a28cb4483eccafc46e1f348378,343559,336636,52888,Corte Constitucional,HIGH,OFFICIAL_HEADER_NUMBER,Sentencia de Constitucionalidad,C-438/13,2013.0,,,HIGH,SENTENCE_IDENTIFIER,402,False,DOC_0402,INCLUIR,auto: marcador judicial de alta confianza + alta corte,JUDICIAL,True,
2. record_0 (722).txt,64053a6c71aa92979873c9265de37d3e,484602c12a93a96e2d25495604c7493e482a3ea5bb993fb31474f8d33cd360d4,103432,101466,16230,Otras Entidades,LOW,FALLBACK,Providencia,,2020.0,2.0,2020-02-04,HIGH,HEADER_EXPLICIT_DATE,403,False,DOC_0403,EXCLUIR,auto: providencia judicial pero no es alta corte (Gate 0.3),JUDICIAL,False,auto: providencia judicial pero no es alta corte (Gate 0.3)
3.record_0 (277).txt,645fed05db050f2674dc11849a45cb79,0bdfb8f75b659527779e375b3c5b9be9716776529c9164789a383d0300b28416,55719,54468,8318,Corte Constitucional,HIGH,OFFICIAL_HEADER_NUMBER,Auto de Sala Plena/Seguimiento,Auto-1030/22,2022.0,9.0,2022-09-22,HIGH,SENTENCE_IDENTIFIER,404,False,DOC_0404,INCLUIR,auto: marcador judicial de alta confianza + alta corte,JUDICIAL,True,
1.record_0 (121).txt,6480c93635eda41c7f214e4e3deaaa56,1a7af034c6773973c03b2ea074a0b0630ad685cc6e7f6ef19d65581df75c9a0a,64453,62948,10254,Corte Constitucional,HIGH,OFFICIAL_HEADER_NUMBER,Sentencia de Tutela,T-455/21,2021.0,12.0,2021-12-09,HIGH,SENTENCE_IDENTIFIER,405,False,DOC_0405,INCLUIR,auto: marcador judicial de alta confianza + alta corte,JUDICIAL,True,
3.record_0 (683).txt,653efbeb84ae9d3c00ac4dbeec17c83b,5b28d0613fae078bb60f4cfac08a8d66ec3e98da687199ec8b5e64aaab7a076d,34084,33415,5460,Otras Entidades,MEDIUM,INSTITUTION_HEADER,Providencia,,2016.0,,,MEDIUM,HEADER_FIRST_YEAR,406,False,DOC_0406,EXCLUIR,auto: providencia judicial pero no es alta corte (Gate 0.3),JUDICIAL,False,auto: providencia judicial pero no es alta corte (Gate 0.3)
3.record_0 (298).txt,6543b064f3e96a08b90a0c8d4dec58b5,f2539238e5ba03d61c69d591c2a8e0713d1b71c697b873fc71dc78f5e743798e,58881,57937,9164,Consejo de Estado,HIGH,INSTITUTION_HEADER,Sentencia Contencioso Administrativa,,2020.0,8.0,2020-08-13,HIGH,HEADER_EXPLICIT_DATE,407,False,DOC_0407,INCLUIR,auto: marcador judicial de alta confianza + alta corte,JUDICIAL,True,
2. record_0 (349).txt,65f6a1313dafc9821b8207b23eef40b5,5f74bfd27cfe5638c2519072537502f0370d17eaa7f73f101b4f6edbb79ba311,43430,42794,5103,Otras Entidades,LOW,FALLBACK,Providencia,,2022.0,12.0,2022-12-31,HIGH,HEADER_EXPLICIT_DATE,408,False,DOC_0408,EXCLUIR,auto: law_or_decree_text de alta confianza,LAW_OR_DECREE_TEXT,False,auto: law_or_decree_text de alta confianza
2. record_0 (899).txt,661ba1c923c533a249c2f2a360cb616b,7dc4e2d171d63809f0972d8e20e8610ef5e1f7e30e64f97fcbf183d2692aa70a,147526,144174,22908,Corte Constitucional,MEDIUM,TEXT_MENTION_HEADER,Providencia,,2022.0,2.0,2022-02-21,HIGH,HEADER_EXPLICIT_DATE,409,False,DOC_0409,INCLUIR,auto: marcador judicial de alta confianza + alta corte,JUDICIAL,True,
2. record_0 (238).txt,663932ea4375294c018368fa35dda14b,519fd00974fd4a3f7962d52b7a31845a2027ac0f985ef041ad15128e587bad5e,26661,26166,4169,Otras Entidades,MEDIUM,INSTITUTION_HEADER,Providencia,,2013.0,9.0,2013-09-12,HIGH,HEADER_EXPLICIT_DATE,410,False,DOC_0410,EXCLUIR,auto: providencia judicial pero no es alta corte (Gate 0.3),JUDICIAL,False,auto: providencia judicial pero no es alta corte (Gate 0.3)
3.record_0 (583).txt,663f3aa752d732db9fd4a1f459430fab,9e8a83cba5a0f2e86ac8f1aef0d002a564c3520847579c85e62a9266e62ba7fc,75040,73275,11416,Otras Entidades,LOW,FALLBACK,Providencia,,2017.0,4.0,2017-04-25,HIGH,HEADER_EXPLICIT_DATE,411,False,DOC_0411,EXCLUIR,auto: academic_article de alta confianza,ACADEMIC_ARTICLE,False,auto: academic_article de alta confianza
3.record_0 (52).txt,664dbb53568329e6a829506dac75c4ac,7dcde2d32a7dd40201006478c99124c6e119eb6b2cb56c728282457184f6d73e,10833,10528,1648,Otras Entidades,MEDIUM,INSTITUTION_HEADER,Providencia,,2016.0,6.0,2016-06-14,HIGH,HEADER_EXPLICIT_DATE,412,False,DOC_0412,EXCLUIR,auto: law_or_decree_text de alta confianza,LAW_OR_DECREE_TEXT,False,auto: law_or_decree_text de alta confianza
1.record_0 (196).txt,66642c29a48cba1dfc1f6cc5461a3353,9c0a7434c0505b8e76bfed53d9e9abb9775d5060860db717558ee6c907a8ae83,69925,68588,10658,Corte Constitucional,HIGH,OFFICIAL_HEADER_NUMBER,Sentencia de Constitucionalidad,C-056/22,2022.0,6.0,2022-06-18,HIGH,SENTENCE_IDENTIFIER,413,False,DOC_0413,INCLUIR,auto: marcador judicial de alta confianza + alta corte,JUDICIAL,True,
1.record_0 (341).txt,666c6d68a07278cc9dfb07a1771240ff,a2bfd4277db8ea462eab52a471281bdf949f2b5e7d071b652527a97bc59d55ff,180295,176336,27947,Corte Constitucional,HIGH,OFFICIAL_HEADER_NUMBER,Sentencia de Tutela,T-211/19,2019.0,7.0,2019-07-19,HIGH,SENTENCE_IDENTIFIER,414,False,DOC_0414,INCLUIR,auto: marcador judicial de alta confianza + alta corte,JUDICIAL,True,
2. record_0 (375).txt,673e9cdb4bce2da98ab8009bdd704745,fdb750b86c950d6ec28b238ae1d408265c9a83cfbd4bcc1b0e7e7728206f7110,119953,117778,19155,Corte Suprema de Justicia,HIGH,INSTITUTION_HEADER,Sentencia Casación SL,SL-413/2022,2022.0,11.0,2022-11-16,HIGH,SENTENCE_IDENTIFIER,415,False,DOC_0415,INCLUIR,auto: marcador judicial de alta confianza + alta corte,JUDICIAL,True,
3.record_0 (837).txt,6742f55160efd188f9456cb8dd061c79,9845c42b271e3d046cbe77454fba4b702dc1aeb484476bd07c7f89a057fc1877,47325,46260,7077,Otras Entidades,MEDIUM,INSTITUTION_HEADER,Providencia,,2018.0,6.0,2018-06-20,HIGH,HEADER_EXPLICIT_DATE,416,False,DOC_0416,EXCLUIR,auto: law_or_decree_text de alta confianza,LAW_OR_DECREE_TEXT,False,auto: law_or_decree_text de alta confianza
2. record_0 (637).txt,674547dd7fdd4471ce650e0e7ff11e77,5924a3b76f2ea52c2328e921415fcdcf3f80403313266fe1b182e79ca8225eff,79967,78265,12737,Otras Entidades,MEDIUM,INSTITUTION_HEADER,Providencia,,2017.0,8.0,2017-08-02,HIGH,HEADER_EXPLICIT_DATE,417,False,DOC_0417,EXCLUIR,auto: providencia judicial pero no es alta corte (Gate 0.3),JUDICIAL,False,auto: providencia judicial pero no es alta corte (Gate 0.3)
3.record_0 (1299).txt,6756ffe5b511829fae433ff04678bd5b,1af42135990bbc4a75282ff554ce5a0506b7685f534e2364b473d42b7054d200,102343,100179,16014,Otras Entidades,LOW,FALLBACK,Providencia,,2017.0,,,MEDIUM,HEADER_FIRST_YEAR,418,False,DOC_0418,EXCLUIR,"auto (confianza baja): perfil de bibliografia academica (autor+afiliacion), sin marcador judicial; PENDIENTE confirmacion humana",UNCERTAIN,False,"auto (confianza baja): perfil de bibliografia academica (autor+afiliacion), sin marcador judicial; PENDIENTE confirmacion humana"
3.record_0 (1665).txt,67c1d2de8dcac22bf5c521bfccc4a7a8,124b3a476cde4f4da5b8082bada2d873a80d2323013e0c4f7e92f36967f58b71,292404,286635,45049,Corte Constitucional,HIGH,OFFICIAL_HEADER_NUMBER,Sentencia de Constitucionalidad,C-754/15,2015.0,7.0,2015-07-01,HIGH,SENTENCE_IDENTIFIER,419,False,DOC_0419,INCLUIR,auto: marcador judicial de alta confianza + alta corte,JUDICIAL,True,
1.record_0 (385).txt,67e199b56c8762967d76b61a7d3236eb,e32e13f60fa08e3fbcf1718f315bf026dbc0df0b8285f9956c301a24ee2a56ce,548501,536958,84780,Otras Entidades,MEDIUM,INSTITUTION_HEADER,Providencia,,2014.0,11.0,2014-11-20,HIGH,HEADER_EXPLICIT_DATE,420,False,DOC_0420,EXCLUIR,auto: providencia judicial pero no es alta corte (Gate 0.3),JUDICIAL,False,auto: providencia judicial pero no es alta corte (Gate 0.3)
2. record_0 (700).txt,67e6d746e2bca25271de9524b9adbfe1,4a3f3d63d66c13cab9fa2681eb747989c46c5d164c69edfa1129f31a40919d3c,174633,171270,26083,Corte Constitucional,HIGH,OFFICIAL_HEADER_NUMBER,Sentencia de Constitucionalidad,C-038/21,2021.0,6.0,2021-06-11,HIGH,SENTENCE_IDENTIFIER,421,False,DOC_0421,INCLUIR,auto: marcador judicial de alta confianza + alta corte,JUDICIAL,True,
1.record_0 (456).txt,681b5101d8e11fdd7102a2e96397780d,1598c18321389a10bad82364dfd51f0f4ec0d96ff16a338d594cc67a0d47d144,492323,480549,75253,Corte Constitucional,HIGH,OFFICIAL_HEADER_NUMBER,Sentencia de Unificación,SU-180/22,2022.0,3.0,2022-03-11,HIGH,SENTENCE_IDENTIFIER,422,False,DOC_0422,INCLUIR,auto: marcador judicial de alta confianza + alta corte,JUDICIAL,True,
3.record_0 (1056).txt,681d70f1cdd131e0bdbf4d3df3c3139f,e52be5ce180cce10d34914def1a0ede7f6efbdf2ac60869476c0054b93674a32,178619,175157,27275,Corte Suprema de Justicia,HIGH,INSTITUTION_HEADER,Providencia,,2020.0,9.0,2020-09-22,HIGH,HEADER_EXPLICIT_DATE,423,False,DOC_0423,INCLUIR,auto: marcador judicial de alta confianza + alta corte,JUDICIAL,True,
3.record_0 (334).txt,684903c8832e23fa818de45b4ccb10a8,afb4a5a60852fc9bf4578cb92b52e9b6221852094aa23ba5332ad7d4aa0acab9,15857,15543,2518,Corte Suprema de Justicia,HIGH,INSTITUTION_HEADER,Sentencia Casación STC,STC-11460/2022,2022.0,6.0,2022-06-14,HIGH,SENTENCE_IDENTIFIER,424,False,DOC_0424,INCLUIR,auto: marcador judicial de alta confianza + alta corte,JUDICIAL,True,
2. record_0 (548).txt,6876ee9d6bef590bdff2b1c40241814b,78862af718cb4ada694373a581d30cbd8be2644299edf13138573673ab734ec2,66291,64919,10709,Otras Entidades,LOW,FALLBACK,Providencia,,2015.0,4.0,2015-04-08,HIGH,HEADER_EXPLICIT_DATE,425,False,DOC_0425,EXCLUIR,auto: providencia judicial pero no es alta corte (Gate 0.3),JUDICIAL,False,auto: providencia judicial pero no es alta corte (Gate 0.3)
1.record_0 (187).txt,6879bf34dae4e05fab5ceffb458c686f,78c3e803dd2b3215ae28e3dca801bb9029e819a7f905e48ff5bd7a71bddea568,64666,63085,9557,Otras Entidades,MEDIUM,INSTITUTION_HEADER,Providencia,,2014.0,3.0,2014-03-10,HIGH,HEADER_EXPLICIT_DATE,426,False,DOC_0426,EXCLUIR,auto: law_or_decree_text de alta confianza,LAW_OR_DECREE_TEXT,False,auto: law_or_decree_text de alta confianza
3.record_0 (228).txt,6937e69db972b87423f809845efa4b7a,03d242998403bf99a9df1342228623f3d4e6c6b1b0ec697ad44327591125f620,38909,38078,5974,Corte Constitucional,MEDIUM,TEXT_MENTION_HEADER,Providencia,,2021.0,5.0,2021-05-14,HIGH,HEADER_EXPLICIT_DATE,427,False,DOC_0427,INCLUIR,auto: marcador judicial de alta confianza + alta corte,JUDICIAL,True,
1.record_0 (230).txt,69688bd27d7d40f228c421bc7644a531,2e1a5b574d2f4a16d60c57b8fdcf09a5e5700bdff5e523f0da6f9422516a2113,97193,94710,14591,Corte Constitucional,HIGH,OFFICIAL_HEADER_NUMBER,Auto de Sala Plena/Seguimiento,Auto-742/22,2022.0,8.0,2022-08-10,HIGH,SENTENCE_IDENTIFIER,428,False,DOC_0428,INCLUIR,auto: marcador judicial de alta confianza + alta corte,JUDICIAL,True,
2. record_0 (95).txt,6980573dffdbc4c9ef972f8dbc67d9e2,3010b493a0a3dcc837bcc8dd29dd39ee1a7db2dd6993d57d8fdb638b216f6f96,45592,44671,7322,Otras Entidades,MEDIUM,INSTITUTION_HEADER,Providencia,,2011.0,,,MEDIUM,HEADER_FIRST_YEAR,429,False,DOC_0429,EXCLUIR,auto: academic_article de alta confianza,ACADEMIC_ARTICLE,False,auto: academic_article de alta confianza
2. record_0 (609).txt,69e783950053ae70b1c6f73569aa284a,914337374e7d087484487965a66b3bc6f649d226de9eb6436002ab29c7d60732,71078,69548,10868,Otras Entidades,LOW,FALLBACK,Providencia,,,,,LOW,NONE,430,False,DOC_0430,EXCLUIR,"auto (confianza baja): perfil de bibliografia academica (autor+afiliacion), sin marcador judicial; PENDIENTE confirmacion humana",UNCERTAIN,False,"auto (confianza baja): perfil de bibliografia academica (autor+afiliacion), sin marcador judicial; PENDIENTE confirmacion humana"
1.record_0 (257).txt,6a0fc209dc507b87778d6d036a6f5a00,3dc3d85dfe49b3e5bba43ea4ba712464b06593d89bf619c487a8be63b52173d3,387008,378937,59164,Corte Constitucional,HIGH,OFFICIAL_HEADER_NUMBER,Sentencia de Tutela,T-140/21,2021.0,10.0,2021-10-13,HIGH,SENTENCE_IDENTIFIER,431,False,DOC_0431,INCLUIR,auto: marcador judicial de alta confianza + alta corte,JUDICIAL,True,
2. record_0 (531).txt,6a54ba98bbf783c9796bfde5c13686b3,3b5e2c16078f46e6bd4a6a2f8838f5e8065d8b48c93fa2af608f9fbb77ab6a3f,65526,64289,9847,Corte Constitucional,MEDIUM,TEXT_MENTION_HEADER,Providencia,,2010.0,8.0,2010-08-05,HIGH,HEADER_EXPLICIT_DATE,432,False,DOC_0432,INCLUIR,auto: marcador judicial de alta confianza + alta corte,JUDICIAL,True,
2. record_0 (807).txt,6a6c9395407ac4b605ece71a01a1f125,fd05e0ffe26c0cc948b92006c11c749530493a28b72ff89d29eeb550653c71e1,1027109,1007839,163393,Otras Entidades,MEDIUM,INSTITUTION_HEADER,Providencia,,2021.0,12.0,2021-12-14,HIGH,HEADER_EXPLICIT_DATE,433,False,DOC_0433,EXCLUIR,auto: law_or_decree_text de alta confianza,LAW_OR_DECREE_TEXT,False,auto: law_or_decree_text de alta confianza
2. record_0 (441).txt,6a7a02900dbd68ad2690dda56102df74,cebefe908960698533659244a8b6c726407f8945c5ec9ebbd4c123d5a221c046,88840,87222,13968,Otras Entidades,MEDIUM,INSTITUTION_HEADER,Providencia,,2019.0,9.0,2019-09-24,HIGH,HEADER_EXPLICIT_DATE,434,False,DOC_0434,EXCLUIR,auto: providencia judicial pero no es alta corte (Gate 0.3),JUDICIAL,False,auto: providencia judicial pero no es alta corte (Gate 0.3)
1.record_0 (532).txt,6a7b32750b9512dc1ae6e37fc107cc97,949ab904c4c78518ee50882afe3ced78c249771b74c051baec379a5ce63e6ecd,1444400,1413800,218867,Corte Constitucional,HIGH,OFFICIAL_HEADER_NUMBER,Sentencia de Constitucionalidad,C-055/22,2022.0,5.0,2022-05-10,HIGH,SENTENCE_IDENTIFIER,435,False,DOC_0435,INCLUIR,auto: marcador judicial de alta confianza + alta corte,JUDICIAL,True,
2. record_0 (1129).txt,6aa82af2475c4caa824b7850eb272db3,94a2f8b12a0dfd12c0942dfb4eff4d8814967483fd63b542a1d79b52e920bd7f,588022,575818,83684,Otras Entidades,MEDIUM,INSTITUTION_HEADER,Providencia,,1994.0,,,MEDIUM,HEADER_FIRST_YEAR,436,False,DOC_0436,EXCLUIR,auto: law_or_decree_text de alta confianza,LAW_OR_DECREE_TEXT,False,auto: law_or_decree_text de alta confianza
2. record_0 (362).txt,6ac89342718d5bcf2f78b54d61dfc442,ebff58ebef9e070feeac922cb7909ea83ce58805e60d8251a9681510aa03ff57,210766,206506,31962,Corte Constitucional,HIGH,OFFICIAL_HEADER_NUMBER,Sentencia de Unificación,SU-048/22,2022.0,2.0,2022-02-01,HIGH,SENTENCE_IDENTIFIER,437,False,DOC_0437,INCLUIR,auto: marcador judicial de alta confianza + alta corte,JUDICIAL,True,
2. record_0 (363).txt,6b01526c92be5a14b3107fbfb3481163,1100d1aa5113a7d17c563ba7be5b3132beb34ec3003ce8f1eb260fd1645cd373,74269,72513,11798,Otras Entidades,LOW,FALLBACK,Providencia,,1966.0,12.0,1966-12-16,HIGH,HEADER_EXPLICIT_DATE,438,False,DOC_0438,EXCLUIR,auto: academic_article de alta confianza,ACADEMIC_ARTICLE,False,auto: academic_article de alta confianza
2. record_0 (588).txt,6b06655240a07591d6434a3e472cdbdb,0af2374ebe34d6587e5359055f40c13e2fb498e3be98360ac3c53ad57a7889d2,157252,153135,23185,Otras Entidades,LOW,FALLBACK,Providencia,,2013.0,5.0,2013-05-21,HIGH,HEADER_EXPLICIT_DATE,439,False,DOC_0439,EXCLUIR,auto: providencia judicial pero no es alta corte (Gate 0.3),JUDICIAL,False,auto: providencia judicial pero no es alta corte (Gate 0.3)
2. record_0 (385).txt,6b45ac36a2bbc8ade38de4f24355d18e,0d72ccb7ffe5600d5b008a8768b1d1ffd7c0959fd1d143eeca208e77618b958a,44959,43971,7022,Consejo de Estado,HIGH,INSTITUTION_HEADER,Sentencia Contencioso Administrativa,,2002.0,9.0,2002-09-19,HIGH,HEADER_EXPLICIT_DATE,440,False,DOC_0440,INCLUIR,auto: marcador judicial de alta confianza + alta corte,JUDICIAL,True,
3.record_0 (422).txt,6b9effc33a453b478b691055646363a1,8fbec4cacca976254f63602030906d90e72a44988a30fad8e7da64ecb04164a4,58241,56898,8573,Corte Constitucional,MEDIUM,TEXT_MENTION_HEADER,Providencia,,2022.0,2.0,2022-02-12,HIGH,HEADER_EXPLICIT_DATE,441,False,DOC_0441,INCLUIR,auto: marcador judicial de alta confianza + alta corte,JUDICIAL,True,
3.record_0 (232).txt,6baf89d1809a9955bfab2c91bd35146e,d572eb0e82689d5280ef6595235bd35ebcaad74fc9361d218a65dd52cb28fa75,71218,69735,11169,Otras Entidades,LOW,FALLBACK,Providencia,,1993.0,12.0,1993-12-20,HIGH,HEADER_EXPLICIT_DATE,442,False,DOC_0442,EXCLUIR,auto: providencia judicial pero no es alta corte (Gate 0.3),JUDICIAL,False,auto: providencia judicial pero no es alta corte (Gate 0.3)
3.record_0 (1794).txt,6bb4d1a904e8e3f57337a9603378b166,7285f33f50029d55a517b74bf25573e1e874c04b6c164cbdf5bfbe814f8043f0,354156,347146,54561,Otras Entidades,MEDIUM,INSTITUTION_HEADER,Providencia,,2006.0,9.0,2006-09-12,HIGH,HEADER_EXPLICIT_DATE,443,False,DOC_0443,EXCLUIR,auto: law_or_decree_text de alta confianza,LAW_OR_DECREE_TEXT,False,auto: law_or_decree_text de alta confianza
3.record_0 (852).txt,6bc76ee936be11facd7d655da8b90188,ad0518380710a41b0efb4d094d42a1af59257c30a8f1a7a2dd8d77eeb34e10b2,46370,45408,7326,Otras Entidades,LOW,FALLBACK,Providencia,,2020.0,11.0,2020-11-20,HIGH,HEADER_EXPLICIT_DATE,444,False,DOC_0444,EXCLUIR,auto: providencia judicial pero no es alta corte (Gate 0.3),JUDICIAL,False,auto: providencia judicial pero no es alta corte (Gate 0.3)
1.record_0 (321).txt,6bd11c5a8f238553d24506eef924f6ea,cbfe77a60133a3718c45d38125609406c9551447b6819692c7f7ebdf2f21c1e9,146338,143288,23138,Corte Constitucional,HIGH,OFFICIAL_HEADER_NUMBER,Sentencia de Tutela,T-368/20,2020.0,6.0,2020-06-14,HIGH,SENTENCE_IDENTIFIER,445,False,DOC_0445,INCLUIR,auto: marcador judicial de alta confianza + alta corte,JUDICIAL,True,
3.record_0 (14).txt,6bf8570bb6f8d82e95cdbab7b44c46a6,e22f4f44d55147fe1acd11c5ce4c785757ee4f1ab877b8953508ad8835c7b942,6881,6729,1068,Corte Constitucional,HIGH,OFFICIAL_HEADER_NUMBER,Sentencia de Unificación,SU-091/23,2023.0,,,HIGH,SENTENCE_IDENTIFIER,446,False,DOC_0446,INCLUIR,auto: marcador judicial de alta confianza + alta corte,JUDICIAL,True,
2. record_0 (118).txt,6c01dafff4b0d89a63825b498fe368d8,a8c49e5b90de9b51c7969cdfd831d98b96276bfd4198b56a34706454bee02176,13128,12892,2024,Otras Entidades,MEDIUM,INSTITUTION_HEADER,Providencia,,2023.0,9.0,2023-09-14,HIGH,HEADER_EXPLICIT_DATE,447,False,DOC_0447,EXCLUIR,auto: law_or_decree_text de alta confianza,LAW_OR_DECREE_TEXT,False,auto: law_or_decree_text de alta confianza
3.record_0 (456).txt,6c02b38bd05f0b2039823af47bffd576,3f429c32e1664a87ad5f58d3ad076412ac820acf4c48dde485b1e043a37e26f4,22110,21706,3448,Otras Entidades,MEDIUM,INSTITUTION_HEADER,Providencia,,2017.0,12.0,2017-12-12,HIGH,HEADER_EXPLICIT_DATE,448,False,DOC_0448,EXCLUIR,auto: providencia judicial pero no es alta corte (Gate 0.3),JUDICIAL,False,auto: providencia judicial pero no es alta corte (Gate 0.3)
2. record_0 (381).txt,6c4f0212a982505ecd3c86f0b09eef3f,c1e5d9173702271d8a0b5c92db25244e0226b409de75189ba5bdd6d2f6d20305,42720,41781,6695,Otras Entidades,MEDIUM,INSTITUTION_HEADER,Providencia,,2021.0,5.0,2021-05-12,HIGH,HEADER_EXPLICIT_DATE,449,False,DOC_0449,EXCLUIR,auto: providencia judicial pero no es alta corte (Gate 0.3),JUDICIAL,False,auto: providencia judicial pero no es alta corte (Gate 0.3)
2. record_0 (690).txt,6c704e45d5ee8d213a164dd1e697a28a,3825dc6816a595bc31be3f8415cfb84c47e48df3dbf7961cec79c0655b899e52,86727,85092,13550,Otras Entidades,LOW,FALLBACK,Providencia,,2001.0,,,MEDIUM,HEADER_FIRST_YEAR,450,False,DOC_0450,EXCLUIR,auto: law_or_decree_text de alta confianza,LAW_OR_DECREE_TEXT,False,auto: law_or_decree_text de alta confianza
3.record_0 (325).txt,6cf36b4181816934aac3665e17cf7a2d,03d1dc245527f12b094a3577ee4fd9fef1e117515935c2edf7ce5d2579bb704a,16414,16098,2432,Corte Constitucional,HIGH,OFFICIAL_HEADER_NUMBER,Auto de Sala Plena/Seguimiento,Auto-060/22,2022.0,11.0,2022-11-29,HIGH,SENTENCE_IDENTIFIER,451,False,DOC_0451,INCLUIR,auto: marcador judicial de alta confianza + alta corte,JUDICIAL,True,
3.record_0 (903).txt,6d0184c8a1f74bcdfa13a9ba8a03046b,2f90f692632ec36837d81a1f21c98982d14c4629dfb36727c117207be3487c7d,97661,95213,14430,Corte Constitucional,HIGH,OFFICIAL_HEADER_NUMBER,Auto de Sala Plena/Seguimiento,Auto-644/22,2022.0,4.0,2022-04-29,HIGH,SENTENCE_IDENTIFIER,452,False,DOC_0452,INCLUIR,auto: marcador judicial de alta confianza + alta corte,JUDICIAL,True,
1.record_0 (264).txt,6d3493251a526818e83b4256b865a0b2,e72da04fa134894164e9ac8dc187ba0f674f8e057bcd8c77318914e634df3bf6,120574,117598,17512,Otras Entidades,MEDIUM,INSTITUTION_HEADER,Providencia,,2011.0,,,MEDIUM,HEADER_FIRST_YEAR,453,False,DOC_0453,EXCLUIR,auto: law_or_decree_text de alta confianza,LAW_OR_DECREE_TEXT,False,auto: law_or_decree_text de alta confianza
3.record_0 (210).txt,6d58f1d956276f0023a331134d4f8c9d,113f8d23ff1b7f0dadb0cdaa4e80874b5677e316cb6f9945a3026ca210f1f5ca,68105,66616,10624,Corte Constitucional,MEDIUM,TEXT_MENTION_HEADER,Providencia,,2019.0,1.0,2019-01-31,HIGH,HEADER_EXPLICIT_DATE,454,False,DOC_0454,INCLUIR,auto: marcador judicial de alta confianza + alta corte,JUDICIAL,True,
3.record_0 (1265).txt,6d6989f7a32a3af4dc715a8dbd97914f,0067f59fd4ab36f9ec880b4fd02e8c154934b6cf7786ac960b66b47534c63608,102803,100824,15804,Corte Constitucional,MEDIUM,TEXT_MENTION_HEADER,Providencia,,2023.0,,,MEDIUM,HEADER_FIRST_YEAR,455,False,DOC_0455,EXCLUIR,auto: law_or_decree_text de alta confianza,LAW_OR_DECREE_TEXT,False,auto: law_or_decree_text de alta confianza
3.record_0 (571).txt,6d745098938df0377848e83b53aa1979,3018a4fbad1312f3b9cf4d33295c0afcfb06f22ff0c71689b42910bca8ef950f,47611,46377,7267,Corte Constitucional,HIGH,OFFICIAL_HEADER_NUMBER,Sentencia de Constitucionalidad,C-205/22,2022.0,2.0,2022-02-03,HIGH,SENTENCE_IDENTIFIER,456,False,DOC_0456,INCLUIR,auto: marcador judicial de alta confianza + alta corte,JUDICIAL,True,
1.record_0 (146).txt,6daf8771f897356211152254e46579a9,34ab2b9faf0fa1d1f3fe355e1ab395243167d7e292c70cb17713d908ae7b0a04,43261,42322,6895,Otras Entidades,MEDIUM,INSTITUTION_HEADER,Providencia,,2020.0,6.0,2020-06-24,HIGH,HEADER_EXPLICIT_DATE,457,False,DOC_0457,EXCLUIR,auto: providencia judicial pero no es alta corte (Gate 0.3),JUDICIAL,False,auto: providencia judicial pero no es alta corte (Gate 0.3)
3.record_0 (1800).txt,6e6cd7937d8e3d8c27b9b41b59731e69,06d560c1b8f566a91495074b59c4099d97814b9ccbd0dc6fe18308a314ce99ca,351475,345367,52913,Otras Entidades,MEDIUM,INSTITUTION_HEADER,Providencia,,1997.0,12.0,1997-12-31,HIGH,HEADER_EXPLICIT_DATE,458,False,DOC_0458,EXCLUIR,auto: law_or_decree_text de alta confianza,LAW_OR_DECREE_TEXT,False,auto: law_or_decree_text de alta confianza
2. record_0 (163).txt,6f204877d97f86c6e80f0607decc1e18,9222389f623b0ec3e8529315ee1dcdbd65cb9da96a23edcb18ef08254a35770e,54511,53112,8323,Otras Entidades,LOW,FALLBACK,Providencia,,2020.0,8.0,2020-08-18,HIGH,HEADER_EXPLICIT_DATE,459,False,DOC_0459,EXCLUIR,auto: providencia judicial pero no es alta corte (Gate 0.3),JUDICIAL,False,auto: providencia judicial pero no es alta corte (Gate 0.3)
3.record_0 (1540).txt,6f417989ba487140ca360fd1c00fcb2b,de33e1c6165429a1c9954ffde636be121cbe9051a341443ea75063565e200ab8,183508,179714,28563,Consejo de Estado,HIGH,INSTITUTION_HEADER,Sentencia Contencioso Administrativa,,2014.0,7.0,2014-07-03,HIGH,HEADER_EXPLICIT_DATE,460,False,DOC_0460,INCLUIR,auto: marcador judicial de alta confianza + alta corte,JUDICIAL,True,
3.record_0 (278).txt,6f4fca5cfdb174763e38955d44d01d1c,b08dbe91611eadfd721c2b913d710bcf43ce55b553d1ab1a65c552c54abf0505,30632,29857,4741,Otras Entidades,LOW,FALLBACK,Providencia,,2022.0,6.0,2022-06-17,HIGH,HEADER_EXPLICIT_DATE,461,False,DOC_0461,EXCLUIR,auto: providencia judicial pero no es alta corte (Gate 0.3),JUDICIAL,False,auto: providencia judicial pero no es alta corte (Gate 0.3)
3.record_0 (113).txt,70358c145ceb5975f15add891a3db5ef,fc4bbbfdd1a02f84b38a7c28744fbcb0fc4c29fffe71e96cfe66089b09c3e6f8,15817,15452,2453,Otras Entidades,LOW,FALLBACK,Providencia,,2021.0,3.0,2021-03-19,HIGH,HEADER_EXPLICIT_DATE,462,False,DOC_0462,EXCLUIR,auto: providencia judicial pero no es alta corte (Gate 0.3),JUDICIAL,False,auto: providencia judicial pero no es alta corte (Gate 0.3)
3.record_0 (629).txt,70b55b6835e64c70df8da29f2fcb1592,acd786cfd708cb435045945d7cf97a3165e2468af205c190455da8e52953eab4,59827,58666,8387,Otras Entidades,LOW,FALLBACK,Providencia,,2022.0,,,MEDIUM,HEADER_FIRST_YEAR,463,False,DOC_0463,EXCLUIR,auto: academic_article de alta confianza,ACADEMIC_ARTICLE,False,auto: academic_article de alta confianza
2. record_0 (801).txt,719386f15039d3d57d0ee0308404ec13,c30f3661d3d571a524c2936e79097fdc0ca263cc08159b835a580515cc975df7,116013,113774,18412,Otras Entidades,MEDIUM,INSTITUTION_HEADER,Providencia,,2017.0,9.0,2017-09-20,HIGH,HEADER_EXPLICIT_DATE,464,False,DOC_0464,EXCLUIR,auto: providencia judicial pero no es alta corte (Gate 0.3),JUDICIAL,False,auto: providencia judicial pero no es alta corte (Gate 0.3)
6.record_0 (133).txt,71a57c7f187a9c74733b0de57fdd2012,76fa62f350d70a59157788a4e346b701a86c365d7fca1651aa0f8c22bde164fb,43333,42213,6294,Otras Entidades,MEDIUM,INSTITUTION_HEADER,Providencia,,2023.0,,,MEDIUM,HEADER_FIRST_YEAR,465,False,DOC_0465,EXCLUIR,auto: law_or_decree_text de alta confianza,LAW_OR_DECREE_TEXT,False,auto: law_or_decree_text de alta confianza
3.record_0 (623).txt,71b40be21fc0cd4260c081297eb730a2,2351b6e3c5863c10df3a5dd84bf774b05af85fe4d35baf48c94ed8d0f4986536,33212,32554,5021,Otras Entidades,MEDIUM,INSTITUTION_HEADER,Providencia,,2013.0,9.0,2013-09-24,HIGH,HEADER_EXPLICIT_DATE,466,False,DOC_0466,EXCLUIR,auto: providencia judicial pero no es alta corte (Gate 0.3),JUDICIAL,False,auto: providencia judicial pero no es alta corte (Gate 0.3)
3.record_0 (531).txt,71d2af05a6d1a2bf217a8f1e49cf8795,40ec3c7ca36642f46600d0a80e82168604f90ca73c529ee1ac5b022aa04a7b27,74207,72707,11657,Otras Entidades,LOW,FALLBACK,Providencia,,2013.0,8.0,2013-08-12,HIGH,HEADER_EXPLICIT_DATE,467,False,DOC_0467,EXCLUIR,auto: providencia judicial pero no es alta corte (Gate 0.3),JUDICIAL,False,auto: providencia judicial pero no es alta corte (Gate 0.3)
3.record_0 (199).txt,725332800a719a9c2b31ee4fc6f15cc5,f18bed9704ec9b1d7b2e882b85c965930bff13e69b8a219e86214877f6818ff3,19368,18894,3042,Otras Entidades,MEDIUM,INSTITUTION_HEADER,Providencia,,2021.0,4.0,2021-04-19,HIGH,HEADER_EXPLICIT_DATE,468,False,DOC_0468,EXCLUIR,auto: providencia judicial pero no es alta corte (Gate 0.3),JUDICIAL,False,auto: providencia judicial pero no es alta corte (Gate 0.3)
3.record_0 (472).txt,72d0e0d48766847489fa252197288aee,341dbe43053097148b8ee96dcbf898f666318549bfa9dc6438ee1b40284c7dbb,43686,42991,6859,Otras Entidades,MEDIUM,INSTITUTION_HEADER,Providencia,,2018.0,2.0,2018-02-20,HIGH,HEADER_EXPLICIT_DATE,469,False,DOC_0469,EXCLUIR,auto: providencia judicial pero no es alta corte (Gate 0.3),JUDICIAL,False,auto: providencia judicial pero no es alta corte (Gate 0.3)
3.record_0 (719).txt,72d10ce8c64be52f9b8869c44a8371e4,b8f7eee01ae61d375fb5840dbd17f456824c9419c91fa119b7359b2bfc25d81e,34527,33740,5403,Otras Entidades,MEDIUM,INSTITUTION_HEADER,Providencia,,2020.0,7.0,2020-07-07,HIGH,HEADER_EXPLICIT_DATE,470,False,DOC_0470,EXCLUIR,auto: providencia judicial pero no es alta corte (Gate 0.3),JUDICIAL,False,auto: providencia judicial pero no es alta corte (Gate 0.3)
3.record_0 (403).txt,72e3aac4296ac50f7d995a44fc56ff46,8dc4d1e85bf9680e68a86a261e7053e54b49ca76dc4cc2e709d642147228b230,19826,19484,3109,Otras Entidades,LOW,FALLBACK,Providencia,,2022.0,6.0,2022-06-23,HIGH,HEADER_EXPLICIT_DATE,471,False,DOC_0471,EXCLUIR,auto: providencia judicial pero no es alta corte (Gate 0.3),JUDICIAL,False,auto: providencia judicial pero no es alta corte (Gate 0.3)
3.record_0 (142).txt,7306e62781bacbeaed5014a9f0b16ec4,06a39cf2e075a3ab9d2dd9b5eb11d7788b1d74f99d8a57ebc2f9d7759a4ce410,8712,8530,1342,Otras Entidades,MEDIUM,INSTITUTION_HEADER,Providencia,,2009.0,8.0,2009-08-26,HIGH,HEADER_EXPLICIT_DATE,472,False,DOC_0472,EXCLUIR,auto: providencia judicial pero no es alta corte (Gate 0.3),JUDICIAL,False,auto: providencia judicial pero no es alta corte (Gate 0.3)
3.record_0 (347).txt,73274ecc4b7ec54ef9b5bb0db35ed2ab,ce2e40a5d8c9f02ef42c7e805d923cad5c65bf57b302c6be7339bc541bdc6c02,15848,15474,2510,Otras Entidades,MEDIUM,INSTITUTION_HEADER,Providencia,,2021.0,5.0,2021-05-26,HIGH,HEADER_EXPLICIT_DATE,473,False,DOC_0473,EXCLUIR,auto: providencia judicial pero no es alta corte (Gate 0.3),JUDICIAL,False,auto: providencia judicial pero no es alta corte (Gate 0.3)
1.record_0 (70).txt,7368c9f53ded468d1ba602f6ac76174c,f592db1c355fb9270916206dd63766cf62215a3aaf30b2878c90257ccee04a09,46844,45602,7354,Otras Entidades,LOW,FALLBACK,Providencia,,2023.0,9.0,2023-09-26,HIGH,HEADER_EXPLICIT_DATE,474,False,DOC_0474,EXCLUIR,auto: providencia judicial pero no es alta corte (Gate 0.3),JUDICIAL,False,auto: providencia judicial pero no es alta corte (Gate 0.3)
3.record_0 (637).txt,7374eb71cf68f6be8faec22156013f0c,e6048504600ee3bf243836d8268dbcda301218b98d7fa4b75436638dc64e9652,33010,32360,5008,Otras Entidades,LOW,FALLBACK,Providencia,,2018.0,5.0,2018-05-30,HIGH,HEADER_EXPLICIT_DATE,475,False,DOC_0475,EXCLUIR,auto: providencia judicial pero no es alta corte (Gate 0.3),JUDICIAL,False,auto: providencia judicial pero no es alta corte (Gate 0.3)
2. record_0 (353).txt,73ed2a45acf8c6302753e50c19403ccc,f09b682f90053807145bce136dea6b08c0da2b82da509289402d98334aeb9f74,39284,38509,6010,Otras Entidades,MEDIUM,INSTITUTION_HEADER,Providencia,,2024.0,2.0,2024-02-05,HIGH,HEADER_EXPLICIT_DATE,476,False,DOC_0476,EXCLUIR,auto: providencia judicial pero no es alta corte (Gate 0.3),JUDICIAL,False,auto: providencia judicial pero no es alta corte (Gate 0.3)
2. record_0 (758).txt,745040e998a1d3f0b62d76348471f91d,7c0eaec6ae9cdb21951740a8973dd1ced5ca7711fb59cac63c5b89498f3e66ba,98469,96478,15191,Otras Entidades,LOW,FALLBACK,Providencia,,2021.0,4.0,2021-04-21,HIGH,HEADER_EXPLICIT_DATE,477,False,DOC_0477,EXCLUIR,auto: providencia judicial pero no es alta corte (Gate 0.3),JUDICIAL,False,auto: providencia judicial pero no es alta corte (Gate 0.3)
3.record_0 (439).txt,746549c2170ef3af515d2d85b3394b80,1577a5cdc610d1590acf821be85474347abc797c505a30e61a6aaa219fdb8e6e,40585,39689,6403,Otras Entidades,LOW,FALLBACK,Providencia,,2020.0,12.0,2020-12-16,HIGH,HEADER_EXPLICIT_DATE,478,False,DOC_0478,EXCLUIR,auto: providencia judicial pero no es alta corte (Gate 0.3),JUDICIAL,False,auto: providencia judicial pero no es alta corte (Gate 0.3)
3.record_0 (188).txt,746f361bfc589329f5c32ca5dd6ef253,3bc8dfa31642133a3d70ec2641cb03152fb8750dd46389206a18f2c29361577c,21913,21409,3391,Otras Entidades,MEDIUM,INSTITUTION_HEADER,Providencia,,2021.0,12.0,2021-12-16,HIGH,HEADER_EXPLICIT_DATE,479,False,DOC_0479,EXCLUIR,auto: providencia judicial pero no es alta corte (Gate 0.3),JUDICIAL,False,auto: providencia judicial pero no es alta corte (Gate 0.3)
3.record_0 (299).txt,74ad36867423a0f96bad7f93ee06dfdb,7b4c7893d03744a1900929307697fc6d6d8110df862db1b1c50235f8e7207092,53824,52760,7977,Corte Constitucional,HIGH,OFFICIAL_HEADER_NUMBER,Auto de Sala Plena/Seguimiento,Auto-636/22,2022.0,10.0,2022-10-10,HIGH,SENTENCE_IDENTIFIER,480,False,DOC_0480,INCLUIR,auto: marcador judicial de alta confianza + alta corte,JUDICIAL,True,
2. record_0 (778).txt,75654a330ede743f3928c44365c89659,0db5aeb88832cf76d4f1195f537ca47da2ce159bcc1b0bf84ddf6792fdd29d5e,121228,118635,19217,Otras Entidades,LOW,FALLBACK,Providencia,,,,,LOW,NONE,481,False,DOC_0481,EXCLUIR,auto: providencia judicial pero no es alta corte (Gate 0.3),JUDICIAL,False,auto: providencia judicial pero no es alta corte (Gate 0.3)
3.record_0 (341).txt,759b6b8f55b6483ce7f90def3a49f8e0,9c397ddc73976b5b0c216ec8aaa3e84838d571998cc850f13ad9617cf16c92fb,47350,46325,7094,Corte Constitucional,MEDIUM,TEXT_MENTION_HEADER,Providencia,,2020.0,6.0,2020-06-05,HIGH,HEADER_EXPLICIT_DATE,482,False,DOC_0482,INCLUIR,auto: marcador judicial de alta confianza + alta corte,JUDICIAL,True,
2. record_0 (832).txt,75a5d1001f7a67f3440452d4260f07ae,463d2ab06e3ce4e20d3aa2a027860af9dd45213b4e396982e9b44c0cf07cd2bb,132989,130534,20328,Corte Constitucional,HIGH,OFFICIAL_HEADER_NUMBER,Sentencia de Constitucionalidad,C-776/10,2010.0,4.0,2010-04-08,HIGH,SENTENCE_IDENTIFIER,483,False,DOC_0483,INCLUIR,auto: marcador judicial de alta confianza + alta corte,JUDICIAL,True,
3.record_0 (237).txt,75dee40ed25abe0d59e8759b3c83e8db,28ca9ae9413dea15ae32a643288b612f91be1085f3e403fad3b1d0e0f0c65bae,23777,23227,3632,Otras Entidades,LOW,FALLBACK,Providencia,,2021.0,6.0,2021-06-23,HIGH,HEADER_EXPLICIT_DATE,484,False,DOC_0484,EXCLUIR,auto: providencia judicial pero no es alta corte (Gate 0.3),JUDICIAL,False,auto: providencia judicial pero no es alta corte (Gate 0.3)
2. record_0 (312).txt,76e232d4f00320a185deea6903d41d6f,91852666efcd0fe9afccc111163b44efe69d1be08f8824139a9fbe6147b8a44c,89429,87381,13048,Otras Entidades,LOW,FALLBACK,Providencia,,2022.0,2.0,2022-02-19,HIGH,HEADER_EXPLICIT_DATE,485,False,DOC_0485,EXCLUIR,auto: academic_article de alta confianza,ACADEMIC_ARTICLE,False,auto: academic_article de alta confianza
3.record_0 (1548).txt,76e55b48270153c123a2951e371c1212,e0e04f4a4cfd60ce5498919606c67228722320244a9c2bd2b3a6377c98b283e7,365224,357570,54931,Corte Constitucional,MEDIUM,TEXT_MENTION_HEADER,Providencia,,2020.0,3.0,2020-03-16,HIGH,HEADER_EXPLICIT_DATE,486,False,DOC_0486,INCLUIR,auto: marcador judicial de alta confianza + alta corte,JUDICIAL,True,
2. record_0 (22).txt,77879468f3226e9aa8247e7ff23a18d2,a5dcc9ba491b624d0ea0feaaa7ee0225289e9cd64962ce3bdd80def011b983e7,2255,2214,308,Otras Entidades,LOW,FALLBACK,Providencia,,2021.0,,,MEDIUM,HEADER_FIRST_YEAR,487,False,DOC_0487,EXCLUIR,auto: academic_article de alta confianza,ACADEMIC_ARTICLE,False,auto: academic_article de alta confianza
1.record_0 (12).txt,77e90906f57987c71ddc06604a84c9a3,b9f5cd84775a2b2d3f1d2582fffece4dc181b2bc2943ffd2702f53ed4da657ec,5815,5632,803,Consejo de Estado,HIGH,INSTITUTION_HEADER,Sentencia Contencioso Administrativa,,2015.0,,,MEDIUM,HEADER_FIRST_YEAR,488,False,DOC_0488,INCLUIR,auto: marcador judicial de alta confianza + alta corte,JUDICIAL,True,
3.record_0 (593).txt,77ed3c0fa29f681b91d8bb5aed6d0d17,995783b20368dcb7a6ab71e492a5ebd0521929c7cbb173b60b0b16d26a4337dd,25268,24811,4025,Otras Entidades,LOW,FALLBACK,Providencia,,2021.0,4.0,2021-04-21,HIGH,HEADER_EXPLICIT_DATE,489,False,DOC_0489,EXCLUIR,auto: providencia judicial pero no es alta corte (Gate 0.3),JUDICIAL,False,auto: providencia judicial pero no es alta corte (Gate 0.3)
2. record_0 (365).txt,78417cc55959599941816a2634485927,ece2e8786272c40e8c61f8a66ef1c20bbe5782ff4452b14aed6086d68dad6348,39955,39310,6273,Otras Entidades,MEDIUM,INSTITUTION_HEADER,Providencia,,1979.0,12.0,1979-12-18,HIGH,HEADER_EXPLICIT_DATE,490,False,DOC_0490,EXCLUIR,auto: academic_article de alta confianza,ACADEMIC_ARTICLE,False,auto: academic_article de alta confianza
1.record_0 (133).txt,78529b9231903ee8617d50b82e2f8933,34f1f6dea4ecfdf86460ee276d287786319c1530e5319eb6d8a288d14b7889f0,98078,96027,14798,Corte Constitucional,HIGH,OFFICIAL_HEADER_NUMBER,Auto de Sala Plena/Seguimiento,Auto-877/22,2022.0,9.0,2022-09-09,HIGH,SENTENCE_IDENTIFIER,491,False,DOC_0491,INCLUIR,auto: marcador judicial de alta confianza + alta corte,JUDICIAL,True,
2. record_0 (1289).txt,786a09d186796aa0547ea4c00b98471a,54bffe26d4ca2252fd6a983f562adceb128a10c45c36e555d4a55b6cd1b89523,368044,361267,56234,Corte Constitucional,MEDIUM,TEXT_MENTION_HEADER,Providencia,,2022.0,5.0,2022-05-20,HIGH,HEADER_EXPLICIT_DATE,492,False,DOC_0492,INCLUIR,auto: marcador judicial de alta confianza + alta corte,JUDICIAL,True,
3.record_0 (1456).txt,7871faa0f33157a0ffa81a23a17e5034,bfbc58662530f6d9a1e859ca9fce7abf6b1c710092d22b780ebd3c60bf74d151,144939,142332,23240,Consejo de Estado,HIGH,INSTITUTION_HEADER,Sentencia Contencioso Administrativa,,,,,LOW,NONE,493,False,DOC_0493,INCLUIR,auto: marcador judicial de alta confianza + alta corte,JUDICIAL,True,
2. record_0 (183).txt,795b57497011dbe6236b0e7930d36cba,1ea2888d04c50f24b0458ad8c86330a45fb0b0a36d3328f3fa50e2e0ed78ec7a,20286,19780,3145,Otras Entidades,LOW,FALLBACK,Providencia,,2022.0,2.0,2022-02-24,HIGH,HEADER_EXPLICIT_DATE,494,False,DOC_0494,EXCLUIR,auto: providencia judicial pero no es alta corte (Gate 0.3),JUDICIAL,False,auto: providencia judicial pero no es alta corte (Gate 0.3)
3.record_0 (887).txt,79fa8afe9da5489721e3643e784a04a6,09c1142e42cf52aa9b9bbd9ff43d14b668de1f3683dcba77a8e5529fa376d25c,45471,44578,6999,Corte Constitucional,MEDIUM,TEXT_MENTION_HEADER,Providencia,,2021.0,9.0,2021-09-14,HIGH,HEADER_EXPLICIT_DATE,495,False,DOC_0495,INCLUIR,auto: marcador judicial de alta confianza + alta corte,JUDICIAL,True,
3.record_0 (97).txt,7a200fc1baa0a7edb8ebd9e25b2ec2b4,0077575d8791751bc99f6a7271ed35369ff8f5777d52624b1071522bccd74d40,24244,23760,3777,Consejo de Estado,HIGH,INSTITUTION_HEADER,Sentencia Contencioso Administrativa,,2020.0,12.0,2020-12-09,HIGH,HEADER_EXPLICIT_DATE,496,False,DOC_0496,INCLUIR,auto: marcador judicial de alta confianza + alta corte,JUDICIAL,True,
3.record_0 (1663).txt,7a2d3ca013b364fc765636e6649db4a4,4f1202433151d858ab4d435cf240e6b0d5cd8a98f43a355494d129b506e07893,497723,487901,74936,Corte Constitucional,HIGH,OFFICIAL_HEADER_NUMBER,Sentencia de Tutela,T-719/2003,2003.0,,,HIGH,SENTENCE_IDENTIFIER,497,False,DOC_0497,INCLUIR,auto: marcador judicial de alta confianza + alta corte,JUDICIAL,True,
3.record_0 (601).txt,7a40c006c2d0fed3506d5d02bc6cd6be,8bf296e90cb8d20527fdfe1d9bb890d2a285126bef0b91da3a8591f301616ddc,29282,28594,4574,Corte Suprema de Justicia,HIGH,INSTITUTION_HEADER,Sentencia Casación STC,STC-7888/2023,2023.0,3.0,2023-03-31,HIGH,SENTENCE_IDENTIFIER,498,False,DOC_0498,INCLUIR,auto: marcador judicial de alta confianza + alta corte,JUDICIAL,True,
2. record_0 (462).txt,7a44d822a2d0902526576fa87664d312,2177117ef815e47b73bd075c75dddab1867513da6342e2705d6d99d3de31a531,101087,98618,15552,Otras Entidades,LOW,FALLBACK,Providencia,,2021.0,1.0,2021-01-25,HIGH,HEADER_EXPLICIT_DATE,499,False,DOC_0499,EXCLUIR,auto: providencia judicial pero no es alta corte (Gate 0.3),JUDICIAL,False,auto: providencia judicial pero no es alta corte (Gate 0.3)
1.record_0 (50).txt,7a45e7072fbbbf6a23ff1235372d921e,f825e33e2d5f61a4b27ba163f9edfb380aacf0ec6012a9e24ee63b3ebb4811c6,16363,16029,2549,Otras Entidades,LOW,FALLBACK,Providencia,,2022.0,8.0,2022-08-17,HIGH,HEADER_EXPLICIT_DATE,500,False,DOC_0500,EXCLUIR,auto: providencia judicial pero no es alta corte (Gate 0.3),JUDICIAL,False,auto: providencia judicial pero no es alta corte (Gate 0.3)
2. record_0 (189).txt,7a92b8570200d4dbb2d3f49a64111228,050d3d07f84c7cca3fb80f561a38a309c27ebd3947a7f79100008af301bbbd36,114883,112816,18075,Corte Constitucional,HIGH,OFFICIAL_HEADER_NUMBER,Sentencia de Tutela,T-289/21,2021.0,5.0,2021-05-19,HIGH,SENTENCE_IDENTIFIER,501,False,DOC_0501,INCLUIR,auto: marcador judicial de alta confianza + alta corte,JUDICIAL,True,
3.record_0 (1037).txt,7aa0245c37ec4b67064115c6d4554e15,625a1d16c4fefa54d049ad54043d2cdbe59b87745956c601688aba54fb203825,65727,64181,9876,Otras Entidades,MEDIUM,INSTITUTION_HEADER,Providencia,,2008.0,3.0,2008-03-03,HIGH,HEADER_EXPLICIT_DATE,502,False,DOC_0502,EXCLUIR,auto: law_or_decree_text de alta confianza,LAW_OR_DECREE_TEXT,False,auto: law_or_decree_text de alta confianza
2. record_0 (230).txt,7b743c4f044c335f6576ec1e37434538,78ddba4f7476a027ead26e9515a10c6c54217f7d8880c6b24697f7126adad1ba,68957,67243,10604,Otras Entidades,LOW,FALLBACK,Providencia,,2017.0,8.0,2017-08-05,HIGH,HEADER_EXPLICIT_DATE,503,False,DOC_0503,EXCLUIR,auto: providencia judicial pero no es alta corte (Gate 0.3),JUDICIAL,False,auto: providencia judicial pero no es alta corte (Gate 0.3)
3.record_0 (380).txt,7b77f9fbdfbd1343050ccd250d8df1e6,d8c28c4e47d2469aba12564d2f2cdabac0f2db48dc4e70b638eebd8b913a2a30,83702,81893,12449,Otras Entidades,LOW,FALLBACK,Providencia,,2022.0,2.0,2022-02-15,HIGH,HEADER_EXPLICIT_DATE,504,False,DOC_0504,EXCLUIR,auto: academic_article de alta confianza,ACADEMIC_ARTICLE,False,auto: academic_article de alta confianza
1.record_0 (13).txt,7b8aa1d67b8a9c26f112ce97930abebc,b20f2f9cee53377119fc5068fdaa7b3e696423e8d9123e8073d4e0f0c43f58c8,51344,50409,7859,Otras Entidades,LOW,FALLBACK,Providencia,,2012.0,,,MEDIUM,HEADER_FIRST_YEAR,505,False,DOC_0505,EXCLUIR,auto: academic_article de alta confianza,ACADEMIC_ARTICLE,False,auto: academic_article de alta confianza
2. record_0 (2).txt,7bb7201c3a347c97f9f20e118e1d5cff,12aa24378ecd0e186e1befed83bb13d5ac089e635300d195c56814636b030b8b,5478,5344,824,Otras Entidades,LOW,FALLBACK,Providencia,,1994.0,2.0,1994-02-23,HIGH,HEADER_EXPLICIT_DATE,506,False,DOC_0506,EXCLUIR,auto: providencia judicial pero no es alta corte (Gate 0.3),JUDICIAL,False,auto: providencia judicial pero no es alta corte (Gate 0.3)
2. record_0 (874).txt,7c4b2ec6f7210e5ce3dbc57cf2a491ec,1b137ccad810f9cd349f6c841f896759c3a007af6d976def3392d80635fddcea,126256,123673,18421,Otras Entidades,MEDIUM,INSTITUTION_HEADER,Providencia,,2021.0,,,MEDIUM,HEADER_FIRST_YEAR,507,False,DOC_0507,EXCLUIR,auto: law_or_decree_text de alta confianza,LAW_OR_DECREE_TEXT,False,auto: law_or_decree_text de alta confianza
3.record_0 (1004).txt,7d51626d6a94c5fb03731a12e2abca0d,5febfededeb166e3e634ff841dd574b6a96234e52105e21ac4b5e1d2085300b8,65647,64296,10269,Otras Entidades,LOW,FALLBACK,Providencia,,2012.0,11.0,2012-11-08,HIGH,HEADER_EXPLICIT_DATE,508,False,DOC_0508,EXCLUIR,auto: providencia judicial pero no es alta corte (Gate 0.3),JUDICIAL,False,auto: providencia judicial pero no es alta corte (Gate 0.3)
2. record_0 (115).txt,7d7f3da29a00af1554e5479dae4b54f8,c57705a563de028f3bde2d95917335da451f133d0c4aab12d64319914624f301,11327,11093,1744,Otras Entidades,LOW,FALLBACK,Providencia,,2012.0,,,MEDIUM,HEADER_FIRST_YEAR,509,False,DOC_0509,EXCLUIR,auto: law_or_decree_text de alta confianza,LAW_OR_DECREE_TEXT,False,auto: law_or_decree_text de alta confianza
1.record_0 (124).txt,7ddaf31a30a1f7e195b649ab4a09e744,fe74290afc90108dff91a814f557770f6fcd5f6dcd26e5775e4973939bce5d0c,92822,90938,14541,Otras Entidades,LOW,FALLBACK,Providencia,,2014.0,10.0,2014-10-27,HIGH,HEADER_EXPLICIT_DATE,510,False,DOC_0510,EXCLUIR,auto: academic_article de alta confianza,ACADEMIC_ARTICLE,False,auto: academic_article de alta confianza
2. record_0 (323).txt,7e07d812fc6591016847c8def710d757,06bba34ef653fefa70e8b0f4a0160fb072de710dcd754a3ffe79af7c87c1bb15,31987,31413,4955,Corte Constitucional,HIGH,OFFICIAL_HEADER_NUMBER,Auto de Sala Plena/Seguimiento,Auto-109/19,2019.0,2.0,2019-02-13,HIGH,SENTENCE_IDENTIFIER,511,False,DOC_0511,INCLUIR,auto: marcador judicial de alta confianza + alta corte,JUDICIAL,True,
3.record_0 (533).txt,7e403930eec4afae01e7fde9f504e7da,383ec161a846132a8da43459c8c62f2c89d956300198e8554b318e0dee58a131,26427,25896,4224,Otras Entidades,MEDIUM,INSTITUTION_HEADER,Providencia,,2015.0,4.0,2015-04-10,HIGH,HEADER_EXPLICIT_DATE,512,False,DOC_0512,EXCLUIR,auto: providencia judicial pero no es alta corte (Gate 0.3),JUDICIAL,False,auto: providencia judicial pero no es alta corte (Gate 0.3)
1.record_0 (177).txt,7e56c8b3020029936c038f1ee055c1c5,e7c6075f7e39adb16d617557223409beb5d095188f74939b59e508c58abeef05,354160,346593,55042,Corte Suprema de Justicia,HIGH,INSTITUTION_HEADER,Sentencia Casación SP,SP-5831/2016,2016.0,2.0,2016-02-02,HIGH,SENTENCE_IDENTIFIER,513,False,DOC_0513,INCLUIR,auto: marcador judicial de alta confianza + alta corte,JUDICIAL,True,
2. record_0 (1039).txt,7eb5f4359c3ef61c99a5f78f9e410eeb,419b2a8515ea62642f1b7ffdbb4f1543186222ddba3c84534d11568e22ad04d1,222501,217622,35033,Corte Constitucional,HIGH,OFFICIAL_HEADER_NUMBER,Sentencia de Constitucionalidad,C-047/17,2017.0,4.0,2017-04-02,HIGH,SENTENCE_IDENTIFIER,514,False,DOC_0514,INCLUIR,auto: marcador judicial de alta confianza + alta corte,JUDICIAL,True,
2. record_0 (952).txt,7f3f1f0a7892907526e2e7c582abefce,a16aebe72377e6d478ad402a9a85dea013e7249d251679b7a03feafb9731ad71,141244,138046,21813,Corte Constitucional,MEDIUM,TEXT_MENTION_HEADER,Providencia,,2020.0,2.0,2020-02-19,HIGH,HEADER_EXPLICIT_DATE,515,False,DOC_0515,INCLUIR,auto: marcador judicial de alta confianza + alta corte,JUDICIAL,True,
1.record_0 (21).txt,7f7a4f0011e56372cd9fb71be67e86d5,bec514d68098ed4ff6a9352bc2d7486a5228608536ffedaffc66ebef596bf3a1,15226,14876,2326,Otras Entidades,MEDIUM,INSTITUTION_HEADER,Providencia,,2018.0,5.0,2018-05-02,HIGH,HEADER_EXPLICIT_DATE,516,False,DOC_0516,EXCLUIR,auto: law_or_decree_text de alta confianza,LAW_OR_DECREE_TEXT,False,auto: law_or_decree_text de alta confianza
3.record_0 (1462).txt,8002ec0b8ddf66c4df677d8dfd533125,4ce25dd4e13edd2b93950ed8d2e146febd84efc362f2b45feafe8bec6881f29e,142531,140043,22061,Corte Constitucional,HIGH,OFFICIAL_HEADER_NUMBER,Sentencia de Tutela,T-026/22,2022.0,2.0,2022-02-15,HIGH,SENTENCE_IDENTIFIER,517,False,DOC_0517,INCLUIR,auto: marcador judicial de alta confianza + alta corte,JUDICIAL,True,
3.record_0 (904).txt,80baf2c7ba8f62df5dcf42a099732e90,84b8a85c58d3f7255427551712573ad63ef11e84e6e4dd3092ca25441eeab221,200040,194751,31088,Otras Entidades,LOW,FALLBACK,Providencia,,2019.0,10.0,2019-10-22,HIGH,HEADER_EXPLICIT_DATE,518,False,DOC_0518,EXCLUIR,auto: providencia judicial pero no es alta corte (Gate 0.3),JUDICIAL,False,auto: providencia judicial pero no es alta corte (Gate 0.3)
3.record_0 (553).txt,80c1288f72d7d550627eb00cff122268,93c7810162e00460097fed3202b80f8c68d05b86eaffba2e4c2d93465a924752,24653,24230,3743,Corte Suprema de Justicia,HIGH,INSTITUTION_HEADER,Sentencia Casación STP,STP-1153/2024,2024.0,12.0,2024-12-13,HIGH,SENTENCE_IDENTIFIER,519,False,DOC_0519,INCLUIR,auto: marcador judicial de alta confianza + alta corte,JUDICIAL,True,
3.record_0 (246).txt,80cd851d6ba932108c5a1226950a7c34,fd81b3b36418b43b7b51679063e2a5ec57a63b883c15bc20df3f7076306613db,12689,12385,1737,Otras Entidades,MEDIUM,INSTITUTION_HEADER,Providencia,,,,,LOW,NONE,520,False,DOC_0520,EXCLUIR,auto: academic_article de alta confianza,ACADEMIC_ARTICLE,False,auto: academic_article de alta confianza
1.record_0 (260).txt,810cb021e773d4afb707c6000982173d,d2da0a92652f26b33c85ae0995d9db69dc4be6b25cdcfe3beb1328d353364268,107346,104765,15370,Corte Constitucional,MEDIUM,TEXT_MENTION_HEADER,Providencia,,2016.0,11.0,2016-11-30,HIGH,HEADER_EXPLICIT_DATE,521,False,DOC_0521,EXCLUIR,auto: law_or_decree_text de alta confianza,LAW_OR_DECREE_TEXT,False,auto: law_or_decree_text de alta confianza
2. record_0 (467).txt,81522203ad412643a6013daf00a152ee,a9647716c5128ff34682900f05540b015b9901a661f3d326bdbc5a7661d3aabf,49334,48284,7303,Otras Entidades,LOW,FALLBACK,Providencia,,2020.0,,,MEDIUM,HEADER_FIRST_YEAR,522,False,DOC_0522,EXCLUIR,auto: law_or_decree_text de alta confianza,LAW_OR_DECREE_TEXT,False,auto: law_or_decree_text de alta confianza
3.record_0 (317).txt,82555f4ed94f107109a40378a7615c80,ec3c363316f43282fa2d616dcf9564b1987b841b662e0a450e9536a9298bccaf,16669,16374,2647,Corte Suprema de Justicia,HIGH,INSTITUTION_HEADER,Sentencia Casación STP,STP-12333/2019,2019.0,3.0,2019-03-15,HIGH,SENTENCE_IDENTIFIER,523,False,DOC_0523,INCLUIR,auto: marcador judicial de alta confianza + alta corte,JUDICIAL,True,
2. record_0 (516).txt,82b9294e19b2b9a858e920aaccfb4919,1dcb90f6261b5cffa386be1c5b47e172963cc49c7d177f2b4048fbc9ba662d30,65592,64349,10012,Consejo de Estado,HIGH,INSTITUTION_HEADER,Sentencia Contencioso Administrativa,,2017.0,6.0,2017-06-30,HIGH,HEADER_EXPLICIT_DATE,524,False,DOC_0524,INCLUIR,auto: marcador judicial de alta confianza + alta corte,JUDICIAL,True,
2. record_0 (343).txt,83c44d38049b9dc171985649a219b078,9dda713db6dac4318c7b8cf184ec0d98a9632c8e7e32f6847884f0b512d2630e,101166,98817,15890,Corte Constitucional,HIGH,OFFICIAL_HEADER_NUMBER,Sentencia de Tutela,T-370/20,2020.0,6.0,2020-06-26,HIGH,SENTENCE_IDENTIFIER,525,False,DOC_0525,INCLUIR,auto: marcador judicial de alta confianza + alta corte,JUDICIAL,True,
3.record_0 (238).txt,83d3b12e815e82ada93da39e1dbfffaf,ec3bfc177a722a24364a3eca2982e52b60bd5b6f0fb43926faa4b9ddcf6fe0de,14043,13754,2214,Corte Suprema de Justicia,HIGH,INSTITUTION_HEADER,Sentencia Casación STL,STL-8257/2021,2021.0,5.0,2021-05-07,HIGH,SENTENCE_IDENTIFIER,526,False,DOC_0526,INCLUIR,auto: marcador judicial de alta confianza + alta corte,JUDICIAL,True,
1.record_0 (336).txt,841d4fa752c456a3c14b78a1dabdecd8,b89314c948dd8d6652e41f3e2c7840af61811d44787d0c03bc298e90ce40098a,149773,146279,22191,Corte Constitucional,MEDIUM,TEXT_MENTION_HEADER,Providencia,,2023.0,7.0,2023-07-17,HIGH,HEADER_EXPLICIT_DATE,527,False,DOC_0527,INCLUIR,auto: marcador judicial de alta confianza + alta corte,JUDICIAL,True,
3.record_0 (512).txt,842fd979ad7425a1c9b74a79f90b20ed,1b2df22223ab7134cc96a7776266f740b01023d66543d1695ca314b86de22cfa,66521,65052,9852,Corte Constitucional,HIGH,OFFICIAL_HEADER_NUMBER,Auto de Sala Plena/Seguimiento,Auto-029/22,2022.0,6.0,2022-06-08,HIGH,SENTENCE_IDENTIFIER,528,False,DOC_0528,INCLUIR,auto: marcador judicial de alta confianza + alta corte,JUDICIAL,True,
3.record_0 (352).txt,846924ff2a16a51b00cde58c4c812689,761e3208c3d98cb3162a36b382ad8b299fd723eadd1c70ff759d3cb35f544058,59162,57814,9386,Otras Entidades,MEDIUM,INSTITUTION_HEADER,Providencia,,2015.0,12.0,2015-12-07,HIGH,HEADER_EXPLICIT_DATE,529,False,DOC_0529,EXCLUIR,auto: providencia judicial pero no es alta corte (Gate 0.3),JUDICIAL,False,auto: providencia judicial pero no es alta corte (Gate 0.3)
2. record_0 (1356).txt,848fa7824e02cd7856c0ab5120140932,9eea8d6a41b964d560d05bf705af19e96c4bfb76e32f7b09ff4acd03c6661837,670502,656281,98826,Otras Entidades,LOW,FALLBACK,Providencia,,2023.0,,,MEDIUM,HEADER_FIRST_YEAR,530,False,DOC_0530,EXCLUIR,auto: law_or_decree_text de alta confianza,LAW_OR_DECREE_TEXT,False,auto: law_or_decree_text de alta confianza
2. record_0 (331).txt,850ba87d4c0f8f9a901785b9141cd084,80c14c9a9e3252256c09879ec21b46418555276a446d4d9f0cb83de0ef6dc825,103298,101345,16332,Corte Constitucional,HIGH,OFFICIAL_HEADER_NUMBER,Sentencia de Tutela,T-473/14,2014.0,12.0,2014-12-05,HIGH,SENTENCE_IDENTIFIER,531,False,DOC_0531,INCLUIR,auto: marcador judicial de alta confianza + alta corte,JUDICIAL,True,
2. record_0 (26).txt,8518953c3f6da0b9f863a00a9c9829a9,d50ebacea027254d23d693564f388954e849962039ddad8597b6b4befa3cee45,11970,11729,1858,Corte Constitucional,MEDIUM,TEXT_MENTION_HEADER,Providencia,,2008.0,12.0,2008-12-04,HIGH,HEADER_EXPLICIT_DATE,532,False,DOC_0532,EXCLUIR,auto: law_or_decree_text de alta confianza,LAW_OR_DECREE_TEXT,False,auto: law_or_decree_text de alta confianza
1.record_0 (116).txt,85345f924103953dae2606691b5a233f,b02898400d6402195443b7005e5ec3bb76e4dc5c0481657d6be37c99902e290b,66638,65256,9920,Corte Constitucional,MEDIUM,TEXT_MENTION_HEADER,Providencia,,2015.0,,,MEDIUM,HEADER_FIRST_YEAR,533,False,DOC_0533,EXCLUIR,auto: academic_article de alta confianza,ACADEMIC_ARTICLE,False,auto: academic_article de alta confianza
2. record_0 (68).txt,854d6d5643dc312f02475465010fbc4f,3e4287ba6efa7d0a4bab12d5fbaf341cb24d1bcacd886f5fdc5c047a9cc94f5e,16946,16519,2536,Otras Entidades,MEDIUM,INSTITUTION_HEADER,Providencia,,2023.0,,,MEDIUM,HEADER_FIRST_YEAR,534,False,DOC_0534,EXCLUIR,auto: law_or_decree_text de alta confianza,LAW_OR_DECREE_TEXT,False,auto: law_or_decree_text de alta confianza
5. (6).txt,8578ee397bc0b677d27fd7622d40d04a,b88b1f62955871a11c151ed6f0b8ef4ce4e7e40d71137f48a5faae2830dc5af7,8144,7991,1300,Otras Entidades,MEDIUM,INSTITUTION_HEADER,Providencia,,2011.0,,,MEDIUM,HEADER_FIRST_YEAR,535,False,DOC_0535,EXCLUIR,auto: academic_article de alta confianza,ACADEMIC_ARTICLE,False,auto: academic_article de alta confianza
3.record_0 (1098).txt,85999cfb6ce8147ba294c327045dd280,5761c0c6b350d2a38def2d8c89908b1e2e82e1d01048e8ff6d936113785dc911,74188,72588,11911,Otras Entidades,LOW,FALLBACK,Providencia,,2021.0,12.0,2021-12-15,HIGH,HEADER_EXPLICIT_DATE,536,False,DOC_0536,EXCLUIR,auto: providencia judicial pero no es alta corte (Gate 0.3),JUDICIAL,False,auto: providencia judicial pero no es alta corte (Gate 0.3)
3.record_0 (400).txt,85dbfe829058616921da671a3a6b52ae,6f83efbcf76a2543336780e3ded41281f1edcf543607b470c8a7065862219cc9,20825,20418,3209,Otras Entidades,LOW,FALLBACK,Providencia,,1981.0,8.0,1981-08-01,HIGH,HEADER_EXPLICIT_DATE,537,False,DOC_0537,EXCLUIR,auto: providencia judicial pero no es alta corte (Gate 0.3),JUDICIAL,False,auto: providencia judicial pero no es alta corte (Gate 0.3)
1.record_0 (3).txt,8621c2a55a06535f91d7d22a97a0c5e2,02838a9d1f38ef0b323be796d60d7bd5ee1f2b919e688074a362de82069fdea2,6038,5945,939,Corte Constitucional,MEDIUM,TEXT_MENTION_HEADER,Providencia,,2023.0,12.0,2023-12-14,HIGH,HEADER_EXPLICIT_DATE,538,False,DOC_0538,INCLUIR,auto: marcador judicial de alta confianza + alta corte,JUDICIAL,True,
2. record_0 (328).txt,864adbb4928907dda8396bec6278fdc8,4e84b65bc082d1f919f5aa1b66bd31e93d674a36fdeb848137e1f49a5bb024a3,30838,30271,4761,Corte Constitucional,HIGH,OFFICIAL_HEADER_NUMBER,Auto de Sala Plena/Seguimiento,Auto-927/22,2022.0,5.0,2022-05-19,HIGH,SENTENCE_IDENTIFIER,539,False,DOC_0539,INCLUIR,auto: marcador judicial de alta confianza + alta corte,JUDICIAL,True,
3.record_0 (1543).txt,865f2133e29a10ea5efc23460926813a,77ee05c3e0dbb923b3b6217bc4751bd15df791aa2d5623e9022d32e57f26ed63,167567,164236,25513,Corte Suprema de Justicia,HIGH,INSTITUTION_HEADER,Providencia,,2020.0,9.0,2020-09-22,HIGH,HEADER_EXPLICIT_DATE,540,False,DOC_0540,INCLUIR,auto: marcador judicial de alta confianza + alta corte,JUDICIAL,True,
3.record_0 (69).txt,866ef0ae4660b36d078a82ee9782d72a,7bc20eb313a628021772ac858ff0849c314e7037f4648e90343ffdeef7f0735d,7576,7419,1237,Otras Entidades,LOW,FALLBACK,Providencia,,2023.0,5.0,2023-05-04,HIGH,HEADER_EXPLICIT_DATE,541,False,DOC_0541,EXCLUIR,auto: academic_article de alta confianza,ACADEMIC_ARTICLE,False,auto: academic_article de alta confianza
3.record_0 (437).txt,86c0075ad2d12986f55e8c1f8a306d44,89031670d32e8c1b10954c7b814212216d1779e82dffe7429bad78147d10ae0a,40180,39379,6146,Otras Entidades,MEDIUM,INSTITUTION_HEADER,Providencia,,2021.0,2.0,2021-02-09,HIGH,HEADER_EXPLICIT_DATE,542,False,DOC_0542,EXCLUIR,auto: providencia judicial pero no es alta corte (Gate 0.3),JUDICIAL,False,auto: providencia judicial pero no es alta corte (Gate 0.3)
3.record_0 (1221).txt,86f9eea496477e30802f4d9c16feb6af,bc29d0efdeb23bce59c0b507f401e0cc20275f98a8583e9e64b5f366bf2e087d,87920,86242,13723,Corte Constitucional,HIGH,OFFICIAL_HEADER_NUMBER,Auto de Sala Plena/Seguimiento,Auto-531/16,2016.0,,,HIGH,SENTENCE_IDENTIFIER,543,False,DOC_0543,INCLUIR,auto: marcador judicial de alta confianza + alta corte,JUDICIAL,True,
1.record_0 (158).txt,87237d2c8bf2744f6b9d4f1cccc2615b,2288e09b1d11c62557ca48b3f518dfe5b6f110b7113b6fe929f55eace2e87375,760476,742738,115696,Otras Entidades,MEDIUM,INSTITUTION_HEADER,Providencia,,2017.0,8.0,2017-08-11,HIGH,HEADER_EXPLICIT_DATE,544,False,DOC_0544,EXCLUIR,auto: providencia judicial pero no es alta corte (Gate 0.3),JUDICIAL,False,auto: providencia judicial pero no es alta corte (Gate 0.3)
2. record_0 (223).txt,878e13315ce22c8b724e6a6c41878d95,19d02dfa3b1aef3993117751554042e44bb03bf5f1b0e40c4abc2e4e78f09127,82844,81173,13234,Consejo de Estado,HIGH,INSTITUTION_HEADER,Sentencia Contencioso Administrativa,,2002.0,6.0,2002-06-05,HIGH,HEADER_EXPLICIT_DATE,545,False,DOC_0545,INCLUIR,auto: marcador judicial de alta confianza + alta corte,JUDICIAL,True,
3.record_0 (784).txt,8803183ded9037a796b05ec775c102df,5e5a4bbef45085c347ac6d1842112f16dc03cc715f1930c8d9d6495d7a795913,69113,67507,10376,Corte Constitucional,MEDIUM,TEXT_MENTION_HEADER,Providencia,,2021.0,6.0,2021-06-30,HIGH,HEADER_EXPLICIT_DATE,546,False,DOC_0546,INCLUIR,auto: marcador judicial de alta confianza + alta corte,JUDICIAL,True,
2. record_0 (1105).txt,882baa0ddb30dab05f02b09d08f4a5d2,ca2de0827b9d2afd44fdce046ea3aa247adef9e6b140777e92f7d90bb3e20a49,362329,355076,55574,Consejo de Estado,HIGH,INSTITUTION_HEADER,Sentencia Contencioso Administrativa,,2018.0,3.0,2018-03-09,HIGH,HEADER_EXPLICIT_DATE,547,False,DOC_0547,INCLUIR,auto: marcador judicial de alta confianza + alta corte,JUDICIAL,True,
3.record_0 (1100).txt,894d0307aa1c6ed050a9b3407528cbb9,f3d4b4b2a1a5963a1ef6cf3de16473c3e7ebb4c8c5651f9ac6f95bbf3745f722,63495,62023,9397,Otras Entidades,LOW,FALLBACK,Providencia,,2012.0,,,MEDIUM,HEADER_FIRST_YEAR,548,False,DOC_0548,EXCLUIR,"auto (confianza baja): perfil de bibliografia academica (autor+afiliacion), sin marcador judicial; PENDIENTE confirmacion humana",UNCERTAIN,False,"auto (confianza baja): perfil de bibliografia academica (autor+afiliacion), sin marcador judicial; PENDIENTE confirmacion humana"
3.record_0 (964).txt,895453219b762ea84dd6cf282ffc1e99,ee33be40a788251616cfdb2a37e7d390e08c0a39ce40f3d620a39f159a0644b0,57324,56009,8546,Corte Constitucional,HIGH,OFFICIAL_HEADER_NUMBER,Auto de Sala Plena/Seguimiento,Auto-1852/22,2022.0,11.0,2022-11-11,HIGH,SENTENCE_IDENTIFIER,549,False,DOC_0549,INCLUIR,auto: marcador judicial de alta confianza + alta corte,JUDICIAL,True,
1.record_0 (55).txt,89a9652964ee249848a485ead4866670,6b7419a1bd88d7b86fbe68bfe1a5ff812ebb48ba3148871c0df956bfcf02e90d,19054,18614,2897,Otras Entidades,MEDIUM,INSTITUTION_HEADER,Providencia,,2017.0,,,MEDIUM,HEADER_FIRST_YEAR,550,False,DOC_0550,EXCLUIR,auto: law_or_decree_text de alta confianza,LAW_OR_DECREE_TEXT,False,auto: law_or_decree_text de alta confianza
3.record_0 (101).txt,89c12239cf117b03171001b2e525c6c8,2dc8c56f15de5ba77e879cd85893f036c5d37f228389c098b18abbfc94d7cb46,37824,37160,5889,Otras Entidades,MEDIUM,INSTITUTION_HEADER,Providencia,,2021.0,3.0,2021-03-19,HIGH,HEADER_EXPLICIT_DATE,551,False,DOC_0551,EXCLUIR,auto: providencia judicial pero no es alta corte (Gate 0.3),JUDICIAL,False,auto: providencia judicial pero no es alta corte (Gate 0.3)
3.record_0 (1).txt,89d4687ce9a944b2edf62535141f90de,8589e8f945ebf7b5e600b4718dfb067b586e752deed975bfe73aaa0e28daa329,11291,11066,1728,Otras Entidades,MEDIUM,INSTITUTION_HEADER,Providencia,,2021.0,,,MEDIUM,HEADER_FIRST_YEAR,552,False,DOC_0552,EXCLUIR,auto: law_or_decree_text de alta confianza,LAW_OR_DECREE_TEXT,False,auto: law_or_decree_text de alta confianza
3.record_0 (1122).txt,8a33158e0d5740460e4ee1569fdfeca6,ddf9c326052180baf1731417416cc600ef2fe2874c9446c32e8e7184859fbdd1,69196,67730,10440,Corte Constitucional,HIGH,OFFICIAL_HEADER_NUMBER,Auto de Sala Plena/Seguimiento,Auto-814/22,2022.0,9.0,2022-09-15,HIGH,SENTENCE_IDENTIFIER,553,False,DOC_0553,INCLUIR,auto: marcador judicial de alta confianza + alta corte,JUDICIAL,True,
2. record_0 (1022).txt,8a41bb53fadb7b29c6f4613e9fa0f2ba,a70291e11f2887c231956bbe67dcc20cf979f629cfbdce307dbe87d1ae2f23d7,160977,157446,24841,Corte Constitucional,MEDIUM,TEXT_MENTION_HEADER,Providencia,,2021.0,1.0,2021-01-22,HIGH,HEADER_EXPLICIT_DATE,554,False,DOC_0554,INCLUIR,auto: marcador judicial de alta confianza + alta corte,JUDICIAL,True,
3.record_0 (434).txt,8a60bf52ba9a8f38206152e2f03c442c,cd746cfb8a3c1a2ae655cbf14a7ca291d07aa738e4c8f28e69347201ca1c095e,37325,36756,5220,Otras Entidades,LOW,FALLBACK,Providencia,,2020.0,,,MEDIUM,HEADER_FIRST_YEAR,555,False,DOC_0555,EXCLUIR,auto: academic_article de alta confianza,ACADEMIC_ARTICLE,False,auto: academic_article de alta confianza
2. record_0 (166).txt,8a8658f5a0dc210fc68e68cfcce06cf4,501c8cb98d24ecbac8815d4706c3a42afbe06f34a2d74b0076e4218f07ddb840,64094,63131,9630,Otras Entidades,LOW,FALLBACK,Providencia,,2022.0,,,MEDIUM,HEADER_FIRST_YEAR,556,False,DOC_0556,EXCLUIR,auto: academic_article de alta confianza,ACADEMIC_ARTICLE,False,auto: academic_article de alta confianza
3.record_0 (1176).txt,8ae58543a7ba613674bc832511c6edcf,c16f67f593f4e0664f0d9fa9bb906e763f5b124ca058c024c351aefaa08b5c1b,84120,82327,12015,Otras Entidades,LOW,FALLBACK,Providencia,,2023.0,,,MEDIUM,HEADER_FIRST_YEAR,557,False,DOC_0557,EXCLUIR,auto: law_or_decree_text de alta confianza,LAW_OR_DECREE_TEXT,False,auto: law_or_decree_text de alta confianza
1.record_0 (160).txt,8af992c5d92705e04fabd84c02c23db9,cee8250c7afaa97a2fe43b94735e80f0eaa5c1f813763a4a27d1c0c87643d7a0,50373,49402,7717,Corte Constitucional,HIGH,OFFICIAL_HEADER_NUMBER,Sentencia de Tutela,T-426/21,2021.0,9.0,2021-09-04,HIGH,SENTENCE_IDENTIFIER,558,False,DOC_0558,INCLUIR,auto: marcador judicial de alta confianza + alta corte,JUDICIAL,True,
1.record_0 (494).txt,8b0a45af0c61857418086984e83eb980,4a3f5e5f50fe02bf7ecf2261e042c7a609b13d3b4021f1356218b15516ad9607,340974,333751,52552,Corte Constitucional,HIGH,OFFICIAL_HEADER_NUMBER,Sentencia de Unificación,SU-424/21,2021.0,9.0,2021-09-08,HIGH,SENTENCE_IDENTIFIER,559,False,DOC_0559,INCLUIR,auto: marcador judicial de alta confianza + alta corte,JUDICIAL,True,
3.record_0 (164).txt,8b34aea08a0f65135ea417fa422bcdba,9a52b666c0f46eff5c2d81baaac76e15b09efab651105f297d0d27cb7e6b28cc,11971,11681,1871,Corte Suprema de Justicia,HIGH,INSTITUTION_HEADER,Sentencia Casación STC,STC-12125/2023,2023.0,9.0,2023-09-12,HIGH,SENTENCE_IDENTIFIER,560,False,DOC_0560,INCLUIR,auto: marcador judicial de alta confianza + alta corte,JUDICIAL,True,
2. record_0 (109).txt,8b54abad8a033ea02a06fcd4fe6c3397,7c43c3bd2903e9fb3e62ef697cb5e5f79f0bdc0d974785afa29c1c69bd67b33c,12768,12536,1967,Corte Suprema de Justicia,HIGH,INSTITUTION_HEADER,Sentencia Casación STC,STC-12233/2022,2022.0,5.0,2022-05-07,HIGH,SENTENCE_IDENTIFIER,561,False,DOC_0561,INCLUIR,auto: marcador judicial de alta confianza + alta corte,JUDICIAL,True,
1.record_0 (492).txt,8bddeef31753eb33d668b3a949d516fe,ecfdbdb98c4b298834b6b518ffeba9549b61f3f14f0c2db158ac2921ff62de66,400080,392216,60544,Otras Entidades,LOW,FALLBACK,Providencia,,2018.0,12.0,2018-12-19,HIGH,HEADER_EXPLICIT_DATE,562,False,DOC_0562,EXCLUIR,auto: providencia judicial pero no es alta corte (Gate 0.3),JUDICIAL,False,auto: providencia judicial pero no es alta corte (Gate 0.3)
3.record_0 (1737).txt,8c10b5a60bdc500d15c2e7184b8e56b4,28e165f6f0c443ebebcdbbf3a827f5968fc910630d558323d5cf0539ecd9d0bc,222555,218184,34331,Corte Constitucional,HIGH,OFFICIAL_HEADER_NUMBER,Sentencia de Tutela,T-357/22,2022.0,11.0,2022-11-06,HIGH,SENTENCE_IDENTIFIER,563,False,DOC_0563,INCLUIR,auto: marcador judicial de alta confianza + alta corte,JUDICIAL,True,
3.record_0 (470).txt,8c30e143a13b78887817e7e359418454,3277558f6676ab1db8c3f7163cc8526b2302adfcf144a33e2be466eca1276233,21867,21337,3304,Otras Entidades,MEDIUM,INSTITUTION_HEADER,Providencia,,2020.0,7.0,2020-07-10,HIGH,HEADER_EXPLICIT_DATE,564,False,DOC_0564,EXCLUIR,auto: providencia judicial pero no es alta corte (Gate 0.3),JUDICIAL,False,auto: providencia judicial pero no es alta corte (Gate 0.3)
3.record_0 (482).txt,8c35c1e87caf1659c9bde6c22ed21e5b,e5aa76ec79e61d05ae1ac0cba02a999997684e3944910e2bb5eda26e54a7b424,24705,24189,3755,Corte Suprema de Justicia,HIGH,INSTITUTION_HEADER,Sentencia Casación STL,STL-1970/2022,2022.0,1.0,2022-01-12,HIGH,SENTENCE_IDENTIFIER,565,False,DOC_0565,INCLUIR,auto: marcador judicial de alta confianza + alta corte,JUDICIAL,True,
2. record_0 (542).txt,8c5463bf3bf669b80c0ca7c81f5e1578,1adf2ce5043ef6b91adb5e59900594a4dd4130c8a6d05e40bafd3205d2bad143,57431,56105,8450,Corte Constitucional,MEDIUM,TEXT_MENTION_HEADER,Providencia,,2023.0,3.0,2023-03-23,HIGH,HEADER_EXPLICIT_DATE,566,False,DOC_0566,INCLUIR,auto: marcador judicial de alta confianza + alta corte,JUDICIAL,True,
3.record_0 (1378).txt,8c78ecbb525c3e43df3368dcdadf0db3,b6c6fd3e7506040eb9f22179ad479bd26d3260fd9c7551188b4f99398c12cc2c,130957,128813,20441,Corte Constitucional,HIGH,OFFICIAL_HEADER_NUMBER,Sentencia de Constitucionalidad,C-349/20,2020.0,5.0,2020-05-30,HIGH,SENTENCE_IDENTIFIER,567,False,DOC_0567,INCLUIR,auto: marcador judicial de alta confianza + alta corte,JUDICIAL,True,
3.record_0 (390).txt,8cb5ce867cf6bb6c3901226dd9973230,cc5952da88357cb797ac7eadac4f2433adecae3ff5b494e551b13320a9ee4d9a,21531,21074,3350,Otras Entidades,MEDIUM,INSTITUTION_HEADER,Providencia,,2020.0,4.0,2020-04-17,HIGH,HEADER_EXPLICIT_DATE,568,False,DOC_0568,EXCLUIR,auto: providencia judicial pero no es alta corte (Gate 0.3),JUDICIAL,False,auto: providencia judicial pero no es alta corte (Gate 0.3)
3.record_0 (951).txt,8cfdc72adba0ee7de5ca69ca5daabc7b,76a2b329e75e7d39df7d893768de279a4d5acee1973a573b1efdf6fd191c9df9,58368,57190,8994,Corte Constitucional,HIGH,OFFICIAL_HEADER_NUMBER,Sentencia de Constitucionalidad,C-345/22,2022.0,,,HIGH,SENTENCE_IDENTIFIER,569,False,DOC_0569,INCLUIR,auto: marcador judicial de alta confianza + alta corte,JUDICIAL,True,
2. record_0 (861).txt,8d2289354199cc0a24bb57a87ea2c00b,7d68da08d91c2855e0f6112c070b67a122ab127503bdfa4da3e081c1dd29d739,270861,265400,41458,Corte Constitucional,HIGH,OFFICIAL_HEADER_NUMBER,Sentencia de Unificación,SU-599/19,2019.0,7.0,2019-07-06,HIGH,SENTENCE_IDENTIFIER,570,False,DOC_0570,INCLUIR,auto: marcador judicial de alta confianza + alta corte,JUDICIAL,True,
3.record_0 (1980).txt,8db066080498e22cac683048c4e8bdd1,db8d219c36bf103b85b4801cb0b4e1d5f07c39aed03b3df976dae852c011a062,3190829,3129023,478971,Otras Entidades,LOW,FALLBACK,Providencia,,2016.0,,,MEDIUM,HEADER_FIRST_YEAR,571,False,DOC_0571,EXCLUIR,auto: law_or_decree_text de alta confianza,LAW_OR_DECREE_TEXT,False,auto: law_or_decree_text de alta confianza
3.record_0 (209).txt,8e1bcc94cd782db3b8c7fef677eb8039,84030d35031488d5527eb9d2eabacbf634a5d33530fe5139024b4c25d3943702,36109,35386,5498,Corte Constitucional,MEDIUM,TEXT_MENTION_HEADER,Providencia,,2020.0,8.0,2020-08-25,HIGH,HEADER_EXPLICIT_DATE,572,False,DOC_0572,INCLUIR,auto: marcador judicial de alta confianza + alta corte,JUDICIAL,True,
2. record_0 (713).txt,8e28cc63abee821fa671496f8a12ba9a,51450c852ca0947b8621d6d876b128c86a185427fd07f76a5dc30a0b0037bda6,92554,89983,14059,Corte Constitucional,HIGH,OFFICIAL_HEADER_NUMBER,Auto de Sala Plena/Seguimiento,Auto-1064/22,2022.0,9.0,2022-09-01,HIGH,SENTENCE_IDENTIFIER,573,False,DOC_0573,INCLUIR,auto: marcador judicial de alta confianza + alta corte,JUDICIAL,True,
3.record_0 (107).txt,8f6d20fab53e755172cfa610ec3247da,07b23829b17ebd3ba0ca8e51bbe708b4bd5295bfda322973f5450adb4b06e8d7,125882,122839,19755,Consejo de Estado,HIGH,INSTITUTION_HEADER,Sentencia Contencioso Administrativa,,2020.0,12.0,2020-12-09,HIGH,HEADER_EXPLICIT_DATE,574,False,DOC_0574,INCLUIR,auto: marcador judicial de alta confianza + alta corte,JUDICIAL,True,
2. record_0 (921).txt,8f79aedd2a63d5843b952041c6481a74,2443b4baa3ddac55509567c1b1215a0caa39f4442f9a15417d0ada8edf0f2583,137485,134644,20900,Otras Entidades,LOW,FALLBACK,Providencia,,2003.0,5.0,2003-05-07,HIGH,HEADER_EXPLICIT_DATE,575,False,DOC_0575,EXCLUIR,auto: law_or_decree_text de alta confianza,LAW_OR_DECREE_TEXT,False,auto: law_or_decree_text de alta confianza
1.record_0 (167).txt,8f8214b326aef3aa3ac4a2286b959c7c,60894a5a89e7e2446d56018fac21c7413c6d3963e5505283127b81ad64bf3f30,209994,204851,32458,Corte Constitucional,HIGH,OFFICIAL_HEADER_NUMBER,Sentencia de Tutela,T-400/22,2022.0,9.0,2022-09-09,HIGH,SENTENCE_IDENTIFIER,576,False,DOC_0576,INCLUIR,auto: marcador judicial de alta confianza + alta corte,JUDICIAL,True,
2. record_0 (565).txt,8f8ab45f362a7a017eb7dc268ed38332,8d61c12a8a09cb7fa48bbbce8a2669a603589648c7028124beafbfed42e87690,197823,193374,30746,Corte Constitucional,HIGH,OFFICIAL_HEADER_NUMBER,Sentencia de Tutela,T-967/14,2014.0,11.0,2014-11-28,HIGH,SENTENCE_IDENTIFIER,577,False,DOC_0577,INCLUIR,auto: marcador judicial de alta confianza + alta corte,JUDICIAL,True,
1.record_0 (17).txt,8fb54212673463bf95aa4e6c98e95716,99686a2e8d304be51aa0387ed321015ffdb273463ca0d76c0fb9849c2ef6ca3b,9429,9198,1380,Otras Entidades,MEDIUM,INSTITUTION_HEADER,Providencia,,2020.0,,,MEDIUM,HEADER_FIRST_YEAR,578,False,DOC_0578,EXCLUIR,auto: law_or_decree_text de alta confianza,LAW_OR_DECREE_TEXT,False,auto: law_or_decree_text de alta confianza
3.record_0 (681).txt,8fe01c5ce96297d348378863653fb7d9,5c3b637f35922610c4337878401e4ba61493082e9f9588bca4d30ce5dd0e0a0a,31124,30483,5047,Otras Entidades,MEDIUM,INSTITUTION_HEADER,Providencia,,2017.0,6.0,2017-06-23,HIGH,HEADER_EXPLICIT_DATE,579,False,DOC_0579,EXCLUIR,auto: providencia judicial pero no es alta corte (Gate 0.3),JUDICIAL,False,auto: providencia judicial pero no es alta corte (Gate 0.3)
3.record_0 (1099).txt,8ff076c0a1134fb355dcd827448cc987,291b139a42fc7626eb0719dba1e02d99d486925e910c54a41424223f7ec2ea7d,70136,68942,10389,Otras Entidades,LOW,FALLBACK,Providencia,,2016.0,3.0,2016-03-09,HIGH,HEADER_EXPLICIT_DATE,580,False,DOC_0580,EXCLUIR,auto: academic_article de alta confianza,ACADEMIC_ARTICLE,False,auto: academic_article de alta confianza
3.record_0 (1500).txt,901804d4d099c1ed1ecf909483e2b436,0809373ed984f99ce6810de83c45df16111f05cc1f596bea3046e7bcdc7a2cec,176601,173027,26777,Corte Constitucional,HIGH,OFFICIAL_HEADER_NUMBER,Sentencia de Constitucionalidad,C-248/19,2019.0,,,HIGH,SENTENCE_IDENTIFIER,581,False,DOC_0581,INCLUIR,auto: marcador judicial de alta confianza + alta corte,JUDICIAL,True,
3.record_0 (31).txt,90a93c18b77a2c1b1671a7869ebca2b2,b0fbcc7c6a57ec8fd84d54911c4a583b15870c26f2ad30a48e26d5d75022b2d2,5999,5859,916,Otras Entidades,LOW,FALLBACK,Providencia,,2021.0,3.0,2021-03-18,HIGH,HEADER_EXPLICIT_DATE,582,False,DOC_0582,EXCLUIR,auto: providencia judicial pero no es alta corte (Gate 0.3),JUDICIAL,False,auto: providencia judicial pero no es alta corte (Gate 0.3)
3.record_0 (358).txt,90bec2b2630b3db3581ec26a8bbd00b6,427bf2094b7044eec6f58ae5acbd7e55e44650339ea0daa4c9ca5971e4075c32,76595,75001,12126,Otras Entidades,LOW,FALLBACK,Providencia,,2018.0,1.0,2018-01-18,HIGH,HEADER_EXPLICIT_DATE,583,False,DOC_0583,EXCLUIR,auto: providencia judicial pero no es alta corte (Gate 0.3),JUDICIAL,False,auto: providencia judicial pero no es alta corte (Gate 0.3)
3.record_0 (1213).txt,90dd1ffc10ab4600e85f61bede24cdc8,e7fe8f6428b7f842f8e846a6b6823117d121d75496f8a1fb62004c475ff07248,93809,90720,14431,Otras Entidades,MEDIUM,INSTITUTION_HEADER,Providencia,,2023.0,,,MEDIUM,HEADER_FIRST_YEAR,584,False,DOC_0584,EXCLUIR,auto: law_or_decree_text de alta confianza,LAW_OR_DECREE_TEXT,False,auto: law_or_decree_text de alta confianza
2. record_0 (761).txt,90edff03f7bf20ceb70130a286b9baa0,b9adbce61eaa96dee35b777f498d85b83526fb4813a4162217fc427f9cd2d682,106134,103893,16172,Corte Constitucional,HIGH,OFFICIAL_HEADER_NUMBER,Sentencia de Unificación,SU-109/22,2022.0,3.0,2022-03-18,HIGH,SENTENCE_IDENTIFIER,585,False,DOC_0585,INCLUIR,auto: marcador judicial de alta confianza + alta corte,JUDICIAL,True,
1.record_0 (210).txt,913ad0300d4b019ccfd94ec14b0813da,3d8a2e76ce9452f1e6352019ce223e6159bfdc26322d9142e89ab6a0799c8db2,80181,78655,12464,Otras Entidades,MEDIUM,INSTITUTION_HEADER,Providencia,,2017.0,6.0,2017-06-20,HIGH,HEADER_EXPLICIT_DATE,586,False,DOC_0586,EXCLUIR,auto: providencia judicial pero no es alta corte (Gate 0.3),JUDICIAL,False,auto: providencia judicial pero no es alta corte (Gate 0.3)
3.record_0 (642).txt,91790c62e627acf6570b9a2958bb1780,888bd864fec6464a3e7343e0a3c3142d472958445294771902c08bd1a27c2080,30326,29761,4517,Otras Entidades,LOW,FALLBACK,Providencia,,2022.0,4.0,2022-04-26,HIGH,HEADER_EXPLICIT_DATE,587,False,DOC_0587,EXCLUIR,auto: providencia judicial pero no es alta corte (Gate 0.3),JUDICIAL,False,auto: providencia judicial pero no es alta corte (Gate 0.3)
3.record_0 (1466).txt,91c4357cf303a401b51ba17496fa6745,a828f39a3eba7d60b37af70d351bf912afeedc495afbda57553b68eb9fe7769d,157594,154205,23808,Otras Entidades,LOW,FALLBACK,Providencia,,2013.0,,,MEDIUM,HEADER_FIRST_YEAR,588,False,DOC_0588,EXCLUIR,auto: law_or_decree_text de alta confianza,LAW_OR_DECREE_TEXT,False,auto: law_or_decree_text de alta confianza
3.record_0 (862).txt,920947139955107579f67a3276dfd595,6d283c530ff345fa507ba11d28339ed8eb11ea4ab7ceef0238404511d872abe8,49164,48262,7772,Otras Entidades,MEDIUM,INSTITUTION_HEADER,Providencia,,2023.0,11.0,2023-11-15,HIGH,HEADER_EXPLICIT_DATE,589,False,DOC_0589,EXCLUIR,auto: law_or_decree_text de alta confianza,LAW_OR_DECREE_TEXT,False,auto: law_or_decree_text de alta confianza
3.record_0 (78).txt,921eee7e2f82865eeb1a262d2ef4815f,8e171567e3cdea956b279f4d13d92b1b3508d1224306f3b0df3798239d1817ec,8788,8609,1318,Otras Entidades,LOW,FALLBACK,Providencia,,2020.0,12.0,2020-12-16,HIGH,HEADER_EXPLICIT_DATE,590,False,DOC_0590,EXCLUIR,auto: providencia judicial pero no es alta corte (Gate 0.3),JUDICIAL,False,auto: providencia judicial pero no es alta corte (Gate 0.3)
1.record_0 (4).txt,922c9106bd2ee72491e7010b15716518,13385c322c06861debd8809d7e92ed6cf5a2cc932c0e5dc5f1c374b5bc5ecc63,3866,3771,470,Consejo de Estado,HIGH,INSTITUTION_HEADER,Sentencia Contencioso Administrativa,,2006.0,,,MEDIUM,HEADER_FIRST_YEAR,591,False,DOC_0591,INCLUIR,auto: marcador judicial de alta confianza + alta corte,JUDICIAL,True,
3.record_0 (1618).txt,9270d4057bc826b31540cb190b56505e,0fbb81c8087ca092a58a10a2dc6a3907cd5654a0cb4d5e9a3efd09c61e00c139,223409,218993,33977,Corte Suprema de Justicia,HIGH,INSTITUTION_HEADER,Providencia,,2020.0,9.0,2020-09-22,HIGH,HEADER_EXPLICIT_DATE,592,False,DOC_0592,INCLUIR,auto: marcador judicial de alta confianza + alta corte,JUDICIAL,True,
3.record_0 (230).txt,9280aca9d9c3bffe88f3591e5f3dedc6,b7155e337d9a4924c29dda60123b2f9b1aecab10b7e5efd17e5015ed9fd47095,14814,14469,2331,Otras Entidades,MEDIUM,INSTITUTION_HEADER,Providencia,,2018.0,8.0,2018-08-30,HIGH,HEADER_EXPLICIT_DATE,593,False,DOC_0593,EXCLUIR,auto: providencia judicial pero no es alta corte (Gate 0.3),JUDICIAL,False,auto: providencia judicial pero no es alta corte (Gate 0.3)
2. record_0 (114).txt,929615bcd5a6d1ca0efaa75f96729253,efc09a0c0725d677705a7003ff90b95663a457a5430bc7fd97b6efff89c4dc36,10998,10749,1711,Otras Entidades,MEDIUM,INSTITUTION_HEADER,Providencia,,2001.0,,,MEDIUM,HEADER_FIRST_YEAR,594,False,DOC_0594,EXCLUIR,auto: academic_article de alta confianza,ACADEMIC_ARTICLE,False,auto: academic_article de alta confianza
2. record_0 (563).txt,92b469212548ac1d68719b09440d8fac,667ae2ca7c0028cb3854e480abfa6c6107ee9717ec148c5ad526e018784da375,69757,68522,11014,Otras Entidades,LOW,FALLBACK,Providencia,,2022.0,2.0,2022-02-15,HIGH,HEADER_EXPLICIT_DATE,595,False,DOC_0595,EXCLUIR,auto: providencia judicial pero no es alta corte (Gate 0.3),JUDICIAL,False,auto: providencia judicial pero no es alta corte (Gate 0.3)
2. record_0 (1040).txt,92e050dc42fdf2a2dd8d9337526df3e8,87927943eebb6ce860f8a6f0f88f4870acbd7b92a887c1387184a08a3ba967d8,251689,246977,38098,Corte Constitucional,HIGH,OFFICIAL_HEADER_NUMBER,Sentencia de Constitucionalidad,C-257/16,2016.0,,,HIGH,SENTENCE_IDENTIFIER,596,False,DOC_0596,INCLUIR,auto: marcador judicial de alta confianza + alta corte,JUDICIAL,True,
2. record_0 (236).txt,92fcdc24a283c22d8eeabb6b1eb89d94,68cf79eeb586a2ecb7381a600012a5751ceb4aa4c8a14c244a3785d9d100dbdc,24806,24353,3915,Otras Entidades,MEDIUM,INSTITUTION_HEADER,Providencia,,2017.0,9.0,2017-09-04,HIGH,HEADER_EXPLICIT_DATE,597,False,DOC_0597,EXCLUIR,auto: providencia judicial pero no es alta corte (Gate 0.3),JUDICIAL,False,auto: providencia judicial pero no es alta corte (Gate 0.3)
3.record_0 (342).txt,93010ebbb0dceefa026e70e8838ff4dd,5533947f933ef5373fdb387b407d2f8f22965f4cdcaa8ab3b68255039a74389a,18716,18393,2982,Otras Entidades,MEDIUM,INSTITUTION_HEADER,Providencia,,2023.0,,,MEDIUM,HEADER_FIRST_YEAR,598,False,DOC_0598,EXCLUIR,auto: law_or_decree_text de alta confianza,LAW_OR_DECREE_TEXT,False,auto: law_or_decree_text de alta confianza
1.record_0 (232).txt,93463512d554160c2cf18d7026904594,9d410457ced25b36613298e9923479ab4d68575e36eb335382b1ac2b2fd74f96,189484,185744,28484,Otras Entidades,MEDIUM,INSTITUTION_HEADER,Providencia,,,,,LOW,NONE,599,False,DOC_0599,EXCLUIR,auto: law_or_decree_text de alta confianza,LAW_OR_DECREE_TEXT,False,auto: law_or_decree_text de alta confianza
1.record_0 (276).txt,934ba9ef15ca6ae5c3c52168fc5e37af,6ce02b02353fe9fda31b2b88de75192a8d091f29e0024609fb684bfd2e70467e,103736,101922,15006,Otras Entidades,MEDIUM,INSTITUTION_HEADER,Providencia,,2011.0,8.0,2011-08-11,HIGH,HEADER_EXPLICIT_DATE,600,False,DOC_0600,EXCLUIR,auto: law_or_decree_text de alta confianza,LAW_OR_DECREE_TEXT,False,auto: law_or_decree_text de alta confianza
3.record_0 (291).txt,936b1bfda047015b9ab7561e670fbcff,c06790d2dfae7fa9add18b3b55ea3640104f99795ed189582c85453f305a2455,42758,41753,6643,Otras Entidades,MEDIUM,INSTITUTION_HEADER,Providencia,,2020.0,7.0,2020-07-06,HIGH,HEADER_EXPLICIT_DATE,601,False,DOC_0601,EXCLUIR,auto: providencia judicial pero no es alta corte (Gate 0.3),JUDICIAL,False,auto: providencia judicial pero no es alta corte (Gate 0.3)
3.record_0 (253).txt,93780d5bcbcb09a85c717baabe791a95,e5b96a9fee0245ba2166b75a860fa359f07a05588b5b692cccb2b74f97ea3efc,26299,25764,4125,Corte Suprema de Justicia,HIGH,INSTITUTION_HEADER,Sentencia Casación STP,STP-1398/2024,2024.0,2.0,2024-02-23,HIGH,SENTENCE_IDENTIFIER,602,False,DOC_0602,INCLUIR,auto: marcador judicial de alta confianza + alta corte,JUDICIAL,True,
2. record_0 (1256).txt,939ca5168b55db315cfad860597923dd,1feff128d270d9950762ef1b4fcc7d537ae90655405c3d03c965cfc80bc052a1,362875,356305,55218,Otras Entidades,LOW,FALLBACK,Providencia,,2002.0,,,MEDIUM,HEADER_FIRST_YEAR,603,False,DOC_0603,EXCLUIR,auto: providencia judicial pero no es alta corte (Gate 0.3),JUDICIAL,False,auto: providencia judicial pero no es alta corte (Gate 0.3)
3.record_0 (576).txt,93babc046c3c30984080203430ce8951,4e12d59874491e0898a7a58a9763b0cd3c9a62b7f70bba21dc2e7a13866dcf5e,79151,77533,12613,Otras Entidades,MEDIUM,INSTITUTION_HEADER,Providencia,,2010.0,7.0,2010-07-03,HIGH,HEADER_EXPLICIT_DATE,604,False,DOC_0604,EXCLUIR,auto: providencia judicial pero no es alta corte (Gate 0.3),JUDICIAL,False,auto: providencia judicial pero no es alta corte (Gate 0.3)
2. record_0 (697).txt,93e1b1a4917f798c0dea42cb0a981771,e8ad16328996fb85cf3f4d4f5c1faffaea0cb7bfa07f39a06a1a58029244a041,100515,98608,14862,Otras Entidades,MEDIUM,INSTITUTION_HEADER,Providencia,,2019.0,11.0,2019-11-12,HIGH,HEADER_EXPLICIT_DATE,605,False,DOC_0605,EXCLUIR,auto: providencia judicial pero no es alta corte (Gate 0.3),JUDICIAL,False,auto: providencia judicial pero no es alta corte (Gate 0.3)
3.record_0 (938).txt,93f3364c27c0543a60c20eeb982b415d,406eaf1782d402239139ff0cbcf00cc3be551da806a00b10b86ff8c113abae2a,109314,107282,17576,Otras Entidades,MEDIUM,INSTITUTION_HEADER,Providencia,,2016.0,10.0,2016-10-21,HIGH,HEADER_EXPLICIT_DATE,606,False,DOC_0606,EXCLUIR,auto: providencia judicial pero no es alta corte (Gate 0.3),JUDICIAL,False,auto: providencia judicial pero no es alta corte (Gate 0.3)
2. record_0 (249).txt,94155817f2f543a86d137cd3726cccd6,754b8972e2987a016de1a0cab85982e5214464e1bb3dd35f231ce776ae1f9e01,25828,25348,4035,Consejo de Estado,HIGH,INSTITUTION_HEADER,Sentencia Contencioso Administrativa,,2020.0,7.0,2020-07-03,HIGH,HEADER_EXPLICIT_DATE,607,False,DOC_0607,INCLUIR,auto: marcador judicial de alta confianza + alta corte,JUDICIAL,True,
2. record_0 (1204).txt,946c4e6338d7c6476b0b2d2ac9d13186,e7b2e78405a475a03fce6d3b05d25b9ae1c515ee076dd0d32733a6dc8bc6050a,214551,210011,33394,Corte Suprema de Justicia,HIGH,INSTITUTION_HEADER,Providencia,,2022.0,6.0,2022-06-29,HIGH,HEADER_EXPLICIT_DATE,608,False,DOC_0608,INCLUIR,auto: marcador judicial de alta confianza + alta corte,JUDICIAL,True,
1.record_0 (29).txt,94bfaa798f504b4041996725976a538c,0409d4726916c7929556b574a1a88af1d2baad83f3c7951d5280e5f1265de835,10155,9936,1608,Corte Suprema de Justicia,HIGH,INSTITUTION_HEADER,Sentencia Casación STC,STC-1050/2021,2021.0,9.0,2021-09-08,HIGH,SENTENCE_IDENTIFIER,609,False,DOC_0609,INCLUIR,auto: marcador judicial de alta confianza + alta corte,JUDICIAL,True,
3.record_0 (658).txt,94f62986cda5caa2b80aa00ef61b2eef,27742763d1f7be51509010ec4d90d306ba7d3d0cf1d811b0cf5863e860789929,60994,59720,9701,Otras Entidades,LOW,FALLBACK,Providencia,,2017.0,1.0,2017-01-26,HIGH,HEADER_EXPLICIT_DATE,610,False,DOC_0610,EXCLUIR,auto: providencia judicial pero no es alta corte (Gate 0.3),JUDICIAL,False,auto: providencia judicial pero no es alta corte (Gate 0.3)
3.record_0 (818).txt,950e18e0ac711b00422cca627d11c9eb,1d2255f8c2819e460660fdd0a4ea04058d8c7f792570e59b66627f443b49a44b,41350,40682,6126,Otras Entidades,LOW,FALLBACK,Providencia,,2023.0,,,MEDIUM,HEADER_FIRST_YEAR,611,False,DOC_0611,EXCLUIR,auto: academic_article de alta confianza,ACADEMIC_ARTICLE,False,auto: academic_article de alta confianza
3.record_0 (1763).txt,9569bf1e9063f350e8cfae9dc6578de0,ffadcb9ec57b4cb6b59fbb3f9d398cf5f9bb50ed9e3ab1c6952852d4073cf25b,401203,393893,61528,Corte Constitucional,HIGH,OFFICIAL_HEADER_NUMBER,Auto de Sala Plena/Seguimiento,Auto-173/14,2014.0,,,HIGH,SENTENCE_IDENTIFIER,612,False,DOC_0612,INCLUIR,auto: marcador judicial de alta confianza + alta corte,JUDICIAL,True,
3.record_0 (1831).txt,963cea17a29bb524345ffd2650539760,5894e150a2ad4e1074e66c3c5741f54526b1c10308a8a70e1fb417defbe7aeba,415383,405227,63466,Corte Constitucional,HIGH,OFFICIAL_HEADER_NUMBER,Sentencia de Tutela,T-454/22,2022.0,2.0,2022-02-04,HIGH,SENTENCE_IDENTIFIER,613,False,DOC_0613,INCLUIR,auto: marcador judicial de alta confianza + alta corte,JUDICIAL,True,
1.record_0 (35).txt,9646fbd0a354305b00c92d5eb2b2747d,77304b2f5e89b868375127511d203285091bb035e088367e36f8e82d8d7ac5e8,8728,8592,1330,Corte Suprema de Justicia,HIGH,INSTITUTION_HEADER,Sentencia Casación STC,STC-11086/2023,2023.0,5.0,2023-05-30,HIGH,SENTENCE_IDENTIFIER,614,False,DOC_0614,INCLUIR,auto: marcador judicial de alta confianza + alta corte,JUDICIAL,True,
1.record_0 (253).txt,96d1a4740de87cf2a519e819849bd003,45edf3eda85e1db5931013e08a61a73043b9502d74880e284d5d4632014cd362,198233,193579,30103,Otras Entidades,LOW,FALLBACK,Providencia,,2018.0,5.0,2018-05-17,HIGH,HEADER_EXPLICIT_DATE,615,False,DOC_0615,EXCLUIR,auto: providencia judicial pero no es alta corte (Gate 0.3),JUDICIAL,False,auto: providencia judicial pero no es alta corte (Gate 0.3)
2. record_0 (642).txt,96f70b8f8ef6f5b2e4cc8cd83f78e0f3,e04a30581ef2483499681507cfec5a4674f9bd747aef8d4982cf68504e370cdf,77878,76410,11661,Corte Constitucional,MEDIUM,TEXT_MENTION_HEADER,Providencia,,2021.0,3.0,2021-03-17,HIGH,HEADER_EXPLICIT_DATE,616,False,DOC_0616,INCLUIR,auto: marcador judicial de alta confianza + alta corte,JUDICIAL,True,
3.record_0 (801).txt,970f874584d7929c46b54b9dc3b71343,729ecd89ed50cfec5ea906b51970c2fa83c90b645dbe7b2d2c7461adb329ba03,35618,34871,5877,Otras Entidades,MEDIUM,INSTITUTION_HEADER,Providencia,,2017.0,5.0,2017-05-19,HIGH,HEADER_EXPLICIT_DATE,617,False,DOC_0617,EXCLUIR,auto: providencia judicial pero no es alta corte (Gate 0.3),JUDICIAL,False,auto: providencia judicial pero no es alta corte (Gate 0.3)
1.record_0 (181).txt,97cbbe42344e14b58e15495fadbb7824,a20774ebd0d9ccec9f33141f9f8f2f223324dfcb832670ef82f35d263b0cb972,299648,294363,46146,Corte Constitucional,HIGH,OFFICIAL_HEADER_NUMBER,Sentencia de Tutela,T-344/20,2020.0,1.0,2020-01-21,HIGH,SENTENCE_IDENTIFIER,618,False,DOC_0618,INCLUIR,auto: marcador judicial de alta confianza + alta corte,JUDICIAL,True,
2. record_0 (714).txt,97f85ea2175c84240a78b78e515382f8,7161be7c62ac072605bb99143e3ccd53a416aa472a194553887c89681c741e20,172238,168551,26897,Corte Constitucional,MEDIUM,TEXT_MENTION_HEADER,Providencia,,2020.0,1.0,2020-01-02,HIGH,HEADER_EXPLICIT_DATE,619,False,DOC_0619,INCLUIR,auto: marcador judicial de alta confianza + alta corte,JUDICIAL,True,
1.record_0 (247).txt,982fd3b28ed46aaedc710f7556744d99,24cc78d7248c89cd57584a96e6cbd588fe480bfb026bfd7f7aa16cd6ac3dc1c0,95536,93704,14813,Corte Constitucional,HIGH,OFFICIAL_HEADER_NUMBER,Sentencia de Tutela,T-590/17,2017.0,6.0,2017-06-16,HIGH,SENTENCE_IDENTIFIER,620,False,DOC_0620,INCLUIR,auto: marcador judicial de alta confianza + alta corte,JUDICIAL,True,
3.record_0 (111).txt,9839624f816dfc6020bd52c7334ed6d5,33a9496961683faa6193b100cfe9d398ba46c78c75f043fd48eeea25894e65f0,17767,17404,2699,Corte Suprema de Justicia,HIGH,INSTITUTION_HEADER,Sentencia Casación STC,STC-12195/2022,2022.0,7.0,2022-07-28,HIGH,SENTENCE_IDENTIFIER,621,False,DOC_0621,INCLUIR,auto: marcador judicial de alta confianza + alta corte,JUDICIAL,True,
2. record_0 (64).txt,9843f035b0f4ebfdb45ede18cf4072f3,c32f38b94781f46a97aea58bb730717310a9f8dd47c86d4498aa332472155227,106014,103790,16570,Corte Constitucional,MEDIUM,TEXT_MENTION_HEADER,Providencia,,2019.0,8.0,2019-08-08,HIGH,HEADER_EXPLICIT_DATE,622,False,DOC_0622,INCLUIR,auto: marcador judicial de alta confianza + alta corte,JUDICIAL,True,
4. (92).txt,98765a93c996384348713a4f49491a0b,64d5008f8ab848c9762d5f190b10badbe267fed0a624135eb9d7c74f8b791f57,308759,302597,46488,Corte Constitucional,HIGH,OFFICIAL_HEADER_NUMBER,Sentencia de Constitucionalidad,C-608/17,2017.0,,,HIGH,SENTENCE_IDENTIFIER,623,False,DOC_0623,INCLUIR,auto: marcador judicial de alta confianza + alta corte,JUDICIAL,True,
3.record_0 (596).txt,989a9abd40d0b3ef9c619fcbb1002fdf,2bba51617f91454a95e0fbb44c23df1de3bea09d1b1fdd3a2663e6afb278086a,28725,28227,4556,Otras Entidades,MEDIUM,INSTITUTION_HEADER,Providencia,,2019.0,8.0,2019-08-06,HIGH,HEADER_EXPLICIT_DATE,624,False,DOC_0624,EXCLUIR,auto: providencia judicial pero no es alta corte (Gate 0.3),JUDICIAL,False,auto: providencia judicial pero no es alta corte (Gate 0.3)
2. record_0 (795).txt,98c466f5979ab0bd8ef66351e128e633,76425e1f4973006f1a2331972603c93b3767128ce47ebd6d752f925cfba508d0,108302,106208,16602,Otras Entidades,LOW,FALLBACK,Providencia,,2003.0,7.0,2003-07-24,HIGH,HEADER_EXPLICIT_DATE,625,False,DOC_0625,EXCLUIR,auto: providencia judicial pero no es alta corte (Gate 0.3),JUDICIAL,False,auto: providencia judicial pero no es alta corte (Gate 0.3)
2. record_0 (1296).txt,991c6d5d6946aae71345ac82806802c9,4c36517bb41056fd49de143f99fabb9242be5acf1776df301f61cc59c98afdb1,644573,631650,97763,Corte Constitucional,MEDIUM,TEXT_MENTION_HEADER,Providencia,,2004.0,,,MEDIUM,HEADER_FIRST_YEAR,626,False,DOC_0626,INCLUIR,auto: marcador judicial de alta confianza + alta corte,JUDICIAL,True,
2. record_0 (344).txt,994cf6ec774370719ad0d682692c64aa,a7522f10e1df82cc4d16cbb6aae9820c2fdffffe3fa4844bd764beb91489e5c7,35161,34503,5712,Otras Entidades,LOW,FALLBACK,Providencia,,2016.0,9.0,2016-09-23,HIGH,HEADER_EXPLICIT_DATE,627,False,DOC_0627,EXCLUIR,auto: providencia judicial pero no es alta corte (Gate 0.3),JUDICIAL,False,auto: providencia judicial pero no es alta corte (Gate 0.3)
3.record_0 (709).txt,9977710b1a4e92b7d857015317b40e6b,3d433fc4c9d0f80193228ec711a7a5a30495cd364fa712308b40c0d56439c9fb,66913,65420,10869,Otras Entidades,MEDIUM,INSTITUTION_HEADER,Providencia,,2018.0,2.0,2018-02-06,HIGH,HEADER_EXPLICIT_DATE,628,False,DOC_0628,EXCLUIR,auto: providencia judicial pero no es alta corte (Gate 0.3),JUDICIAL,False,auto: providencia judicial pero no es alta corte (Gate 0.3)
3.record_0 (215).txt,9a26ffb9d6a4a1603c001fd299a8d945,5c955182affaf0df1e43bea3fe6dfe4130dcd9252db12b5af7dc4c7c62c31aea,46496,45295,7249,Otras Entidades,MEDIUM,INSTITUTION_HEADER,Providencia,,2023.0,10.0,2023-10-18,HIGH,HEADER_EXPLICIT_DATE,629,False,DOC_0629,EXCLUIR,auto: providencia judicial pero no es alta corte (Gate 0.3),JUDICIAL,False,auto: providencia judicial pero no es alta corte (Gate 0.3)
3.record_0 (1875).txt,9a4ebad1c4a552f28f60681643bc82e0,088dd29fa40dd59a1a20f13119bfb81800c23d1b8beb8f0f03fb97cb1fac781d,535157,524361,79931,Corte Constitucional,HIGH,OFFICIAL_HEADER_NUMBER,Sentencia de Constitucionalidad,C-013/18,2018.0,5.0,2018-05-29,HIGH,SENTENCE_IDENTIFIER,630,False,DOC_0630,INCLUIR,auto: marcador judicial de alta confianza + alta corte,JUDICIAL,True,
3.record_0 (268).txt,9b3bf0345166e6f79bc48b189d4c1c06,f0e33ed399261b8f1d03ea4fbdb9f7f68dd2915c455acb1967243dc54faa574e,58317,56957,8645,Corte Constitucional,HIGH,OFFICIAL_HEADER_NUMBER,Auto de Sala Plena/Seguimiento,Auto-565/22,2022.0,12.0,2022-12-06,HIGH,SENTENCE_IDENTIFIER,631,False,DOC_0631,INCLUIR,auto: marcador judicial de alta confianza + alta corte,JUDICIAL,True,
6.record_0 (145).txt,9badd61beb1db52321abc8e880eab8b0,6a0dfa9868cbf6597a0710af9340d84d4ca8aa1df12300808a15c76970ce9854,101565,99301,14984,Otras Entidades,MEDIUM,INSTITUTION_HEADER,Providencia,,2023.0,,,MEDIUM,HEADER_FIRST_YEAR,632,False,DOC_0632,EXCLUIR,auto: law_or_decree_text de alta confianza,LAW_OR_DECREE_TEXT,False,auto: law_or_decree_text de alta confianza
3.record_0 (1252).txt,9bc529a9ea086bed40bd3edb5eb7edf6,ddc0de74d3cb5f48602f084adc6c4f81253927397d308dff8cff18c832a6b8bb,92827,90884,14690,Otras Entidades,MEDIUM,INSTITUTION_HEADER,Providencia,,2011.0,10.0,2011-10-30,HIGH,HEADER_EXPLICIT_DATE,633,False,DOC_0633,EXCLUIR,auto: providencia judicial pero no es alta corte (Gate 0.3),JUDICIAL,False,auto: providencia judicial pero no es alta corte (Gate 0.3)
3.record_0 (379).txt,9bd62fbc8aaa3ccc4c3360ced559e64a,0fb4bdbf2d5de4ab50398e423f353adc2478c04d4110cff4ef86c0e198d66323,53923,52570,7934,Corte Constitucional,MEDIUM,TEXT_MENTION_HEADER,Providencia,,2021.0,10.0,2021-10-22,HIGH,HEADER_EXPLICIT_DATE,634,False,DOC_0634,INCLUIR,auto: marcador judicial de alta confianza + alta corte,JUDICIAL,True,
1.record_0 (82).txt,9c34eae6da0e08b40621ee6561be5bba,f30d2a2b46b54b6c92bda2aaa294d07ba5b62b03ceae02ca46b358c0eccca86d,44409,43552,6922,Corte Constitucional,MEDIUM,TEXT_MENTION_HEADER,Providencia,,2023.0,8.0,2023-08-25,HIGH,HEADER_EXPLICIT_DATE,635,False,DOC_0635,INCLUIR,auto: marcador judicial de alta confianza + alta corte,JUDICIAL,True,
3.record_0 (471).txt,9c4b2e4cf4a6dc6318f5c03372a9b575,94112be7ddec10f5695ba05cc6c3e8a1888f510a49ee6940b7aab04ac9e9e994,21918,21522,3425,Corte Suprema de Justicia,HIGH,INSTITUTION_HEADER,Sentencia Casación STP,STP-10788/2021,2021.0,6.0,2021-06-23,HIGH,SENTENCE_IDENTIFIER,636,False,DOC_0636,INCLUIR,auto: marcador judicial de alta confianza + alta corte,JUDICIAL,True,
3.record_0 (1848).txt,9cb9ac7ce8dc1a8c07d905aaf2d963fa,ad0565678aa4193ae04ae30d46a3c27dc275133836d54a84a450b8c622bb012d,418216,408323,64000,Corte Constitucional,HIGH,OFFICIAL_HEADER_NUMBER,Sentencia de Constitucionalidad,C-089/22,2022.0,8.0,2022-08-25,HIGH,SENTENCE_IDENTIFIER,637,False,DOC_0637,INCLUIR,auto: marcador judicial de alta confianza + alta corte,JUDICIAL,True,
3.record_0 (1916).txt,9d0106ef6ac698e264853ae76a5c425f,8ccb4ccff2b5745ea9a5b0835be67dab4254e3a19395f08614e559b39d31f441,524952,515886,79504,Corte Constitucional,HIGH,OFFICIAL_HEADER_NUMBER,Sentencia de Unificación,SU-016/21,2021.0,4.0,2021-04-25,HIGH,SENTENCE_IDENTIFIER,638,False,DOC_0638,INCLUIR,auto: marcador judicial de alta confianza + alta corte,JUDICIAL,True,
3.record_0 (487).txt,9d2135b0f2f113645108a5c8a66b9c16,d210ca559936e1a700dc5d7e7c1c2c84d18025fd847ce2034501b7a5e764fb5b,21106,20693,3309,Corte Suprema de Justicia,HIGH,INSTITUTION_HEADER,Sentencia Casación STL,STL-11242/2022,2022.0,7.0,2022-07-19,HIGH,SENTENCE_IDENTIFIER,639,False,DOC_0639,INCLUIR,auto: marcador judicial de alta confianza + alta corte,JUDICIAL,True,
2. record_0 (38).txt,9d90e90916e5a417d71e0dc1c460f03b,5313e69e53d607d9151eadd59f4a90a78e8601dd4a6fe0c858d65f0f973908a7,15418,15129,2327,Otras Entidades,MEDIUM,INSTITUTION_HEADER,Providencia,,2011.0,,,MEDIUM,HEADER_FIRST_YEAR,640,False,DOC_0640,EXCLUIR,auto: academic_article de alta confianza,ACADEMIC_ARTICLE,False,auto: academic_article de alta confianza
3.record_0 (1185).txt,9df6e40dcc05e10e24e3ac4266795f72,3289f6330252da3d673ad9450ab4065e9f9c67db5a0c33e1f805def959a3f215,82389,80703,13081,Corte Constitucional,HIGH,OFFICIAL_HEADER_NUMBER,Sentencia de Tutela,T-739/09,2009.0,4.0,2009-04-27,HIGH,SENTENCE_IDENTIFIER,641,False,DOC_0641,INCLUIR,auto: marcador judicial de alta confianza + alta corte,JUDICIAL,True,
1.record_0 (206).txt,9e4cae32a53969f72c4383def8d1fdb8,657657e115e2531b73f050c301a0a2a178c24cba3666ee67e220af1746690023,78951,77051,11008,Otras Entidades,MEDIUM,INSTITUTION_HEADER,Providencia,,2022.0,,,MEDIUM,HEADER_FIRST_YEAR,642,False,DOC_0642,EXCLUIR,auto: law_or_decree_text de alta confianza,LAW_OR_DECREE_TEXT,False,auto: law_or_decree_text de alta confianza
3.record_0 (1295).txt,9e677971a56283ba74a2055553bbea1e,3ad9675c2f6ad6fb01d7d218e31e7dd3dd51659ab7f0eb1a1b5e09d2ebed4f66,94985,93288,14772,Corte Constitucional,MEDIUM,TEXT_MENTION_HEADER,Providencia,,2022.0,5.0,2022-05-12,HIGH,HEADER_EXPLICIT_DATE,643,False,DOC_0643,INCLUIR,auto: marcador judicial de alta confianza + alta corte,JUDICIAL,True,
1.record_0 (46).txt,9e6b309ed53d8ebc5feda2c94296b911,3adf1279f0d15d3b6fc7231ee83f4776232be886cbe1c2bcbe1c6c6e12e327fc,181024,177594,26991,Otras Entidades,MEDIUM,INSTITUTION_HEADER,Providencia,,2013.0,11.0,2013-11-25,HIGH,HEADER_EXPLICIT_DATE,644,False,DOC_0644,EXCLUIR,auto: law_or_decree_text de alta confianza,LAW_OR_DECREE_TEXT,False,auto: law_or_decree_text de alta confianza
3.record_0 (1245).txt,9e81a1527b8b3f3b71c8dd8c8f9d1389,5233d59015b346983cde3fb6d5b87a94a67b19b89949092aff318ca941cf3cd1,97585,95693,14786,Otras Entidades,LOW,FALLBACK,Providencia,,,,,LOW,NONE,645,False,DOC_0645,EXCLUIR,auto: providencia judicial pero no es alta corte (Gate 0.3),JUDICIAL,False,auto: providencia judicial pero no es alta corte (Gate 0.3)
1.record_0 (16).txt,9eb575144d7f59f2c4029befa220bd33,fef99ad2cf2c585b727cb4f97676055ba4fd511e940afc9aa2cce39bf86aba04,6753,6606,1029,Corte Constitucional,MEDIUM,TEXT_MENTION_HEADER,Providencia,,2018.0,3.0,2018-03-09,HIGH,HEADER_EXPLICIT_DATE,646,False,DOC_0646,INCLUIR,auto: marcador judicial de alta confianza + alta corte,JUDICIAL,True,
3.record_0 (692).txt,9f33b615972007618fe4dee084b12f1b,fbdc0b36adaba455d9a374f7ad11fc205829f5bbc98572241620b7b102003a62,34102,33436,5323,Otras Entidades,LOW,FALLBACK,Providencia,,2021.0,7.0,2021-07-15,HIGH,HEADER_EXPLICIT_DATE,647,False,DOC_0647,EXCLUIR,auto: providencia judicial pero no es alta corte (Gate 0.3),JUDICIAL,False,auto: providencia judicial pero no es alta corte (Gate 0.3)
3.record_0 (1024).txt,9f3e79cb82fcbba423da1abdf86b9335,067acf5605aad8cfbe925d4f384edf5fa3ccee9a81b9502d15ac5f15510cb43f,60898,59765,8657,Corte Constitucional,HIGH,OFFICIAL_HEADER_NUMBER,Auto de Sala Plena/Seguimiento,Auto-723/22,2022.0,6.0,2022-06-13,HIGH,SENTENCE_IDENTIFIER,648,False,DOC_0648,INCLUIR,auto: marcador judicial de alta confianza + alta corte,JUDICIAL,True,
1.record_0 (76).txt,9f4e3edcea4650672b451183b34ea9b9,74872639b0d6727136f62b8f7095fc4ceb13bd232636a7bccae3caeb582f4c84,50601,49444,7454,Otras Entidades,LOW,FALLBACK,Providencia,,2019.0,6.0,2019-06-06,HIGH,HEADER_EXPLICIT_DATE,649,False,DOC_0649,EXCLUIR,auto: law_or_decree_text de alta confianza,LAW_OR_DECREE_TEXT,False,auto: law_or_decree_text de alta confianza
2. record_0 (336).txt,9f64a5ae31731848c513b985d45ce87f,43bb9701bf63340d53d7c5796f3c884b4c2f74cc9dc80ee1bcecc31ad469ddbd,73541,71888,11438,Otras Entidades,MEDIUM,INSTITUTION_HEADER,Providencia,,2017.0,9.0,2017-09-20,HIGH,HEADER_EXPLICIT_DATE,650,False,DOC_0650,EXCLUIR,auto: providencia judicial pero no es alta corte (Gate 0.3),JUDICIAL,False,auto: providencia judicial pero no es alta corte (Gate 0.3)
2. record_0 (825).txt,9fbe181a6800da133038f1cb883d1ff6,ed5656b9c78f276a9bfd56f14bfa4313bb677367a711bc078cf4475202335012,213525,209523,33597,Corte Suprema de Justicia,HIGH,INSTITUTION_HEADER,Providencia,,2022.0,11.0,2022-11-23,HIGH,HEADER_EXPLICIT_DATE,651,False,DOC_0651,INCLUIR,auto: marcador judicial de alta confianza + alta corte,JUDICIAL,True,
3.record_0 (212).txt,9ff7bd74780306699c2ca7a636de5a09,bac1bfe6713fc930b4615373e2096811dbcb67868c7d6de496dc429276af713f,78260,76701,11914,Corte Constitucional,MEDIUM,TEXT_MENTION_HEADER,Providencia,,2021.0,7.0,2021-07-28,HIGH,HEADER_EXPLICIT_DATE,652,False,DOC_0652,INCLUIR,auto: marcador judicial de alta confianza + alta corte,JUDICIAL,True,
3.record_0 (1854).txt,a048c3ec60e13f03e4912cb5294dc3fc,adb06ac0b90611b53fd343130efa8e1cacabd38016bdc381d39a276ba55843c1,405339,397054,60697,Corte Constitucional,HIGH,OFFICIAL_HEADER_NUMBER,Auto de Sala Plena/Seguimiento,Auto-894/22,2022.0,11.0,2022-11-29,HIGH,SENTENCE_IDENTIFIER,653,False,DOC_0653,INCLUIR,auto: marcador judicial de alta confianza + alta corte,JUDICIAL,True,
3.record_0 (794).txt,a09ea1a7e6241fbe6d3c8557a440c4ba,95bcee2096227e0630c998e21db4300418612292888e6d8d4a41d63d0858d994,72867,71584,11056,Otras Entidades,LOW,FALLBACK,Providencia,,2013.0,,,MEDIUM,HEADER_FIRST_YEAR,654,False,DOC_0654,EXCLUIR,auto: academic_article de alta confianza,ACADEMIC_ARTICLE,False,auto: academic_article de alta confianza
3.record_0 (146).txt,a0c6adf283ba67376f44456853be3ab4,1e47a78c4d23de1081a7766b2ca2e80aad1ecc344f7702e547b1ab3c838058a8,11792,11596,1843,Otras Entidades,MEDIUM,INSTITUTION_HEADER,Providencia,,2021.0,3.0,2021-03-11,HIGH,HEADER_EXPLICIT_DATE,655,False,DOC_0655,EXCLUIR,auto: providencia judicial pero no es alta corte (Gate 0.3),JUDICIAL,False,auto: providencia judicial pero no es alta corte (Gate 0.3)
3.record_0 (777).txt,a0d8d55313f657925224812619aea5cb,6510c25f05105b8cd559c657b55aeb3ae6d044d869d4481738e2cb6dd2941b3c,68727,67355,11100,Corte Suprema de Justicia,HIGH,INSTITUTION_HEADER,Sentencia Casación SP,SP-3261/2020,2020.0,1.0,2020-01-30,HIGH,SENTENCE_IDENTIFIER,656,False,DOC_0656,INCLUIR,auto: marcador judicial de alta confianza + alta corte,JUDICIAL,True,
3.record_0 (727).txt,a0f613c20e3731d852719fd4e912b0b9,50509f7707a6061e86ee0adb26019616f7c7d60667795f3048995f8ad1c05602,40642,39896,6205,Corte Suprema de Justicia,HIGH,INSTITUTION_HEADER,Providencia,,2014.0,8.0,2014-08-29,HIGH,HEADER_EXPLICIT_DATE,657,False,DOC_0657,INCLUIR,auto: marcador judicial de alta confianza + alta corte,JUDICIAL,True,
2. record_0 (130).txt,a1152f4299c6de8858774a98e56d4d19,769628afd7db19dd3beaf79269123064a5de63f4e767ced2960b32d74cc50a79,44013,43096,6945,Otras Entidades,MEDIUM,INSTITUTION_HEADER,Providencia,,2009.0,2.0,2009-02-10,HIGH,HEADER_EXPLICIT_DATE,658,False,DOC_0658,EXCLUIR,auto: providencia judicial pero no es alta corte (Gate 0.3),JUDICIAL,False,auto: providencia judicial pero no es alta corte (Gate 0.3)
2. record_0 (1384).txt,a16a21ae9850d6dff2cdfb36adc0185e,3dd4c67ee822e30cce57c7e38cdad2060194f09bd5d513039cff04e5f2a51aef,1626495,1595702,235486,Otras Entidades,MEDIUM,INSTITUTION_HEADER,Providencia,,2000.0,,,MEDIUM,HEADER_FIRST_YEAR,659,False,DOC_0659,EXCLUIR,auto: law_or_decree_text de alta confianza,LAW_OR_DECREE_TEXT,False,auto: law_or_decree_text de alta confianza
1.record_0 (381).txt,a17e9aecf8ec583ff15ece3d4cc6f85d,43f1adb97993563d19148c7385a8ca657f54b5376f620e2257ae9af9892f16f3,209066,204854,32096,Corte Constitucional,HIGH,OFFICIAL_HEADER_NUMBER,Sentencia de Tutela,T-718/17,2017.0,6.0,2017-06-30,HIGH,SENTENCE_IDENTIFIER,660,False,DOC_0660,INCLUIR,auto: marcador judicial de alta confianza + alta corte,JUDICIAL,True,
2. record_0 (340).txt,a1b1ff1184a8cec0835cd8794cc2d609,458908fe7a229c6b83c230b73e8615bfa7ed87868ec25965085297e6aeb94ace,64634,63637,10065,Otras Entidades,LOW,FALLBACK,Providencia,,2007.0,,,MEDIUM,HEADER_FIRST_YEAR,661,False,DOC_0661,EXCLUIR,auto: academic_article de alta confianza,ACADEMIC_ARTICLE,False,auto: academic_article de alta confianza
1.record_0 (172).txt,a2210cd0306aaef16a6010e09f9adfff,f8284ce7a04f1b94050288201aa3bdbc4ce8965c1a757e2377768386dbb0896f,66749,65265,9780,Otras Entidades,MEDIUM,INSTITUTION_HEADER,Providencia,,2020.0,7.0,2020-07-08,HIGH,HEADER_EXPLICIT_DATE,662,False,DOC_0662,EXCLUIR,auto: law_or_decree_text de alta confianza,LAW_OR_DECREE_TEXT,False,auto: law_or_decree_text de alta confianza
2. record_0 (706).txt,a26363e88757858bf60b6a0a518b6908,ef11e4d294fcf63e6e93e95807de4647bb803fa8293addd6a6c8de873c2b2483,97122,95110,15329,Consejo de Estado,HIGH,INSTITUTION_HEADER,Sentencia Contencioso Administrativa,,2019.0,12.0,2019-12-10,HIGH,HEADER_EXPLICIT_DATE,663,False,DOC_0663,INCLUIR,auto: marcador judicial de alta confianza + alta corte,JUDICIAL,True,
2. record_0 (835).txt,a3af3520e9c4fd123e6202ab938fe066,734cf88a35222b29eafe781b4adc3b4ccb37512a449e1570694ae2b0e13bc416,125723,123359,20168,Consejo de Estado,HIGH,INSTITUTION_HEADER,Sentencia Contencioso Administrativa,,2015.0,12.0,2015-12-11,HIGH,HEADER_EXPLICIT_DATE,664,False,DOC_0664,INCLUIR,auto: marcador judicial de alta confianza + alta corte,JUDICIAL,True,
3.record_0 (1132).txt,a4a0e54cc6f97beb05fa3b4bb22123c5,57541767ec470e8c3114d5f2aa742358943d3f2ac2d7f63de9349d0f1753c97d,81040,79517,12027,Otras Entidades,LOW,FALLBACK,Providencia,,2020.0,10.0,2020-10-09,HIGH,HEADER_EXPLICIT_DATE,665,False,DOC_0665,EXCLUIR,auto: academic_article de alta confianza,ACADEMIC_ARTICLE,False,auto: academic_article de alta confianza
2. record_0 (1111).txt,a4b4bb8fa40c13bc897d940f730b0790,148935d20d22414c7d920127e47ef731b7ab1aec0e650dd3522cca033d773e53,201546,197995,32520,Corte Constitucional,MEDIUM,TEXT_MENTION_HEADER,Providencia,,1944.0,11.0,1944-11-30,HIGH,HEADER_EXPLICIT_DATE,666,False,DOC_0666,EXCLUIR,auto: law_or_decree_text de alta confianza,LAW_OR_DECREE_TEXT,False,auto: law_or_decree_text de alta confianza
3.record_0 (329).txt,a4be9a1538bf5b81f82058fe064a17f3,e3ced44d19d47367c0847a3f773cbe00b669c56827ba3ac096a894b84357143a,17314,17063,2616,Otras Entidades,MEDIUM,INSTITUTION_HEADER,Providencia,,2021.0,12.0,2021-12-14,HIGH,HEADER_EXPLICIT_DATE,667,False,DOC_0667,EXCLUIR,auto: providencia judicial pero no es alta corte (Gate 0.3),JUDICIAL,False,auto: providencia judicial pero no es alta corte (Gate 0.3)
1.record_0 (340).txt,a4de0d79a57abf9e3349541e28596490,17678b9286080d05e1a86a95655f74719f6e6a8257864765d4ad0b6e54fe5f29,181393,177994,27185,Otras Entidades,MEDIUM,INSTITUTION_HEADER,Providencia,,2012.0,,,MEDIUM,HEADER_FIRST_YEAR,668,False,DOC_0668,EXCLUIR,auto: law_or_decree_text de alta confianza,LAW_OR_DECREE_TEXT,False,auto: law_or_decree_text de alta confianza
1.record_0 (465).txt,a4e094bc68b369ee7ce140ede0a50369,f6007e6fbe019d934f4eeba906c3047deb791313b20fb71c19f3efbaf5f7823f,258001,252160,40480,Corte Constitucional,MEDIUM,TEXT_MENTION_HEADER,Providencia,,2023.0,2.0,2023-02-08,HIGH,HEADER_EXPLICIT_DATE,669,False,DOC_0669,INCLUIR,auto: marcador judicial de alta confianza + alta corte,JUDICIAL,True,
3.record_0 (397).txt,a4e252a5ca2aa84616e8ff2b55b218e9,ccbf6e2698eafe828454917f5d51e556f1d8d3175a5cab5c3072b646c4354cb0,20693,20192,3190,Otras Entidades,LOW,FALLBACK,Providencia,,2021.0,2.0,2021-02-08,HIGH,HEADER_EXPLICIT_DATE,670,False,DOC_0670,EXCLUIR,auto: providencia judicial pero no es alta corte (Gate 0.3),JUDICIAL,False,auto: providencia judicial pero no es alta corte (Gate 0.3)
2. record_0 (23).txt,a548bafa1e15338e12d71d5268191788,e563131e5b659a269e97735a6df93453ab73c6a64b05e0a2e6d54b9e40f0383c,4664,4564,719,Otras Entidades,MEDIUM,INSTITUTION_HEADER,Providencia,,2022.0,,,MEDIUM,HEADER_FIRST_YEAR,671,False,DOC_0671,EXCLUIR,auto: law_or_decree_text de alta confianza,LAW_OR_DECREE_TEXT,False,auto: law_or_decree_text de alta confianza
1.record_0 (365).txt,a5e013fbfcafe86bcae53a38e3dcc562,1648d3ccf6752164c99fdcb52f4d75be3fe597169f346d711d88847304564537,169247,165576,26739,Corte Constitucional,HIGH,OFFICIAL_HEADER_NUMBER,Sentencia de Tutela,T-225/22,2022.0,4.0,2022-04-09,HIGH,SENTENCE_IDENTIFIER,672,False,DOC_0672,INCLUIR,auto: marcador judicial de alta confianza + alta corte,JUDICIAL,True,
3.record_0 (655).txt,a60ec6a590e5de421fe7d8723f27b071,e6b6fd94938bef28bbc3e660749a065af738dcc25e175402325f63c1e6244e3f,62848,61441,9596,Corte Constitucional,MEDIUM,TEXT_MENTION_HEADER,Providencia,,2022.0,7.0,2022-07-14,HIGH,HEADER_EXPLICIT_DATE,673,False,DOC_0673,INCLUIR,auto: marcador judicial de alta confianza + alta corte,JUDICIAL,True,
1.record_0 (241).txt,a62772f019769444d3c93ebc3f79d5b8,745b01512d7419e0de2b736608239b0da800f4b5aea568b66752c58d74432571,287346,282151,42336,Consejo de Estado,HIGH,INSTITUTION_HEADER,Sentencia Contencioso Administrativa,,2021.0,4.0,2021-04-28,HIGH,HEADER_EXPLICIT_DATE,674,False,DOC_0674,INCLUIR,auto: marcador judicial de alta confianza + alta corte,JUDICIAL,True,
2. record_0 (83).txt,a69176821947d8b2d7afb87f98e1aba8,4404884b9f6f75e5ae1cc46c34b170ab481c6280ccb1aeafbb72ca2258e9aabd,10823,10608,1648,Corte Constitucional,MEDIUM,TEXT_MENTION_HEADER,Providencia,,2016.0,,,MEDIUM,HEADER_FIRST_YEAR,675,False,DOC_0675,EXCLUIR,auto: law_or_decree_text de alta confianza,LAW_OR_DECREE_TEXT,False,auto: law_or_decree_text de alta confianza
2. record_0 (10).txt,a6c1bebd7f23d31cacf2f83210ff3215,4ec5bb57af9ab6f0fdb145d64f875765575138f81b341ece4be1fe176f42164c,9749,9509,1447,Otras Entidades,MEDIUM,INSTITUTION_HEADER,Providencia,,2023.0,3.0,2023-03-08,HIGH,HEADER_EXPLICIT_DATE,676,False,DOC_0676,EXCLUIR,auto: law_or_decree_text de alta confianza,LAW_OR_DECREE_TEXT,False,auto: law_or_decree_text de alta confianza
3.record_0 (1255).txt,a706e565b3f071808289ca3ddd31616b,caa1655f1c1244262a08b20e7f961fc5320ef29c8008a1466af313a320c2361a,183626,179724,28747,Corte Constitucional,MEDIUM,TEXT_MENTION_HEADER,Providencia,,2023.0,,,MEDIUM,HEADER_FIRST_YEAR,677,False,DOC_0677,INCLUIR,auto: marcador judicial de alta confianza + alta corte,JUDICIAL,True,
1.record_0 (399).txt,a7255df8619e4c0822aa02db2c2dfd3d,f00676f52f3a14fa7d32368fe6ded0d6332dbea44cee0dbcb8e33d15764788b2,443302,434346,64097,Otras Entidades,LOW,FALLBACK,Providencia,,2020.0,,,MEDIUM,HEADER_FIRST_YEAR,678,False,DOC_0678,EXCLUIR,auto: law_or_decree_text de alta confianza,LAW_OR_DECREE_TEXT,False,auto: law_or_decree_text de alta confianza
1.record_0 (117).txt,a772885134ace4f0336c89ab93b154e2,533efb56432f7dd90277737d5077d72ccb44cbd9135de308e96e22998d99c568,299621,294001,46162,Otras Entidades,MEDIUM,INSTITUTION_HEADER,Providencia,,2017.0,1.0,2017-01-30,HIGH,HEADER_EXPLICIT_DATE,679,False,DOC_0679,EXCLUIR,auto: providencia judicial pero no es alta corte (Gate 0.3),JUDICIAL,False,auto: providencia judicial pero no es alta corte (Gate 0.3)
3.record_0 (1267).txt,a7b39d3be207f120ad359d035e8febe0,e5aeb06569792f95c46e5375fdfca738ff12efea994fbe56b6fc93de26b87f9f,99997,98216,15827,Corte Constitucional,HIGH,OFFICIAL_HEADER_NUMBER,Sentencia de Tutela,T-122/17,2017.0,8.0,2017-08-31,HIGH,SENTENCE_IDENTIFIER,680,False,DOC_0680,INCLUIR,auto: marcador judicial de alta confianza + alta corte,JUDICIAL,True,
2. record_0 (379).txt,a7d43313a6701f43a1b47d7b5a29ce9a,539a43712e9933d2facf866f2bba390e981df4b11512610547d035b6646fdce1,75012,71393,11208,Otras Entidades,LOW,FALLBACK,Providencia,,2012.0,,,MEDIUM,HEADER_FIRST_YEAR,681,False,DOC_0681,EXCLUIR,auto: academic_article de alta confianza,ACADEMIC_ARTICLE,False,auto: academic_article de alta confianza
1.record_0 (496).txt,a7de7c05c4a4fbf06b297bb171bc0f03,b5604fea45dd4797459ff2607c38408e3d518124ec23a6b3dc6b296bd4ed8a75,373938,364653,54029,Otras Entidades,LOW,FALLBACK,Providencia,,2011.0,,,MEDIUM,HEADER_FIRST_YEAR,682,False,DOC_0682,EXCLUIR,auto: academic_article de alta confianza,ACADEMIC_ARTICLE,False,auto: academic_article de alta confianza
2. record_0 (515).txt,a7f6906fa167fe31fe1255ec6ddce932,e016f1f4e2a455bb8de95a72e64cfa79c1c81a47acf479734ff044a798589487,227241,221914,35894,Corte Constitucional,HIGH,OFFICIAL_HEADER_NUMBER,Sentencia de Tutela,T-843/11,2011.0,12.0,2011-12-03,HIGH,SENTENCE_IDENTIFIER,683,False,DOC_0683,INCLUIR,auto: marcador judicial de alta confianza + alta corte,JUDICIAL,True,
1.record_0 (5).txt,a7fa9a0ef97c1bea42933f51db826829,d03a5aa5ae1708677b3baa7e4c51972efad398888c697d631ddc2e1f160917d6,2547,2481,386,Otras Entidades,LOW,FALLBACK,Providencia,,2017.0,,,MEDIUM,HEADER_FIRST_YEAR,684,False,DOC_0684,EXCLUIR,auto: law_or_decree_text de alta confianza,LAW_OR_DECREE_TEXT,False,auto: law_or_decree_text de alta confianza
2. record_0 (452).txt,a7fcfafb687770f09b31cfb925ab9121,812376925888234218543e6659ac31e3822addb6f22850e8bd3c71a99f767dd9,247364,242285,38530,Corte Constitucional,HIGH,OFFICIAL_HEADER_NUMBER,Sentencia de Constitucionalidad,C-117/21,2021.0,9.0,2021-09-28,HIGH,SENTENCE_IDENTIFIER,685,False,DOC_0685,INCLUIR,auto: marcador judicial de alta confianza + alta corte,JUDICIAL,True,
3.record_0 (699).txt,a86b000ba6cfe23c0dda256391ef8a3d,f0e69e5fc9fdf1f64667c4862b9c0710f63d8aa95a835106e955e3ebec5159cf,31298,30732,4739,Corte Constitucional,MEDIUM,TEXT_MENTION_HEADER,Providencia,,2022.0,10.0,2022-10-25,HIGH,HEADER_EXPLICIT_DATE,686,False,DOC_0686,INCLUIR,auto: marcador judicial de alta confianza + alta corte,JUDICIAL,True,
3.record_0 (29).txt,a8f4e40eb9e2a04292c9afae3f395b43,ab0ccba2dad3d13281627c9b360c3355cd96bdbf1dd8278d0f6039a52dcea14b,2827,2772,461,Corte Constitucional,MEDIUM,TEXT_MENTION_HEADER,Providencia,,2021.0,9.0,2021-09-02,HIGH,HEADER_EXPLICIT_DATE,687,False,DOC_0687,INCLUIR,auto: marcador judicial de alta confianza + alta corte,JUDICIAL,True,
3.record_0 (592).txt,a91ce8a1105318eb31466e48075c798c,1bd35582c74f6c46a3d0874feb1c1f02537490d85d2b07904af7f19b7bd700f8,27408,26899,4359,Otras Entidades,MEDIUM,INSTITUTION_HEADER,Providencia,,2019.0,9.0,2019-09-30,HIGH,HEADER_EXPLICIT_DATE,688,False,DOC_0688,EXCLUIR,auto: providencia judicial pero no es alta corte (Gate 0.3),JUDICIAL,False,auto: providencia judicial pero no es alta corte (Gate 0.3)
3.record_0 (17).txt,a97aeb0943ea08fc680329893d3c93e0,444b967bbc3405caec61900f5716e22fcd1c36bcef56ebf0ff2b729f0799da1b,21660,21275,3406,Otras Entidades,LOW,FALLBACK,Providencia,,2023.0,10.0,2023-10-10,HIGH,HEADER_EXPLICIT_DATE,689,False,DOC_0689,EXCLUIR,auto: providencia judicial pero no es alta corte (Gate 0.3),JUDICIAL,False,auto: providencia judicial pero no es alta corte (Gate 0.3)
3.record_0 (721).txt,a98ae5ab147d5fe883d2f5e9c98e0d19,0e7e01cceb11584e84367b79800a994930a522345307079f4304bbe784f58b17,36774,35965,5714,Otras Entidades,LOW,FALLBACK,Providencia,,2023.0,3.0,2023-03-08,HIGH,HEADER_EXPLICIT_DATE,690,False,DOC_0690,EXCLUIR,auto: providencia judicial pero no es alta corte (Gate 0.3),JUDICIAL,False,auto: providencia judicial pero no es alta corte (Gate 0.3)
2. record_0 (1193).txt,a9eac6777a4f7fdc2187958959ff6862,0732fa2e32ea5a7256750e799c398f8997df3472d4c95a6ebca9969afb63972a,296912,290612,45680,Corte Suprema de Justicia,HIGH,INSTITUTION_HEADER,Providencia,,2020.0,9.0,2020-09-22,HIGH,HEADER_EXPLICIT_DATE,691,False,DOC_0691,INCLUIR,auto: marcador judicial de alta confianza + alta corte,JUDICIAL,True,
3.record_0 (490).txt,a9f2da7f7497ae08653c0b4783d841a1,70cdc62620979c60acf1fc89ac336a5f1563167448ab8c8bb8c62dbd74e83b14,41807,40948,6233,Corte Constitucional,MEDIUM,TEXT_MENTION_HEADER,Providencia,,2022.0,6.0,2022-06-05,HIGH,HEADER_EXPLICIT_DATE,692,False,DOC_0692,INCLUIR,auto: marcador judicial de alta confianza + alta corte,JUDICIAL,True,
2. record_0 (1103).txt,aa31200c92ab3b0f84cbe2eff71fc1da,971439816a7f55261187503cca10af4c78c9e353c322073e1688b5d1c9dd9bec,251659,247000,38124,Otras Entidades,LOW,FALLBACK,Providencia,,2021.0,4.0,2021-04-28,HIGH,HEADER_EXPLICIT_DATE,693,False,DOC_0693,EXCLUIR,auto: providencia judicial pero no es alta corte (Gate 0.3),JUDICIAL,False,auto: providencia judicial pero no es alta corte (Gate 0.3)
1.record_0 (530).txt,aa5ca6009f3e03ec197a1d5401eafe81,e12c53898a9d4e4d7bb5ef5f0f52cd023c4e0d509a33bde3c60021128b53fc53,493571,483623,77043,Corte Constitucional,HIGH,OFFICIAL_HEADER_NUMBER,Sentencia de Tutela,T-410/21,2021.0,12.0,2021-12-16,HIGH,SENTENCE_IDENTIFIER,694,False,DOC_0694,INCLUIR,auto: marcador judicial de alta confianza + alta corte,JUDICIAL,True,
1.record_0 (531).txt,aa9d5b0d187750c102fe2fb5b5b8741b,690cc2ebec4d9b18179e51857dbbf10519b8f6021b72df177f9f3c4352fd02ea,725761,709123,105442,Consejo de Estado,HIGH,INSTITUTION_HEADER,Sentencia Contencioso Administrativa,,2015.0,,,MEDIUM,HEADER_FIRST_YEAR,695,False,DOC_0695,EXCLUIR,auto: law_or_decree_text de alta confianza,LAW_OR_DECREE_TEXT,False,auto: law_or_decree_text de alta confianza
1.record_0 (27).txt,aac6f538e80a3b3e9270b2a3fc8ea373,673cb0d750151bb49e695e69005c3adcc956a74708c9554969f5b5e885618719,8776,8635,1320,Corte Constitucional,HIGH,OFFICIAL_HEADER_NUMBER,Auto de Sala Plena/Seguimiento,Auto-125/20,2020.0,2.0,2020-02-07,HIGH,SENTENCE_IDENTIFIER,696,False,DOC_0696,INCLUIR,auto: marcador judicial de alta confianza + alta corte,JUDICIAL,True,
1.record_0 (423).txt,aad0d103a279fc28388f0a608fd3cde9,c7dc12b454271bbed66a6a0d10fb7cb1181e606e4b0677b3facd6c5265b51125,248595,243741,38057,Corte Constitucional,HIGH,OFFICIAL_HEADER_NUMBER,Sentencia de Constitucionalidad,C-085/16,2016.0,,,HIGH,SENTENCE_IDENTIFIER,697,False,DOC_0697,INCLUIR,auto: marcador judicial de alta confianza + alta corte,JUDICIAL,True,
3.record_0 (141).txt,ab04eb024eb82450b45d96b6734480cd,d6b25cf05b597b80c68f2493f1c2a286a83ee7c6b8b07e0342556962f149dc99,12293,12042,1850,Corte Suprema de Justicia,HIGH,INSTITUTION_HEADER,Sentencia Casación STL,STL-11911/2022,2022.0,7.0,2022-07-06,HIGH,SENTENCE_IDENTIFIER,698,False,DOC_0698,INCLUIR,auto: marcador judicial de alta confianza + alta corte,JUDICIAL,True,
3.record_0 (552).txt,ab8b9829a33ea9825fcd9f45cf0b226b,8bd471ff950882153040db8e89e0048284adb30c38a816543665f848d6ec8c6f,53917,52842,8640,Otras Entidades,LOW,FALLBACK,Providencia,,2023.0,12.0,2023-12-06,HIGH,HEADER_EXPLICIT_DATE,699,False,DOC_0699,EXCLUIR,auto: law_or_decree_text de alta confianza,LAW_OR_DECREE_TEXT,False,auto: law_or_decree_text de alta confianza
3.record_0 (469).txt,abd8073bd043851a1d11a983c28ded17,bf51fbd36b93ce0fb91798c230e34e0eac3d68b4bbe6cb449266ecd195d3684d,18318,17961,2815,Corte Constitucional,MEDIUM,TEXT_MENTION_HEADER,Providencia,,2020.0,7.0,2020-07-30,HIGH,HEADER_EXPLICIT_DATE,700,False,DOC_0700,INCLUIR,auto: marcador judicial de alta confianza + alta corte,JUDICIAL,True,
1.record_0 (41).txt,abf9138b3f9b8ec8fb135086c68dfaab,3d5521f82a12cd358470d66021308a6b9efcb5eb790e16fac419c64e8be3ab46,15503,15206,2372,Corte Suprema de Justicia,HIGH,INSTITUTION_HEADER,Sentencia Casación STC,STC-2283/2020,2020.0,11.0,2020-11-19,HIGH,SENTENCE_IDENTIFIER,701,False,DOC_0701,INCLUIR,auto: marcador judicial de alta confianza + alta corte,JUDICIAL,True,
1.record_0 (339).txt,ac1631b8421b89b39449b4717c42a460,4a228d89e100ccca4c956763e5a62464e342a2ed4ba51d0f02e4ab7e25e74a2b,149251,146375,23220,Corte Constitucional,MEDIUM,TEXT_MENTION_HEADER,Providencia,,2022.0,11.0,2022-11-23,HIGH,HEADER_EXPLICIT_DATE,702,False,DOC_0702,INCLUIR,auto: marcador judicial de alta confianza + alta corte,JUDICIAL,True,
3.record_0 (521).txt,ac44ae13e28eb9a7cecc403357a2c05a,f6836af30ddc4db55e180b08bfad47ed3b2c71d87b5e498c832fbe468a9f5de4,69196,67861,10759,Consejo de Estado,HIGH,INSTITUTION_HEADER,Sentencia Contencioso Administrativa,,2020.0,3.0,2020-03-25,HIGH,HEADER_EXPLICIT_DATE,703,False,DOC_0703,INCLUIR,auto: marcador judicial de alta confianza + alta corte,JUDICIAL,True,
3.record_0 (634).txt,ac4cf52c1bacb339f2245bda78e4e54f,9d710de1b54631e8e7c4faa598d16db56165d8c2b65375153ce7d2e555392b14,49123,48175,7574,Corte Constitucional,MEDIUM,TEXT_MENTION_HEADER,Providencia,,2021.0,9.0,2021-09-02,HIGH,HEADER_EXPLICIT_DATE,704,False,DOC_0704,INCLUIR,auto: marcador judicial de alta confianza + alta corte,JUDICIAL,True,
1.record_0 (57).txt,ac68dda0329ef456a3c8e48429bc3d0c,313315febb51e67ab0b9680981f868d2ddbe83f223e1ed307e08ecbefd2798c7,23273,22812,3526,Otras Entidades,MEDIUM,INSTITUTION_HEADER,Providencia,,2020.0,5.0,2020-05-12,HIGH,HEADER_EXPLICIT_DATE,705,False,DOC_0705,EXCLUIR,auto: providencia judicial pero no es alta corte (Gate 0.3),JUDICIAL,False,auto: providencia judicial pero no es alta corte (Gate 0.3)
1.record_0 (60).txt,ac7ccb1a986ee6349064909d065fe115,a26ccb4d64a1ad23aeab9e56b4e9bacb1174c23d7d5eebfe2e6b0924c814a7ef,174779,171247,27112,Corte Constitucional,HIGH,OFFICIAL_HEADER_NUMBER,Sentencia de Tutela,T-145/17,2017.0,7.0,2017-07-25,HIGH,SENTENCE_IDENTIFIER,706,False,DOC_0706,INCLUIR,auto: marcador judicial de alta confianza + alta corte,JUDICIAL,True,
1.record_0 (126).txt,ad0a45276084a24108ca125a8dff4104,4fe73418c4a74424ad54c1b0bd303ec8b4c168ec5e358c2314dbfee39f6e01bb,81112,79362,12282,Corte Suprema de Justicia,HIGH,INSTITUTION_HEADER,Providencia,,2017.0,8.0,2017-08-22,HIGH,HEADER_EXPLICIT_DATE,707,False,DOC_0707,INCLUIR,auto: marcador judicial de alta confianza + alta corte,JUDICIAL,True,
3.record_0 (870).txt,ad473226981f967c7aa5b6980e20eaa4,ca95e25a5fc0aa179d661497c61a373e273d4385a93d4448c829d4d250d7f3a8,49447,48205,7552,Otras Entidades,LOW,FALLBACK,Providencia,,2019.0,9.0,2019-09-27,HIGH,HEADER_EXPLICIT_DATE,708,False,DOC_0708,EXCLUIR,auto: providencia judicial pero no es alta corte (Gate 0.3),JUDICIAL,False,auto: providencia judicial pero no es alta corte (Gate 0.3)
3.record_0 (1282).txt,ad9fe3f95e3335113a478fcf812c3088,988e5f75f29ade8a53b3093a5e5df91eab38adc9c29e0007ef4278fa072cf037,110873,108575,16860,Otras Entidades,MEDIUM,INSTITUTION_HEADER,Providencia,,2021.0,4.0,2021-04-28,HIGH,HEADER_EXPLICIT_DATE,709,False,DOC_0709,EXCLUIR,auto: providencia judicial pero no es alta corte (Gate 0.3),JUDICIAL,False,auto: providencia judicial pero no es alta corte (Gate 0.3)
3.record_0 (1552).txt,adfeda0cd3bfb05004953819daffaeab,b5318a684ea3cfcfb88c2f8f1677108eceaf4fba1dab2c5b9d8fda203a354f29,344842,336953,52995,Corte Constitucional,HIGH,OFFICIAL_HEADER_NUMBER,Sentencia de Constitucionalidad,C-256/22,2022.0,11.0,2022-11-10,HIGH,SENTENCE_IDENTIFIER,710,False,DOC_0710,INCLUIR,auto: marcador judicial de alta confianza + alta corte,JUDICIAL,True,
2. record_0 (724).txt,ae507b9fa5ef8771f1f0e378ba365ff4,1fb42b1de505284fa5a71639851aadbb96aed945491f9bd9d527b7a1e021bcb6,109290,107244,16653,Corte Constitucional,HIGH,OFFICIAL_HEADER_NUMBER,Sentencia de Tutela,T-089/19,2019.0,8.0,2019-08-02,HIGH,SENTENCE_IDENTIFIER,711,False,DOC_0711,INCLUIR,auto: marcador judicial de alta confianza + alta corte,JUDICIAL,True,
2. record_0 (146).txt,ae765084fff68ccee3e7d5ac4f3822d4,643457b526a379adc48d0726d44c02271292be8cb3f06157d80bd6b20f7adec5,16002,15768,2486,Otras Entidades,MEDIUM,INSTITUTION_HEADER,Providencia,,2020.0,,,MEDIUM,HEADER_FIRST_YEAR,712,False,DOC_0712,EXCLUIR,auto: academic_article de alta confianza,ACADEMIC_ARTICLE,False,auto: academic_article de alta confianza
2. record_0 (427).txt,ae765a76cb215d1c1d0f98029ab621ac,893756ead9e0ca8379ffc57f64ae12649c46d799774ac38769af1518a0b8f15b,44091,43358,6605,Corte Constitucional,MEDIUM,TEXT_MENTION_HEADER,Providencia,,2022.0,3.0,2022-03-29,HIGH,HEADER_EXPLICIT_DATE,713,False,DOC_0713,INCLUIR,auto: marcador judicial de alta confianza + alta corte,JUDICIAL,True,
3.record_0 (869).txt,ae8623dc9f687a88c8f8722ed5aeed25,86184b15b89382a41d921846737c410d985275244806a1dcaed7f1c59708deab,51242,50397,7906,Otras Entidades,LOW,FALLBACK,Providencia,,,,,LOW,NONE,714,False,DOC_0714,EXCLUIR,auto: providencia judicial pero no es alta corte (Gate 0.3),JUDICIAL,False,auto: providencia judicial pero no es alta corte (Gate 0.3)
1.record_0 (30).txt,aea900b4227d1de94945be9e21d3acb2,b6e2fa169286e729e8bf3cdf4f624f525c550eda978e253312208f1ccfdee78a,11856,11652,1892,Otras Entidades,LOW,FALLBACK,Providencia,,2000.0,11.0,2000-11-15,HIGH,HEADER_EXPLICIT_DATE,715,False,DOC_0715,EXCLUIR,auto: law_or_decree_text de alta confianza,LAW_OR_DECREE_TEXT,False,auto: law_or_decree_text de alta confianza
3.record_0 (691).txt,aeeb338a1c1031d44a69310787c5893f,7fc15b3fc3e356909daea6200f006d657552b99827adad7ea55f5729478237d3,35840,34872,5614,Otras Entidades,LOW,FALLBACK,Providencia,,2021.0,4.0,2021-04-13,HIGH,HEADER_EXPLICIT_DATE,716,False,DOC_0716,EXCLUIR,auto: providencia judicial pero no es alta corte (Gate 0.3),JUDICIAL,False,auto: providencia judicial pero no es alta corte (Gate 0.3)
3.record_0 (1251).txt,aeef644d13fe2b6dd11ecc3d8b24ab37,6901512871c60d0b9a96c15a8c57f7356339c21c6fea52dc996c03a57ae3fe1a,86200,83944,13082,Corte Constitucional,HIGH,OFFICIAL_HEADER_NUMBER,Auto de Sala Plena/Seguimiento,Auto-311/22,2022.0,1.0,2022-01-22,HIGH,SENTENCE_IDENTIFIER,717,False,DOC_0717,INCLUIR,auto: marcador judicial de alta confianza + alta corte,JUDICIAL,True,
3.record_0 (235).txt,af2b651b796aadbad3122eac054845d5,7d9dc25e0d6c2bc008e163a5c96630e608f4b7ba20bcf2684b468418cba83f92,12310,12094,1890,Otras Entidades,MEDIUM,INSTITUTION_HEADER,Providencia,,2020.0,10.0,2020-10-09,HIGH,HEADER_EXPLICIT_DATE,718,False,DOC_0718,EXCLUIR,auto: providencia judicial pero no es alta corte (Gate 0.3),JUDICIAL,False,auto: providencia judicial pero no es alta corte (Gate 0.3)
3.record_0 (918).txt,af9d63f786fa4bb7feec8cc7907f61f3,73bad8f3cfe4a5d63dc14a8c9c3f66ff752440acb3944ee2c5bb14a442d231f0,50802,49802,7790,Otras Entidades,MEDIUM,INSTITUTION_HEADER,Providencia,,2019.0,10.0,2019-10-24,HIGH,HEADER_EXPLICIT_DATE,719,False,DOC_0719,EXCLUIR,auto: providencia judicial pero no es alta corte (Gate 0.3),JUDICIAL,False,auto: providencia judicial pero no es alta corte (Gate 0.3)
1.record_0 (47).txt,afd6b70a346e7f057fc6905069d0b3b3,e8cb7ef546ac4518e7f93029902543a7d07113114b6c15d8d55dc492ab6d1dd3,16134,15836,2564,Otras Entidades,MEDIUM,INSTITUTION_HEADER,Providencia,,2019.0,7.0,2019-07-29,HIGH,HEADER_EXPLICIT_DATE,720,False,DOC_0720,EXCLUIR,auto: providencia judicial pero no es alta corte (Gate 0.3),JUDICIAL,False,auto: providencia judicial pero no es alta corte (Gate 0.3)
1.record_0 (284).txt,b0da326aa618e87ed74cf901907146a1,99ad40e7bbf8f9e72b34ecea607b66249fa164ace28c16b4e9aa9643e3267b22,134931,132327,21691,Corte Constitucional,HIGH,OFFICIAL_HEADER_NUMBER,Sentencia de Tutela,T-841/11,2011.0,,,HIGH,SENTENCE_IDENTIFIER,721,False,DOC_0721,INCLUIR,auto: marcador judicial de alta confianza + alta corte,JUDICIAL,True,
3.record_0 (739).txt,b1513b524fda8063404f15344c3c1099,14276f04dfc9541e439d9a019be0de33092a4dd75b304d604806083bdd476065,34401,33769,5293,Otras Entidades,MEDIUM,INSTITUTION_HEADER,Providencia,,2023.0,,,MEDIUM,HEADER_FIRST_YEAR,722,False,DOC_0722,EXCLUIR,auto: law_or_decree_text de alta confianza,LAW_OR_DECREE_TEXT,False,auto: law_or_decree_text de alta confianza
1.record_0 (176).txt,b182e9e05edd805318cc7b56fb11c48e,2ca99b3789e84d168287b60903fc57dda2ed1fff15d1efc52de63fd0fb3a06ca,63198,62022,9815,Corte Constitucional,HIGH,OFFICIAL_HEADER_NUMBER,Auto de Sala Plena/Seguimiento,Auto-1256/22,2022.0,2.0,2022-02-23,HIGH,SENTENCE_IDENTIFIER,723,False,DOC_0723,INCLUIR,auto: marcador judicial de alta confianza + alta corte,JUDICIAL,True,
2. record_0 (272).txt,b1c1ac4dd62c7d887779abef9798e65d,07a96f91c1dd313cf60b5a7c9ba9ff2b3d21133761ae4fde318f7a6329c855b2,32326,31755,4970,Otras Entidades,MEDIUM,INSTITUTION_HEADER,Providencia,,2021.0,,,MEDIUM,HEADER_FIRST_YEAR,724,False,DOC_0724,EXCLUIR,auto: law_or_decree_text de alta confianza,LAW_OR_DECREE_TEXT,False,auto: law_or_decree_text de alta confianza
4. (61).txt,b275adb476c66332fb92f515dba868a2,154358f1bb68b77d87cf79cadf94e8cd3f5b9147d3476d453d21bd3f8b300f16,139508,136857,21752,Corte Constitucional,MEDIUM,TEXT_MENTION_HEADER,Providencia,,2015.0,2.0,2015-02-12,HIGH,HEADER_EXPLICIT_DATE,725,False,DOC_0725,INCLUIR,auto: marcador judicial de alta confianza + alta corte,JUDICIAL,True,
2. record_0 (884).txt,b286605d1b482d732f519866e46622ce,5ecf2c573888e318ceec71f8f96e6a59c7cac2eae2d681fc0e3cd66379945ce3,126059,123436,19793,Corte Constitucional,MEDIUM,TEXT_MENTION_HEADER,Providencia,,2022.0,9.0,2022-09-29,HIGH,HEADER_EXPLICIT_DATE,726,False,DOC_0726,INCLUIR,auto: marcador judicial de alta confianza + alta corte,JUDICIAL,True,
2. record_0 (1030).txt,b2bec14ec75fa881febe5785da45bdeb,8dc8a6db26456dd8a9b0aee18249d78109bc5514e182c1e440597d48a13f8ec2,948677,931932,144876,Corte Constitucional,MEDIUM,TEXT_MENTION_HEADER,Providencia,,2019.0,3.0,2019-03-18,HIGH,HEADER_EXPLICIT_DATE,727,False,DOC_0727,INCLUIR,auto: marcador judicial de alta confianza + alta corte,JUDICIAL,True,
2. record_0 (625).txt,b2c3c53b594e22250e25ee9d2d5979e9,9c072875141829992b1d606b6f3742ecf5dd1f33e604a28a15f8fd1812ab372d,82926,80956,12975,Otras Entidades,MEDIUM,INSTITUTION_HEADER,Providencia,,2017.0,10.0,2017-10-18,HIGH,HEADER_EXPLICIT_DATE,728,False,DOC_0728,EXCLUIR,auto: providencia judicial pero no es alta corte (Gate 0.3),JUDICIAL,False,auto: providencia judicial pero no es alta corte (Gate 0.3)
3.record_0 (1541).txt,b2ebce0c75be3919be85221922f51e77,f4b994cdbc3e51e819d493f8950985c4cb2993f0c71dc2edda7b910a0f74d0b9,155897,150954,23042,Corte Constitucional,HIGH,OFFICIAL_HEADER_NUMBER,Sentencia de Tutela,T-416/21,2021.0,4.0,2021-04-21,HIGH,SENTENCE_IDENTIFIER,729,False,DOC_0729,INCLUIR,auto: marcador judicial de alta confianza + alta corte,JUDICIAL,True,
3.record_0 (541).txt,b3041c0abbdd2e38311d775789dd6e2f,972db4189fc869a035de155724830d7032fdcbe19a6bfa5a34cf98eee66ba280,25069,24602,4042,Corte Suprema de Justicia,HIGH,INSTITUTION_HEADER,Sentencia Casación STL,STL-8906/2021,2021.0,6.0,2021-06-23,HIGH,SENTENCE_IDENTIFIER,730,False,DOC_0730,INCLUIR,auto: marcador judicial de alta confianza + alta corte,JUDICIAL,True,
2. record_0 (144).txt,b305aa47e78a10230495122d54ba27ad,1ef71f236dd12253a3c2d199d9fa0767d1c4a560163fb629c3111a02cfbada98,30083,29431,4729,Corte Suprema de Justicia,HIGH,INSTITUTION_HEADER,Sentencia Casación STC,STC-6429/2023,2023.0,5.0,2023-05-04,HIGH,SENTENCE_IDENTIFIER,731,False,DOC_0731,INCLUIR,auto: marcador judicial de alta confianza + alta corte,JUDICIAL,True,
3.record_0 (157).txt,b3354e3b8195cdce52edba781f325872,a0fbd10216e5de14c9d9be53f769e1e55fe2f89358a97b9c6adb6f5bc5e6b233,18224,17931,2802,Otras Entidades,LOW,FALLBACK,Providencia,,2022.0,6.0,2022-06-21,HIGH,HEADER_EXPLICIT_DATE,732,False,DOC_0732,EXCLUIR,auto: providencia judicial pero no es alta corte (Gate 0.3),JUDICIAL,False,auto: providencia judicial pero no es alta corte (Gate 0.3)
3.record_0 (962).txt,b3467afebcb1965ba82e3f1c61667bad,2d4586be3e0a871b236676cf05a0e7b758dcb9ddfb358b0de57d1b55256a6b32,117246,114944,17529,Otras Entidades,LOW,FALLBACK,Providencia,,2012.0,,,MEDIUM,HEADER_FIRST_YEAR,733,False,DOC_0733,EXCLUIR,auto: law_or_decree_text de alta confianza,LAW_OR_DECREE_TEXT,False,auto: law_or_decree_text de alta confianza
4. (100).txt,b3502bcac91271292ead1d3b648d976d,5140fe8321a9aabef5130cc6461584d07b98eb0086425120cf7be0b2ecf088f8,281859,276645,44045,Corte Constitucional,HIGH,OFFICIAL_HEADER_NUMBER,Sentencia de Tutela,T-109/21,2021.0,4.0,2021-04-15,HIGH,SENTENCE_IDENTIFIER,734,False,DOC_0734,INCLUIR,auto: marcador judicial de alta confianza + alta corte,JUDICIAL,True,
3.record_0 (409).txt,b3522a0f1cba0801e9062966ad98ded0,91813ae011973eb941c22da9278c272cd541692131a314fb9df90db8a2a610c9,18009,17657,2854,Corte Constitucional,MEDIUM,TEXT_MENTION_HEADER,Providencia,,2021.0,9.0,2021-09-07,HIGH,HEADER_EXPLICIT_DATE,735,False,DOC_0735,INCLUIR,auto: marcador judicial de alta confianza + alta corte,JUDICIAL,True,
2. record_0 (484).txt,b43edaa9f84f16d126f0828da718043d,d7900b9d59049474ce74f41ec55aad43c25781485b6a1156bb9ac22d47442750,282179,277310,42968,Corte Constitucional,HIGH,OFFICIAL_HEADER_NUMBER,Sentencia de Constitucionalidad,C-179/20,2020.0,3.0,2020-03-22,HIGH,SENTENCE_IDENTIFIER,736,False,DOC_0736,INCLUIR,auto: marcador judicial de alta confianza + alta corte,JUDICIAL,True,
3.record_0 (206).txt,b48a268f4b3710dc461297bd9dd3ffad,f7371a4a5e844d3f46c54889f63c21238fc91458c544171e4d44987a18178ec3,35166,34672,5056,Otras Entidades,MEDIUM,INSTITUTION_HEADER,Providencia,,2015.0,9.0,2015-09-23,HIGH,HEADER_EXPLICIT_DATE,737,False,DOC_0737,EXCLUIR,auto: law_or_decree_text de alta confianza,LAW_OR_DECREE_TEXT,False,auto: law_or_decree_text de alta confianza
1.record_0 (15).txt,b48c79996f55648c312e51d4156764f7,7f50a8f19d26a8d7c579a6338951f16be69722697628740f87213f4c3dedca3f,14535,14157,2166,Otras Entidades,MEDIUM,INSTITUTION_HEADER,Providencia,,1979.0,12.0,1979-12-18,HIGH,HEADER_EXPLICIT_DATE,738,False,DOC_0738,EXCLUIR,auto: law_or_decree_text de alta confianza,LAW_OR_DECREE_TEXT,False,auto: law_or_decree_text de alta confianza
3.record_0 (537).txt,b4eb7f6e6767f7776377ea871053ac87,7e64f05152b7c720691f2e9f4c73a0f8b51f68c957402eadbbd7fb836b567bce,25914,25463,3911,Otras Entidades,MEDIUM,INSTITUTION_HEADER,Providencia,,2019.0,10.0,2019-10-07,HIGH,HEADER_EXPLICIT_DATE,739,False,DOC_0739,EXCLUIR,auto: providencia judicial pero no es alta corte (Gate 0.3),JUDICIAL,False,auto: providencia judicial pero no es alta corte (Gate 0.3)
1.record_0 (87).txt,b4ee2af3d15906e3d59eefc3ed9ec66c,5d3da4c35c43f63afee8bc028c7c7935990fe264d40d2494fb12123d939ea588,27080,26616,4200,Corte Constitucional,HIGH,OFFICIAL_HEADER_NUMBER,Auto de Sala Plena/Seguimiento,Auto-472/22,2022.0,2.0,2022-02-01,HIGH,SENTENCE_IDENTIFIER,740,False,DOC_0740,INCLUIR,auto: marcador judicial de alta confianza + alta corte,JUDICIAL,True,
3.record_0 (1612).txt,b588295eadb2a1502e115409979d74c7,01936e05f1c6f4b8d1d55b65c1c03980ed0f1161e29fd3667c86edf72f12f2e7,212088,207753,32800,Corte Constitucional,HIGH,OFFICIAL_HEADER_NUMBER,Sentencia de Unificación,SU-355/22,2022.0,8.0,2022-08-04,HIGH,SENTENCE_IDENTIFIER,741,False,DOC_0741,INCLUIR,auto: marcador judicial de alta confianza + alta corte,JUDICIAL,True,
2. record_0 (703).txt,b5a0f30a4c28dab851ae80a313bb9543,465f40ae1a8460ea5c8f88182d3c87ecea0f02dc9449ddf2b0acef85d14f556e,180864,177622,27796,Otras Entidades,MEDIUM,INSTITUTION_HEADER,Providencia,,2021.0,5.0,2021-05-28,HIGH,HEADER_EXPLICIT_DATE,742,False,DOC_0742,EXCLUIR,auto: providencia judicial pero no es alta corte (Gate 0.3),JUDICIAL,False,auto: providencia judicial pero no es alta corte (Gate 0.3)
1.record_0 (6).txt,b5b886c689eba2b12f3607170b964668,66f23aea18c349dff433df413ed615168a502bd894bf6872041ba82ead58c4a5,3286,3207,473,Otras Entidades,LOW,FALLBACK,Providencia,,2023.0,,,MEDIUM,HEADER_FIRST_YEAR,743,False,DOC_0743,EXCLUIR,auto: law_or_decree_text de alta confianza,LAW_OR_DECREE_TEXT,False,auto: law_or_decree_text de alta confianza
3.record_0 (1151).txt,b5b987ac7632354a3d96cd2dfe7c490d,663d03baef47fc1e9065cd535e0a6115e926d7cb8ee24328d0ef389448a52adc,80486,79110,11993,Otras Entidades,LOW,FALLBACK,Providencia,,2019.0,9.0,2019-09-16,HIGH,HEADER_EXPLICIT_DATE,744,False,DOC_0744,EXCLUIR,auto: academic_article de alta confianza,ACADEMIC_ARTICLE,False,auto: academic_article de alta confianza
3.record_0 (80).txt,b5b9ac57fafd142be025be35f88174ea,6941b188b84c73fa0782280c1eaabc7a96b8ccd8e589834f4c29e96ab6e05bba,12593,12318,1933,Otras Entidades,LOW,FALLBACK,Providencia,,2023.0,3.0,2023-03-22,HIGH,HEADER_EXPLICIT_DATE,745,False,DOC_0745,EXCLUIR,auto: providencia judicial pero no es alta corte (Gate 0.3),JUDICIAL,False,auto: providencia judicial pero no es alta corte (Gate 0.3)
1.record_0 (344).txt,b68bb7fedeeaa4dd77b8b39fddc81698,10c70d5f8d12da7866bc088e3a0ca13a7bfca6ce746a77e0745bf7decdf2dc89,173955,170599,26794,Corte Constitucional,HIGH,OFFICIAL_HEADER_NUMBER,Sentencia de Constitucionalidad,C-538/19,2019.0,5.0,2019-05-16,HIGH,SENTENCE_IDENTIFIER,746,False,DOC_0746,INCLUIR,auto: marcador judicial de alta confianza + alta corte,JUDICIAL,True,
1.record_0 (280).txt,b6c939157476f43849267cca78c6ecaa,bc161be8b28d5756882ac229e284fe5532f37923d95c7a95970d06b0e3bebb4b,116194,113851,17341,Corte Constitucional,HIGH,OFFICIAL_HEADER_NUMBER,Auto de Sala Plena/Seguimiento,Auto-444/22,2022.0,9.0,2022-09-27,HIGH,SENTENCE_IDENTIFIER,747,False,DOC_0747,INCLUIR,auto: marcador judicial de alta confianza + alta corte,JUDICIAL,True,
2. record_0 (316).txt,b7482dcad4f45dddd36b70271da202dd,c9c51df50209997fe7eddb5a16efc5a2215202597c5412e5a51f276e89f6a959,154634,150794,24401,Corte Constitucional,MEDIUM,TEXT_MENTION_HEADER,Providencia,,2022.0,8.0,2022-08-04,HIGH,HEADER_EXPLICIT_DATE,748,False,DOC_0748,INCLUIR,auto: marcador judicial de alta confianza + alta corte,JUDICIAL,True,
1.record_0 (323).txt,b76b84b66580b12a713c2fcc3f3a8782,a6b71dcf73503196f314de70214092f9fec43af478ce9276d3d5a482da561330,158471,155130,23674,Corte Constitucional,MEDIUM,TEXT_MENTION_HEADER,Providencia,,2016.0,12.0,2016-12-07,HIGH,HEADER_EXPLICIT_DATE,749,False,DOC_0749,INCLUIR,auto: marcador judicial de alta confianza + alta corte,JUDICIAL,True,
3.record_0 (1457).txt,b776d414778941d3718ce593c08434b0,dc07a46b52c8070246a191374e92f26670b782a6cb92e5bb5fe0f2a28d28265d,155263,152243,23667,Corte Suprema de Justicia,HIGH,INSTITUTION_HEADER,Providencia,,2020.0,9.0,2020-09-22,HIGH,HEADER_EXPLICIT_DATE,750,False,DOC_0750,INCLUIR,auto: marcador judicial de alta confianza + alta corte,JUDICIAL,True,
1.record_0 (467).txt,b7d58bdf2b0175dc11f665945aeea3aa,2615c80f2056543f8c6a2ba47c1f3b476dccfb77d4715506bd035a3dd3cab411,394000,387248,59368,Corte Constitucional,HIGH,OFFICIAL_HEADER_NUMBER,Sentencia de Tutela,T-025/04,2004.0,,,HIGH,SENTENCE_IDENTIFIER,751,False,DOC_0751,INCLUIR,auto: marcador judicial de alta confianza + alta corte,JUDICIAL,True,
3.record_0 (1712).txt,b80f8c6ae975dfd852debfa88d343f1d,2d5179ed6f86c015316dc968fb82a915c8f3d9708b64f97a3a4d9e0dd0cea51b,242797,237464,36905,Corte Constitucional,HIGH,OFFICIAL_HEADER_NUMBER,Sentencia de Constitucionalidad,C-119/21,2021.0,,,HIGH,SENTENCE_IDENTIFIER,752,False,DOC_0752,INCLUIR,auto: marcador judicial de alta confianza + alta corte,JUDICIAL,True,
2. record_0 (859).txt,b832f878fea959690b11ec91371ecbda,29b494156e5e0e9a789802b3929be253e373b2f8b80126bcac8881d46f1106e4,426224,419359,66693,Otras Entidades,MEDIUM,INSTITUTION_HEADER,Providencia,,2005.0,4.0,2005-04-22,HIGH,HEADER_EXPLICIT_DATE,753,False,DOC_0753,EXCLUIR,auto: law_or_decree_text de alta confianza,LAW_OR_DECREE_TEXT,False,auto: law_or_decree_text de alta confianza
3.record_0 (1333).txt,b85de75ce04263365666f849a1f43bb6,968c85d48e6fc38cf87e04f2b3ba69cfca9930e5a219e731b63a2a8f79a044c7,111311,109108,17305,Corte Constitucional,HIGH,OFFICIAL_HEADER_NUMBER,Sentencia de Tutela,T-366/21,2021.0,4.0,2021-04-30,HIGH,SENTENCE_IDENTIFIER,754,False,DOC_0754,INCLUIR,auto: marcador judicial de alta confianza + alta corte,JUDICIAL,True,
3.record_0 (77).txt,b895c1252cf53148c2bf288fa7eec94b,7957eee8cbc6fcfd4b32aac03fa35abfe92aa5532f2ac228ec00c3b8c13c2168,18736,18354,2888,Otras Entidades,LOW,FALLBACK,Providencia,,2020.0,12.0,2020-12-18,HIGH,HEADER_EXPLICIT_DATE,755,False,DOC_0755,EXCLUIR,auto: providencia judicial pero no es alta corte (Gate 0.3),JUDICIAL,False,auto: providencia judicial pero no es alta corte (Gate 0.3)
1.record_0 (242).txt,b89851439c67418dac5467b94aa5a089,1b8372ad51824d3d67961c9ff0f87443134a5bb690624de5032a074fd174b9dd,75568,74320,11029,Otras Entidades,MEDIUM,INSTITUTION_HEADER,Providencia,,2011.0,,,MEDIUM,HEADER_FIRST_YEAR,756,False,DOC_0756,EXCLUIR,auto: law_or_decree_text de alta confianza,LAW_OR_DECREE_TEXT,False,auto: law_or_decree_text de alta confianza
3.record_0 (959).txt,b8ea0f4f231b7dcc168e73a585f50b88,70f8e31d7574bcb6369be5c0fab7555f3eeac961cfe903f9d180754ba324fa66,52642,51803,7903,Corte Constitucional,MEDIUM,TEXT_MENTION_HEADER,Providencia,,2020.0,9.0,2020-09-17,HIGH,HEADER_EXPLICIT_DATE,757,False,DOC_0757,INCLUIR,auto: marcador judicial de alta confianza + alta corte,JUDICIAL,True,
3.record_0 (627).txt,b9736a6c12cd18b82e53f2b5a7369505,5a95958a10e0bd736c47d22cc6e4ecb6f330b6aec6cd1fc0d4d350bc70f1d0d6,26945,26366,4333,Corte Constitucional,MEDIUM,TEXT_MENTION_HEADER,Providencia,,2016.0,,,MEDIUM,HEADER_FIRST_YEAR,758,False,DOC_0758,EXCLUIR,auto: law_or_decree_text de alta confianza,LAW_OR_DECREE_TEXT,False,auto: law_or_decree_text de alta confianza
2. record_0 (239).txt,b9b609e5ab1d0d95a6d01258cdbcba2c,f49953862f6a879f2b982c30b49665431d8604119684f6bd128f311fc8971c4f,22581,22185,3582,Otras Entidades,LOW,FALLBACK,Providencia,,2009.0,11.0,2009-11-16,HIGH,HEADER_EXPLICIT_DATE,759,False,DOC_0759,EXCLUIR,auto: providencia judicial pero no es alta corte (Gate 0.3),JUDICIAL,False,auto: providencia judicial pero no es alta corte (Gate 0.3)
3.record_0 (144).txt,b9c2c6941180c7f45006e31f844b0521,4cf6339062e7ecdabc46fbf2ef3b6c07fb05b24f77983c35898ab82aa6f2c48c,11036,10837,1685,Corte Constitucional,MEDIUM,TEXT_MENTION_HEADER,Providencia,,2019.0,12.0,2019-12-16,HIGH,HEADER_EXPLICIT_DATE,760,False,DOC_0760,INCLUIR,auto: marcador judicial de alta confianza + alta corte,JUDICIAL,True,
1.record_0 (14).txt,b9d45e4b91395c5c8c21222a512b5db7,f9fa7adfd47a4c5d73aa0501d7255fc0b38a99fbc7512faa201031c918238fdf,5080,4978,768,Corte Constitucional,MEDIUM,TEXT_MENTION_HEADER,Providencia,,2011.0,,,MEDIUM,HEADER_FIRST_YEAR,761,False,DOC_0761,EXCLUIR,auto: academic_article de alta confianza,ACADEMIC_ARTICLE,False,auto: academic_article de alta confianza
2. record_0 (207).txt,ba8444d6f6b65a1426b5f67172075d13,5dadae3affa8aaf978f590dc7cc18a4d7fe5e62d5c0107e07cb8b0fa7b4b15d2,17414,16914,2615,Otras Entidades,LOW,FALLBACK,Providencia,,2022.0,,,MEDIUM,HEADER_FIRST_YEAR,762,False,DOC_0762,EXCLUIR,auto: law_or_decree_text de alta confianza,LAW_OR_DECREE_TEXT,False,auto: law_or_decree_text de alta confianza
2. record_0 (1339).txt,baade02cf12d0bab84b2ab0574030848,07eb4021f7412fa445236a134fa3d74284d3afe268cc9b9426e8d2e796384c9e,481290,472103,74987,Corte Constitucional,HIGH,OFFICIAL_HEADER_NUMBER,Sentencia de Constitucionalidad,C-088/20,2020.0,5.0,2020-05-13,HIGH,SENTENCE_IDENTIFIER,763,False,DOC_0763,INCLUIR,auto: marcador judicial de alta confianza + alta corte,JUDICIAL,True,
3.record_0 (264).txt,bafb645b763ab8528ba6fdb4bb51f854,38cdab748cfe06e367b66fe4caa6c219c757387aaa402e5965f4a5d633883351,40395,39588,6380,Otras Entidades,MEDIUM,INSTITUTION_HEADER,Providencia,,2016.0,3.0,2016-03-31,HIGH,HEADER_EXPLICIT_DATE,764,False,DOC_0764,EXCLUIR,auto: providencia judicial pero no es alta corte (Gate 0.3),JUDICIAL,False,auto: providencia judicial pero no es alta corte (Gate 0.3)
3.record_0 (939).txt,bb3ae2eb0e2102451d5ee6be48d2e427,610a7e9d0a0de6ea55841a6d1eaddef7801f870675b165ecfee58f709e2e804e,110030,107915,17116,Consejo de Estado,HIGH,INSTITUTION_HEADER,Sentencia Contencioso Administrativa,,2008.0,9.0,2008-09-09,HIGH,HEADER_EXPLICIT_DATE,765,False,DOC_0765,INCLUIR,auto: marcador judicial de alta confianza + alta corte,JUDICIAL,True,
1.record_0 (309).txt,bb41fb12014cdc692698c182e694b8d1,16dc33a2b1c7db67651304eb8d199921417990df1269289893458a5a3f70094b,150129,147163,22684,Otras Entidades,MEDIUM,INSTITUTION_HEADER,Providencia,,2012.0,,,MEDIUM,HEADER_FIRST_YEAR,766,False,DOC_0766,EXCLUIR,auto: law_or_decree_text de alta confianza,LAW_OR_DECREE_TEXT,False,auto: law_or_decree_text de alta confianza
3.record_0 (483).txt,bb5ecad1641fc0bea29a3f33556e2cc2,4b2ab97384dcb1b2c16694c1565966731f9d78570e0bbd1a6974325b8711c496,23800,23413,3693,Otras Entidades,LOW,FALLBACK,Providencia,,2018.0,12.0,2018-12-07,HIGH,HEADER_EXPLICIT_DATE,767,False,DOC_0767,EXCLUIR,auto: providencia judicial pero no es alta corte (Gate 0.3),JUDICIAL,False,auto: providencia judicial pero no es alta corte (Gate 0.3)
3.record_0 (545).txt,bb75ab04107e4e0f5f06c2d60736af8c,a280a6dcd6c33be9f635473efd9ce758b67ead0f447b1b9cad57059fd046f503,25046,24419,3918,Otras Entidades,MEDIUM,INSTITUTION_HEADER,Providencia,,2012.0,10.0,2012-10-30,HIGH,HEADER_EXPLICIT_DATE,768,False,DOC_0768,EXCLUIR,auto: providencia judicial pero no es alta corte (Gate 0.3),JUDICIAL,False,auto: providencia judicial pero no es alta corte (Gate 0.3)
3.record_0 (570).txt,bb823fafbca5f3974eba0a103c351aa5,aae7ee26864d76c6f259e96f11af0d2e61f93919865ecbc759c39b8035e1b97f,54349,52987,8544,Otras Entidades,MEDIUM,INSTITUTION_HEADER,Providencia,,2014.0,5.0,2014-05-21,HIGH,HEADER_EXPLICIT_DATE,769,False,DOC_0769,EXCLUIR,auto: providencia judicial pero no es alta corte (Gate 0.3),JUDICIAL,False,auto: providencia judicial pero no es alta corte (Gate 0.3)
4. (46).txt,bc709cb0478cec285bc31400cc9daf5c,94add662604fb6c485804131d04f9ba9f881e6153c3fec7979a50b00edd34c17,361418,355353,54811,Corte Constitucional,HIGH,OFFICIAL_HEADER_NUMBER,Auto de Sala Plena/Seguimiento,Auto-098/13,2013.0,,,HIGH,SENTENCE_IDENTIFIER,770,False,DOC_0770,INCLUIR,auto: marcador judicial de alta confianza + alta corte,JUDICIAL,True,
3.record_0 (1082).txt,bc72c22a2252d371b368ec1252868b89,bd8a13ccd308324a3d1326e2fddd1a5be33a0de84a6d162d9a144b89c83c1d9d,71402,69979,11226,Corte Constitucional,HIGH,OFFICIAL_HEADER_NUMBER,Sentencia de Constitucionalidad,C-055/22,2022.0,,,HIGH,SENTENCE_IDENTIFIER,771,False,DOC_0771,INCLUIR,auto: marcador judicial de alta confianza + alta corte,JUDICIAL,True,
1.record_0 (107).txt,bc7fcfa7f8e99c2cfdf5c809eedccf02,05bc21bf3691969a2b4d534b34155c0a20e9e639bfe8475b2a17e270ed0e47e0,60729,59484,9359,Otras Entidades,LOW,FALLBACK,Providencia,,2022.0,2.0,2022-02-18,HIGH,HEADER_EXPLICIT_DATE,772,False,DOC_0772,EXCLUIR,auto: providencia judicial pero no es alta corte (Gate 0.3),JUDICIAL,False,auto: providencia judicial pero no es alta corte (Gate 0.3)
1.record_0 (86).txt,bc83a367fcf04189a83a7a147ffcc6f4,2be5afca0764528f59d92fdf125eaa98b4a3c3a64d80e25a02117485e335ecc8,50559,49491,7715,Otras Entidades,LOW,FALLBACK,Providencia,,2008.0,,,MEDIUM,HEADER_FIRST_YEAR,773,False,DOC_0773,EXCLUIR,auto: law_or_decree_text de alta confianza,LAW_OR_DECREE_TEXT,False,auto: law_or_decree_text de alta confianza
2. record_0 (303).txt,bcedb5c10b2a1cc8771555f622296b67,183b4b4267285fb7902269dc49eedc654a94b02c0d870d21e5016cb8acf5466c,28655,28063,4571,Otras Entidades,LOW,FALLBACK,Providencia,,2011.0,,,MEDIUM,HEADER_FIRST_YEAR,774,False,DOC_0774,EXCLUIR,auto: academic_article de alta confianza,ACADEMIC_ARTICLE,False,auto: academic_article de alta confianza
2. record_0 (725).txt,bd075a58f51a99e7d46a821349d3e94e,8063769d6597da7faf91213fd972fa22640cdbdd953dd28854a6e247429b7cec,198464,194830,30178,Corte Constitucional,HIGH,OFFICIAL_HEADER_NUMBER,Sentencia de Tutela,T-126/18,2018.0,,,HIGH,SENTENCE_IDENTIFIER,775,False,DOC_0775,INCLUIR,auto: marcador judicial de alta confianza + alta corte,JUDICIAL,True,
3.record_0 (1542).txt,bd07fe11cc92aeaadd203a4908971e7e,9f7c62a3fac4746ad515107967db890e1374473a51eba02ccb5f34f41693b692,188291,184290,29095,Otras Entidades,LOW,FALLBACK,Providencia,,2014.0,3.0,2014-03-06,HIGH,HEADER_EXPLICIT_DATE,776,False,DOC_0776,EXCLUIR,auto: providencia judicial pero no es alta corte (Gate 0.3),JUDICIAL,False,auto: providencia judicial pero no es alta corte (Gate 0.3)
3.record_0 (323).txt,bd14078ca7da100e9f78ddcc4c7b7483,d06e4a112e9a75ea5b7563cf6b3c1dc0aef9adcdfa37b821b970f2063891b10a,16405,15937,2525,Otras Entidades,LOW,FALLBACK,Providencia,,2021.0,,,MEDIUM,HEADER_FIRST_YEAR,777,False,DOC_0777,EXCLUIR,auto: providencia judicial pero no es alta corte (Gate 0.3),JUDICIAL,False,auto: providencia judicial pero no es alta corte (Gate 0.3)
2. record_0 (670).txt,bd50bd809ca9e76233bf55294c7d2c0a,4bc165f4459f070eeb40238517e4648b8dec09f9cfb52063c50ab6bf01701835,86569,84972,12204,Otras Entidades,MEDIUM,INSTITUTION_HEADER,Providencia,,2023.0,,,MEDIUM,HEADER_FIRST_YEAR,778,False,DOC_0778,EXCLUIR,auto: law_or_decree_text de alta confianza,LAW_OR_DECREE_TEXT,False,auto: law_or_decree_text de alta confianza
1.record_0 (68).txt,bd8c41b2ea89dcc8ba1d9906714a042d,86acc2af84505dfce8d1748ef234578d2415cfea1abf5d7df9eca2ce1e852ded,290126,283766,43754,Corte Constitucional,MEDIUM,TEXT_MENTION_HEADER,Providencia,,2020.0,5.0,2020-05-22,HIGH,HEADER_EXPLICIT_DATE,779,False,DOC_0779,INCLUIR,auto: marcador judicial de alta confianza + alta corte,JUDICIAL,True,
3.record_0 (1375).txt,bda294a31ae96e198dc373face07f65f,6fe6d45462f32cd944afa006c06f6d7c63abf6bb732cd011136ecd230d7df35b,278535,271418,42265,Otras Entidades,LOW,FALLBACK,Providencia,,2020.0,4.0,2020-04-23,HIGH,HEADER_EXPLICIT_DATE,780,False,DOC_0780,EXCLUIR,auto: providencia judicial pero no es alta corte (Gate 0.3),JUDICIAL,False,auto: providencia judicial pero no es alta corte (Gate 0.3)
2. record_0 (738).txt,bdd26434fe8063996f30d7edfaf53130,c0705555ebaa4bc663621b3376beb6ba4d98e3a31ea36f7d5566f424e7acd81d,471638,463372,74530,Otras Entidades,MEDIUM,INSTITUTION_HEADER,Providencia,,2006.0,12.0,2006-12-12,HIGH,HEADER_EXPLICIT_DATE,781,False,DOC_0781,EXCLUIR,auto: law_or_decree_text de alta confianza,LAW_OR_DECREE_TEXT,False,auto: law_or_decree_text de alta confianza
3.record_0 (609).txt,bdd6ce3a656991f39e6c2b6e459250f1,13ad7c2f6758d2a8500298a2a44aabff4f7393c58560e89a55dc34d9611b97e6,28431,27815,4520,Otras Entidades,MEDIUM,INSTITUTION_HEADER,Providencia,,2022.0,9.0,2022-09-21,HIGH,HEADER_EXPLICIT_DATE,782,False,DOC_0782,EXCLUIR,auto: providencia judicial pero no es alta corte (Gate 0.3),JUDICIAL,False,auto: providencia judicial pero no es alta corte (Gate 0.3)
2. record_0 (585).txt,be4a262a290d2e0ef3507ea74c226618,f6df54842fe3b262726ddf4fda6031fa841da868285853076e00fb1fec41b43e,142136,138548,22036,Otras Entidades,LOW,FALLBACK,Providencia,,2023.0,4.0,2023-04-27,HIGH,HEADER_EXPLICIT_DATE,783,False,DOC_0783,EXCLUIR,auto: providencia judicial pero no es alta corte (Gate 0.3),JUDICIAL,False,auto: providencia judicial pero no es alta corte (Gate 0.3)
3.record_0 (682).txt,beabfe2140628eae541e85fc0559ea0d,afdc73ec65891cf1f9aa1ba8d318e82380dadcddb5727ed7e0056c22f5e51059,33254,32636,5249,Corte Suprema de Justicia,HIGH,INSTITUTION_HEADER,Sentencia Casación SP,SP-8064/2017,2017.0,9.0,2017-09-06,HIGH,SENTENCE_IDENTIFIER,784,False,DOC_0784,INCLUIR,auto: marcador judicial de alta confianza + alta corte,JUDICIAL,True,
2. record_0 (439).txt,bf0bb1e2d840170586f1b474a18a0f8c,1a54fee167fde1aa82cae0d3e9baabdf6539f1ee21c32b5f0606a3e77becf839,234482,229724,36556,Corte Constitucional,HIGH,OFFICIAL_HEADER_NUMBER,Sentencia de Unificación,SU-349/22,2022.0,10.0,2022-10-14,HIGH,SENTENCE_IDENTIFIER,785,False,DOC_0785,INCLUIR,auto: marcador judicial de alta confianza + alta corte,JUDICIAL,True,
3.record_0 (243).txt,bf29f5ee14d8502029bfd8e73cc86c0e,692ed010a665893f52ec28e30ad928b00d9baacfd9ad8e8de2a414197c6b2343,12983,12766,1979,Otras Entidades,MEDIUM,INSTITUTION_HEADER,Providencia,,2022.0,5.0,2022-05-02,HIGH,HEADER_EXPLICIT_DATE,786,False,DOC_0786,EXCLUIR,auto: providencia judicial pero no es alta corte (Gate 0.3),JUDICIAL,False,auto: providencia judicial pero no es alta corte (Gate 0.3)
3.record_0 (195).txt,bf2e90f0a78f6874b294e0861b668482,2099ee6da39bb8a316921997878dbfa6210803154f9f86fd4730c37f541fb95e,23156,22713,3537,Otras Entidades,MEDIUM,INSTITUTION_HEADER,Providencia,,2022.0,6.0,2022-06-07,HIGH,HEADER_EXPLICIT_DATE,787,False,DOC_0787,EXCLUIR,auto: law_or_decree_text de alta confianza,LAW_OR_DECREE_TEXT,False,auto: law_or_decree_text de alta confianza
2. record_0 (673).txt,bf77008e6710bedfacf3e0d74c398c2b,69f4d1d1476014363a54edaf74b6eab1cb302e23632348bfb5eedf412ff9b09b,187182,183682,29293,Otras Entidades,MEDIUM,INSTITUTION_HEADER,Providencia,,2014.0,,,MEDIUM,HEADER_FIRST_YEAR,788,False,DOC_0788,EXCLUIR,auto: providencia judicial pero no es alta corte (Gate 0.3),JUDICIAL,False,auto: providencia judicial pero no es alta corte (Gate 0.3)
3.record_0 (738).txt,bf9899820abc559649912ec5eb71e0a2,501c782caf709e59b4e74d5108f4e5dc86ff92d3a49837163d35323fd28c85e5,39498,38646,6404,Otras Entidades,LOW,FALLBACK,Providencia,,2023.0,6.0,2023-06-14,HIGH,HEADER_EXPLICIT_DATE,789,False,DOC_0789,EXCLUIR,auto: academic_article de alta confianza,ACADEMIC_ARTICLE,False,auto: academic_article de alta confianza
3.record_0 (1708).txt,c028d98febfd8465a83a84a722018932,0806bce9619075080be11d9183dadadf8fdde0f845b7ab9635339677f99e24b6,745860,731684,113888,Corte Constitucional,HIGH,OFFICIAL_HEADER_NUMBER,Sentencia de Constitucionalidad,C-032/21,2021.0,7.0,2021-07-12,HIGH,SENTENCE_IDENTIFIER,790,False,DOC_0790,INCLUIR,auto: marcador judicial de alta confianza + alta corte,JUDICIAL,True,
3.record_0 (324).txt,c03bca3e146f265dea2b962d046fb04d,72669bafa2b28c13446662b8631258659700acbbe5e94bd3e16c45e78eabdbf7,16211,15744,2511,Otras Entidades,MEDIUM,INSTITUTION_HEADER,Providencia,,2021.0,5.0,2021-05-31,HIGH,HEADER_EXPLICIT_DATE,791,False,DOC_0791,EXCLUIR,auto: providencia judicial pero no es alta corte (Gate 0.3),JUDICIAL,False,auto: providencia judicial pero no es alta corte (Gate 0.3)
3.record_0 (966).txt,c05d775aefa577422437dab089d49be5,19197e54ae3608d43344ff1bfbe112f445752540bbfe17787be3315e7d0a4779,54912,53820,8677,Otras Entidades,MEDIUM,INSTITUTION_HEADER,Providencia,,2017.0,11.0,2017-11-01,HIGH,HEADER_EXPLICIT_DATE,792,False,DOC_0792,EXCLUIR,auto: providencia judicial pero no es alta corte (Gate 0.3),JUDICIAL,False,auto: providencia judicial pero no es alta corte (Gate 0.3)
2. record_0 (1097).txt,c0bba356fb6aa43c8d5cab03ade3a4ff,2a621a548f92ea4bbd7e0fc3969ee29d71a2b5052e2aeaddc5707f85fd34d81e,212163,207633,32379,Corte Constitucional,HIGH,OFFICIAL_HEADER_NUMBER,Sentencia de Constitucionalidad,C-163/21,2021.0,6.0,2021-06-12,HIGH,SENTENCE_IDENTIFIER,793,False,DOC_0793,INCLUIR,auto: marcador judicial de alta confianza + alta corte,JUDICIAL,True,
3.record_0 (1036).txt,c0c3137e9ef2b7ef95658e938b239f26,58ac673d636edb163969047f68f01d9cab4504890489aa47b461f5e60d8395c1,56947,55597,9319,Otras Entidades,MEDIUM,INSTITUTION_HEADER,Providencia,,2018.0,6.0,2018-06-19,HIGH,HEADER_EXPLICIT_DATE,794,False,DOC_0794,EXCLUIR,auto: providencia judicial pero no es alta corte (Gate 0.3),JUDICIAL,False,auto: providencia judicial pero no es alta corte (Gate 0.3)
3.record_0 (377).txt,c1418257d4f7eb6d65df418095d479ba,39c662317ea49f344b4bb54b4652cb87020a0e00481fb0ac20fa9e7376c3694d,59237,57969,8890,Corte Constitucional,MEDIUM,TEXT_MENTION_HEADER,Providencia,,2021.0,8.0,2021-08-12,HIGH,HEADER_EXPLICIT_DATE,795,False,DOC_0795,INCLUIR,auto: marcador judicial de alta confianza + alta corte,JUDICIAL,True,
3.record_0 (30).txt,c15ebcfff03a4c5e60f8a9741a695bb7,85448273b57edae3fa6b5799129a8952231d48e1a5f96ec4b03f6c1c9c8ea7e6,5766,5634,850,Otras Entidades,MEDIUM,INSTITUTION_HEADER,Providencia,,2021.0,,,MEDIUM,HEADER_FIRST_YEAR,796,False,DOC_0796,EXCLUIR,auto: law_or_decree_text de alta confianza,LAW_OR_DECREE_TEXT,False,auto: law_or_decree_text de alta confianza
3.record_0 (1354).txt,c19eb5071b936313b0d5b98b5fb5dba0,c736131d0373e1372eb5aeef80d84c48f46eb69c6e05fa3a7e6e1daeb7e87349,143183,140139,21805,Otras Entidades,MEDIUM,INSTITUTION_HEADER,Providencia,,2019.0,,,MEDIUM,HEADER_FIRST_YEAR,797,False,DOC_0797,EXCLUIR,auto: law_or_decree_text de alta confianza,LAW_OR_DECREE_TEXT,False,auto: law_or_decree_text de alta confianza
3.record_0 (1660).txt,c214928dbc01360d0145c0418a543e96,979c6e3fff59e78ff38ddd09f286b2337297b4e58b82a694d8ad58680205b571,250040,245410,38402,Corte Constitucional,HIGH,OFFICIAL_HEADER_NUMBER,Sentencia de Tutela,T-398/19,2019.0,,,HIGH,SENTENCE_IDENTIFIER,798,False,DOC_0798,INCLUIR,auto: marcador judicial de alta confianza + alta corte,JUDICIAL,True,
2. record_0 (395).txt,c33480de569392e8cfe7f7e8dd2686cb,cd2094ef5def441d9e40dd04304869413fb2a84af96f97da7f4377a3ea355728,119135,116580,18850,Corte Constitucional,HIGH,OFFICIAL_HEADER_NUMBER,Sentencia de Tutela,T-434/14,2014.0,9.0,2014-09-20,HIGH,SENTENCE_IDENTIFIER,799,False,DOC_0799,INCLUIR,auto: marcador judicial de alta confianza + alta corte,JUDICIAL,True,
3.record_0 (240).txt,c3f9a417b43bbb38f8537eb29de25636,bee63eb615746ea156792eb9d1dd9c8158f15c2b75cbf28ea7de21c28ba71a61,14034,13776,2190,Otras Entidades,MEDIUM,INSTITUTION_HEADER,Providencia,,2022.0,2.0,2022-02-01,HIGH,HEADER_EXPLICIT_DATE,800,False,DOC_0800,EXCLUIR,auto: providencia judicial pero no es alta corte (Gate 0.3),JUDICIAL,False,auto: providencia judicial pero no es alta corte (Gate 0.3)
3.record_0 (946).txt,c48568b488104ba3a0d8e16f678c35b4,c356401c048c21da75758814aedd3afbccc6c7fe272b04481fd36dcf616334f4,58755,57569,8880,Otras Entidades,MEDIUM,INSTITUTION_HEADER,Providencia,,2018.0,11.0,2018-11-29,HIGH,HEADER_EXPLICIT_DATE,801,False,DOC_0801,EXCLUIR,auto: providencia judicial pero no es alta corte (Gate 0.3),JUDICIAL,False,auto: providencia judicial pero no es alta corte (Gate 0.3)
1.record_0 (119).txt,c4b5646bd99c1700f0ea1c246b012196,5561c32cf0f9fd7ccc453a75259720dd1bf2b6c64c951b54d73cc99a10293bc3,36285,35462,5509,Corte Constitucional,MEDIUM,TEXT_MENTION_HEADER,Providencia,,2017.0,12.0,2017-12-18,HIGH,HEADER_EXPLICIT_DATE,802,False,DOC_0802,EXCLUIR,auto: law_or_decree_text de alta confianza,LAW_OR_DECREE_TEXT,False,auto: law_or_decree_text de alta confianza
1.record_0 (559).txt,c4d08945ee58cb2604ae17990b7a9925,ebcacf2bb0d47429402b5bc67f0fffab345a50ccfd144b3d8d14992facef46ed,1862417,1823294,281203,Corte Constitucional,HIGH,OFFICIAL_HEADER_NUMBER,Sentencia de Unificación,SU-020/22,2022.0,8.0,2022-08-30,HIGH,SENTENCE_IDENTIFIER,803,False,DOC_0803,INCLUIR,auto: marcador judicial de alta confianza + alta corte,JUDICIAL,True,
1.record_0 (2).txt,c52aebe98f00bc28ac1672ac3e968669,c86bd75dc0cae03282371d9f35c1db38600f2220b13d6893ca1a14e7455cba39,6501,6351,952,Otras Entidades,LOW,FALLBACK,Providencia,,2017.0,,,MEDIUM,HEADER_FIRST_YEAR,804,False,DOC_0804,EXCLUIR,auto: law_or_decree_text de alta confianza,LAW_OR_DECREE_TEXT,False,auto: law_or_decree_text de alta confianza
3.record_0 (310).txt,c5bf31807b2d7d4215b9e5a7c6549175,63b5a1e71c7452e88b54e891ea2c49a76270d3ed48ac19ba9bb4caaab8310b24,78966,77315,11862,Corte Constitucional,MEDIUM,TEXT_MENTION_HEADER,Providencia,,2021.0,5.0,2021-05-24,HIGH,HEADER_EXPLICIT_DATE,805,False,DOC_0805,INCLUIR,auto: marcador judicial de alta confianza + alta corte,JUDICIAL,True,
3.record_0 (100).txt,c6738d69dcaa58f1a9e4d59d69eb8f59,f0bf1663f5424918871d843a4dfb087ef99fa4cf9e47f5175241c5d0c13772a5,58321,57323,8968,Corte Suprema de Justicia,HIGH,INSTITUTION_HEADER,Sentencia Casación SP,SP-4544/2021,2021.0,4.0,2021-04-05,HIGH,SENTENCE_IDENTIFIER,806,False,DOC_0806,INCLUIR,auto: marcador judicial de alta confianza + alta corte,JUDICIAL,True,
2. record_0 (177).txt,c68fa770afe866b8e3da980cdec015a7,dcfa99f07160e229f4bd7545d40cfc15a03d4e202ee0547be1a1d2d647b4df34,55174,53844,8436,Otras Entidades,LOW,FALLBACK,Providencia,,2020.0,5.0,2020-05-12,HIGH,HEADER_EXPLICIT_DATE,807,False,DOC_0807,EXCLUIR,auto: providencia judicial pero no es alta corte (Gate 0.3),JUDICIAL,False,auto: providencia judicial pero no es alta corte (Gate 0.3)
3.record_0 (382).txt,c6bedc4588841af6db1a92197086ca4e,39c85c4ab3eb2730522f4777d939029f933ee8967753b7333392b04ee2ae2639,17891,17605,2892,Otras Entidades,MEDIUM,INSTITUTION_HEADER,Providencia,,2019.0,3.0,2019-03-14,HIGH,HEADER_EXPLICIT_DATE,808,False,DOC_0808,EXCLUIR,auto: providencia judicial pero no es alta corte (Gate 0.3),JUDICIAL,False,auto: providencia judicial pero no es alta corte (Gate 0.3)
1.record_0 (161).txt,c6d9a57a1c1f8e1e8190578e4ab17381,59daffe9d9baec10cbba0d6c102f448a02419bade5385eb9694a59bbd4c7cf8e,53504,52388,8237,Otras Entidades,LOW,FALLBACK,Providencia,,2018.0,,,MEDIUM,HEADER_FIRST_YEAR,809,False,DOC_0809,EXCLUIR,auto: providencia judicial pero no es alta corte (Gate 0.3),JUDICIAL,False,auto: providencia judicial pero no es alta corte (Gate 0.3)
3.record_0 (333).txt,c702d7318be18b212e3fe2cdde698fc7,2a4075ebaab502bafd09255aea626c57dcc061be2ade5ff280a132cca151a2d0,137337,134896,21222,Corte Constitucional,HIGH,OFFICIAL_HEADER_NUMBER,Sentencia de Tutela,T-280/22,2022.0,8.0,2022-08-23,HIGH,SENTENCE_IDENTIFIER,810,False,DOC_0810,INCLUIR,auto: marcador judicial de alta confianza + alta corte,JUDICIAL,True,
3.record_0 (806).txt,c77b9420e67bac675a9420f9a414a74a,34edf2ca3dab142506c8cada64683017bb882982a94d9db89e611382a1109ab4,41687,40816,6757,Otras Entidades,LOW,FALLBACK,Providencia,,2012.0,11.0,2012-11-17,HIGH,HEADER_EXPLICIT_DATE,811,False,DOC_0811,EXCLUIR,auto: providencia judicial pero no es alta corte (Gate 0.3),JUDICIAL,False,auto: providencia judicial pero no es alta corte (Gate 0.3)
3.record_0 (156).txt,c7af139261a8a3b9e270a14a7042e2fa,7c633a0ec3fe5b2580f040dc9226be7170c3088919d175112950e942569f8434,19256,18811,2950,Otras Entidades,LOW,FALLBACK,Providencia,,2018.0,12.0,2018-12-07,HIGH,HEADER_EXPLICIT_DATE,812,False,DOC_0812,EXCLUIR,auto: providencia judicial pero no es alta corte (Gate 0.3),JUDICIAL,False,auto: providencia judicial pero no es alta corte (Gate 0.3)
1.record_0 (69).txt,c7c771b1c3a8dd94f46ed9af302791ce,984fcd4b5ac7c8346d5644efd99ef24587b507f75280a6e6cd027d6b1b48c8fa,209468,205391,32371,Corte Constitucional,MEDIUM,TEXT_MENTION_HEADER,Providencia,,2022.0,8.0,2022-08-11,HIGH,HEADER_EXPLICIT_DATE,813,False,DOC_0813,INCLUIR,auto: marcador judicial de alta confianza + alta corte,JUDICIAL,True,
2. record_0 (998).txt,c7d1eb690dcfd6d56f541c193e8e7952,9e641c47d6a3a8f00ba43eeb4b814da95b39683c7e630f8893806a29895be024,167425,164432,25636,Corte Constitucional,HIGH,OFFICIAL_HEADER_NUMBER,Sentencia de Tutela,T-115/20,2020.0,10.0,2020-10-18,HIGH,SENTENCE_IDENTIFIER,814,False,DOC_0814,INCLUIR,auto: marcador judicial de alta confianza + alta corte,JUDICIAL,True,
3.record_0 (994).txt,c7fac383d4caa0e77bd0d25873ad3672,102c126038a60e7bdac18fb54b690328a00da9f5c2613700671537eecb7d8590,57526,56399,8748,Otras Entidades,LOW,FALLBACK,Providencia,,2018.0,,,MEDIUM,HEADER_FIRST_YEAR,815,False,DOC_0815,EXCLUIR,auto: academic_article de alta confianza,ACADEMIC_ARTICLE,False,auto: academic_article de alta confianza
3.record_0 (458).txt,c869c30c44cb5bb59764bdb3587b0c3d,b3233f3643a0064d46c38b6eff3016e614d923a25d78afdf8d574f32108704d5,23319,22823,3699,Otras Entidades,LOW,FALLBACK,Providencia,,2017.0,11.0,2017-11-10,HIGH,HEADER_EXPLICIT_DATE,816,False,DOC_0816,EXCLUIR,auto: providencia judicial pero no es alta corte (Gate 0.3),JUDICIAL,False,auto: providencia judicial pero no es alta corte (Gate 0.3)
3.record_0 (271).txt,c889aa24807bbdc04dd2efff75c13f07,99b3f901354d266c642693f8d3aaac49929d41f244fda143ceb27bcd55ce04fc,26232,25658,4094,Corte Constitucional,HIGH,OFFICIAL_HEADER_NUMBER,Sentencia de Tutela,T-338/18,2018.0,2.0,2018-02-10,HIGH,SENTENCE_IDENTIFIER,817,False,DOC_0817,INCLUIR,auto: marcador judicial de alta confianza + alta corte,JUDICIAL,True,
3.record_0 (664).txt,c92cd1ebfe5665a747fa89fd3cd24ca2,ef8399b6d743b553cff0245bbe3be080918846b0a3fdef202b50952329311808,119912,117247,19180,Otras Entidades,MEDIUM,INSTITUTION_HEADER,Providencia,,2020.0,10.0,2020-10-07,HIGH,HEADER_EXPLICIT_DATE,818,False,DOC_0818,EXCLUIR,auto: providencia judicial pero no es alta corte (Gate 0.3),JUDICIAL,False,auto: providencia judicial pero no es alta corte (Gate 0.3)
1.record_0 (380).txt,c97f8173c01a8d26788435a5103d213c,666ee0d5ae9a3fa848169730f85bcd2953bb6cda8a1db89ff3f25dc7729843cf,248362,243288,39036,Corte Constitucional,HIGH,OFFICIAL_HEADER_NUMBER,Sentencia de Tutela,T-462/18,2018.0,7.0,2018-07-25,HIGH,SENTENCE_IDENTIFIER,819,False,DOC_0819,INCLUIR,auto: marcador judicial de alta confianza + alta corte,JUDICIAL,True,
2. record_0 (179).txt,c9a704b867e3affe0d6efe33ab0aa093,4dbf5a8ac0505fd798cdddc0417adab1f2bfb10a928bb789487d5b70baa85047,20899,20398,3291,Otras Entidades,MEDIUM,INSTITUTION_HEADER,Providencia,,2014.0,9.0,2014-09-01,HIGH,HEADER_EXPLICIT_DATE,820,False,DOC_0820,EXCLUIR,auto: providencia judicial pero no es alta corte (Gate 0.3),JUDICIAL,False,auto: providencia judicial pero no es alta corte (Gate 0.3)
3.record_0 (996).txt,c9aa804bbcd300bb116545996e4d1783,b2ae0a2e16780d1be6d305d69b5be499fdacb0af8653d95037ee8eb3141d8481,65668,64493,9984,Corte Constitucional,HIGH,OFFICIAL_HEADER_NUMBER,Sentencia de Constitucionalidad,C-053/23,2023.0,3.0,2023-03-30,HIGH,SENTENCE_IDENTIFIER,821,False,DOC_0821,INCLUIR,auto: marcador judicial de alta confianza + alta corte,JUDICIAL,True,
2. record_0 (264).txt,ca0aba85e36d30e3e9a4fc0299a1e763,dc6174a60d5c2aa54e6d9bc2e0489ec6867fd2d76aacbc4854a3dbae6ad8adac,48227,47176,7118,Corte Constitucional,MEDIUM,TEXT_MENTION_HEADER,Providencia,,2019.0,9.0,2019-09-20,HIGH,HEADER_EXPLICIT_DATE,822,False,DOC_0822,INCLUIR,auto: marcador judicial de alta confianza + alta corte,JUDICIAL,True,
1.record_0 (184).txt,ca6ede203dc51811cca453699a6865d5,50b9bb744ac37a2fbbbe5a866c6170e35b00aba757b63a584af79b27d47920e4,61852,60763,9345,Otras Entidades,LOW,FALLBACK,Providencia,,2021.0,5.0,2021-05-06,HIGH,HEADER_EXPLICIT_DATE,823,False,DOC_0823,EXCLUIR,auto: providencia judicial pero no es alta corte (Gate 0.3),JUDICIAL,False,auto: providencia judicial pero no es alta corte (Gate 0.3)
3.record_0 (227).txt,caed8b030fd8efa2d660765f718db147,3e47375ebecfe13eb5f10d73b92aa621442129fc9b023086e30fca3f39f5a8c9,13809,13520,2137,Corte Constitucional,MEDIUM,TEXT_MENTION_HEADER,Providencia,,2022.0,10.0,2022-10-12,HIGH,HEADER_EXPLICIT_DATE,824,False,DOC_0824,INCLUIR,auto: marcador judicial de alta confianza + alta corte,JUDICIAL,True,
2. record_0 (131).txt,cb467971e0ce5bf67ee31b6aebe3a14d,5d9898ce967a3df952f259fa02090a1d73f48fbe9662857a89012bc58acf566b,80895,79046,12540,Otras Entidades,MEDIUM,INSTITUTION_HEADER,Providencia,,2020.0,5.0,2020-05-14,HIGH,HEADER_EXPLICIT_DATE,825,False,DOC_0825,EXCLUIR,auto: providencia judicial pero no es alta corte (Gate 0.3),JUDICIAL,False,auto: providencia judicial pero no es alta corte (Gate 0.3)
3.record_0 (686).txt,cc2d1b191644d5213ef539c51333805a,1adf1f62f9e7eab4169c7bf3ffc049e87bb6310bd054b91e9426a9cd09fc123e,34808,34107,5602,Corte Suprema de Justicia,HIGH,INSTITUTION_HEADER,Providencia,,2017.0,12.0,2017-12-28,HIGH,HEADER_EXPLICIT_DATE,826,False,DOC_0826,INCLUIR,auto: marcador judicial de alta confianza + alta corte,JUDICIAL,True,
3.record_0 (297).txt,cc7f12f77252c98040a0bf97c978a88d,8852815e4c54c94bbfc5a57c62dfc759b572cb0ec792b4d2e6d6b26251bfc542,57895,56566,8861,Otras Entidades,MEDIUM,INSTITUTION_HEADER,Providencia,,2017.0,2.0,2017-02-13,HIGH,HEADER_EXPLICIT_DATE,827,False,DOC_0827,EXCLUIR,auto: providencia judicial pero no es alta corte (Gate 0.3),JUDICIAL,False,auto: providencia judicial pero no es alta corte (Gate 0.3)
3.record_0 (419).txt,ccb3caccebce1e1eea452b0c27a08a97,e62fac09e86bc8d759f0ab5f64990fe4da5998d4b0efd68801870e16d03df255,70386,69076,11041,Otras Entidades,LOW,FALLBACK,Providencia,,2010.0,3.0,2010-03-15,HIGH,HEADER_EXPLICIT_DATE,828,False,DOC_0828,EXCLUIR,"auto (confianza baja): perfil de bibliografia academica (autor+afiliacion), sin marcador judicial; PENDIENTE confirmacion humana",UNCERTAIN,False,"auto (confianza baja): perfil de bibliografia academica (autor+afiliacion), sin marcador judicial; PENDIENTE confirmacion humana"
3.record_0 (1156).txt,ccc5389262ebbf6c13b77b3698c0503e,d0bbfb77d52128f09a79b20e516157f02b51a6333efe0031a324b978c38916ac,86115,84528,13430,Otras Entidades,LOW,FALLBACK,Providencia,,2015.0,9.0,2015-09-22,HIGH,HEADER_EXPLICIT_DATE,829,False,DOC_0829,EXCLUIR,auto: providencia judicial pero no es alta corte (Gate 0.3),JUDICIAL,False,auto: providencia judicial pero no es alta corte (Gate 0.3)
1.record_0 (246).txt,cd290b29cf0f447dc70f0d381ec50e4a,50e9155d327d0b6d686773300befb00a516efa145112f40564d5e8b2cf353ab7,223384,219157,32893,Otras Entidades,MEDIUM,INSTITUTION_HEADER,Providencia,,,,,LOW,NONE,830,False,DOC_0830,EXCLUIR,auto: law_or_decree_text de alta confianza,LAW_OR_DECREE_TEXT,False,auto: law_or_decree_text de alta confianza
3.record_0 (330).txt,cd66ca6f1bd7608b1770af5d917d02a9,ddd755f792e6862ee7cb6a61f869d44bdc34ca45e050beb7f93bbd25b0c26cf5,16736,16456,2586,Corte Suprema de Justicia,HIGH,INSTITUTION_HEADER,Sentencia Casación STP,STP-7429/2022,2022.0,4.0,2022-04-26,HIGH,SENTENCE_IDENTIFIER,831,False,DOC_0831,INCLUIR,auto: marcador judicial de alta confianza + alta corte,JUDICIAL,True,
2. record_0 (51).txt,cd93e5c58a1d8bfd51f7439c4fd37cf3,6af5c0ca3ebffac3c06e40faaf7555fc2dc6f99640eedeb3a6a24648595e85c6,5917,5818,910,Otras Entidades,MEDIUM,INSTITUTION_HEADER,Providencia,,2014.0,,,MEDIUM,HEADER_FIRST_YEAR,832,False,DOC_0832,EXCLUIR,auto: law_or_decree_text de alta confianza,LAW_OR_DECREE_TEXT,False,auto: law_or_decree_text de alta confianza
2. record_0 (987).txt,ce03931f992ab6b7ca8ca4a4b56ef6d3,307bc03c5b3ca84e1b5b2632cf233d1645ec41be2b2baef7570fcc6dcac4b46a,167940,164224,26264,Otras Entidades,LOW,FALLBACK,Providencia,,2007.0,5.0,2007-05-25,HIGH,HEADER_EXPLICIT_DATE,833,False,DOC_0833,EXCLUIR,auto: law_or_decree_text de alta confianza,LAW_OR_DECREE_TEXT,False,auto: law_or_decree_text de alta confianza
3.record_0 (1172).txt,ce5cc20d0f6d4846e6fa88bc43e6e3b0,2debc1d6489daf1bc44d97190d19bacd204657da232d06760a90862c977b37ca,67745,66483,9818,Corte Suprema de Justicia,HIGH,INSTITUTION_HEADER,Providencia,,2022.0,,,MEDIUM,HEADER_FIRST_YEAR,834,False,DOC_0834,INCLUIR,auto: marcador judicial de alta confianza + alta corte,JUDICIAL,True,
3.record_0 (155).txt,ce621316fe66a5a4d0d3631eb58d8e68,0c8535de077b2d60c7a7e2fc0f1a221b265e57e754b7049d5288b7d8c143adae,18095,17831,2863,Otras Entidades,LOW,FALLBACK,Providencia,,2022.0,5.0,2022-05-22,HIGH,HEADER_EXPLICIT_DATE,835,False,DOC_0835,EXCLUIR,auto: providencia judicial pero no es alta corte (Gate 0.3),JUDICIAL,False,auto: providencia judicial pero no es alta corte (Gate 0.3)
3.record_0 (393).txt,ce70136a0378c443c513e374425ce914,49b634cc54379f1708bb0e4faaa6289197713015e05c8b4f40b2fffc440cde1f,21708,21332,3336,Otras Entidades,MEDIUM,INSTITUTION_HEADER,Providencia,,2020.0,10.0,2020-10-28,HIGH,HEADER_EXPLICIT_DATE,836,False,DOC_0836,EXCLUIR,auto: providencia judicial pero no es alta corte (Gate 0.3),JUDICIAL,False,auto: providencia judicial pero no es alta corte (Gate 0.3)
3.record_0 (532).txt,ce7ea64eb51d005faf33412afbc89fd1,263f07206187331de53ec2f19471c149650f9a14cd99daf087957574c8277d5f,22940,22518,3678,Otras Entidades,MEDIUM,INSTITUTION_HEADER,Providencia,,2016.0,6.0,2016-06-14,HIGH,HEADER_EXPLICIT_DATE,837,False,DOC_0837,EXCLUIR,auto: providencia judicial pero no es alta corte (Gate 0.3),JUDICIAL,False,auto: providencia judicial pero no es alta corte (Gate 0.3)
3.record_0 (1564).txt,ce8b16d0573a19f939d6a61ffb9a1538,6fef5f762e9a8b4c765f20dfbc504abd6a83d20736e34ba8f0e3e5e620b8bf76,219543,215014,33198,Otras Entidades,MEDIUM,INSTITUTION_HEADER,Providencia,,2005.0,,,MEDIUM,HEADER_FIRST_YEAR,838,False,DOC_0838,EXCLUIR,auto: law_or_decree_text de alta confianza,LAW_OR_DECREE_TEXT,False,auto: law_or_decree_text de alta confianza
3.record_0 (462).txt,ce91f25a14951414091b175abb9700c3,6601cc2f7cbbbabd34b6f9bfb4dfd7fc92767fe438102fc29936ee4314f9d94b,23074,22473,3577,Otras Entidades,LOW,FALLBACK,Providencia,,2006.0,7.0,2006-07-15,HIGH,HEADER_EXPLICIT_DATE,839,False,DOC_0839,EXCLUIR,auto: providencia judicial pero no es alta corte (Gate 0.3),JUDICIAL,False,auto: providencia judicial pero no es alta corte (Gate 0.3)
2. record_0 (1162).txt,ceaba4b158344a85264ea6e64c52f5b5,2bc079000f65831ab61d32ef5710ff15e6248577c65d4801acbc5eb4261614d2,222032,218032,35743,Otras Entidades,LOW,FALLBACK,Providencia,,2002.0,,,MEDIUM,HEADER_FIRST_YEAR,840,False,DOC_0840,EXCLUIR,auto: law_or_decree_text de alta confianza,LAW_OR_DECREE_TEXT,False,auto: law_or_decree_text de alta confianza
2. record_0 (222).txt,cee4d01b0196ba653fa111cb5c49e218,430b9ac0ab0d7c69bc9997cdf57277b7fe98c7053d2e1f185ee80d022f3c3336,41892,40708,6757,Corte Suprema de Justicia,HIGH,INSTITUTION_HEADER,Sentencia Casación SP,SP-2190/2015,2015.0,11.0,2015-11-17,HIGH,SENTENCE_IDENTIFIER,841,False,DOC_0841,INCLUIR,auto: marcador judicial de alta confianza + alta corte,JUDICIAL,True,
3.record_0 (1866).txt,cee8efd57d4c5735f3313a33dcca6c60,8b7dd72343359f7b2d00478243ce0dbe98ef1cf1b1610227852691c4d5431890,363996,356488,59783,Corte Constitucional,MEDIUM,TEXT_MENTION_HEADER,Providencia,,2022.0,10.0,2022-10-28,HIGH,HEADER_EXPLICIT_DATE,842,False,DOC_0842,INCLUIR,auto: marcador judicial de alta confianza + alta corte,JUDICIAL,True,
2. record_0 (337).txt,ceeb8c00ac6fdb3543ae2d6cb7d3cc6b,0a9c98f93686776f8a048c9fd9c02484f6e34b9ed6e6f3dca5efb021d0918841,123416,120654,18973,Corte Constitucional,MEDIUM,TEXT_MENTION_HEADER,Providencia,,2022.0,11.0,2022-11-03,HIGH,HEADER_EXPLICIT_DATE,843,False,DOC_0843,INCLUIR,auto: marcador judicial de alta confianza + alta corte,JUDICIAL,True,
1.record_0 (144).txt,cf00068970484c04768540a15c44ae67,d09f7d5e5a6f6d6967455e9062c3a58e1d5b1e51fd41f208eb9a87b161e5d716,170815,167661,26483,Corte Constitucional,HIGH,OFFICIAL_HEADER_NUMBER,Sentencia de Tutela,T-093/19,2019.0,,,HIGH,SENTENCE_IDENTIFIER,844,False,DOC_0844,INCLUIR,auto: marcador judicial de alta confianza + alta corte,JUDICIAL,True,
3.record_0 (159).txt,cf1b26a2b521c2aca08c2034c512eddb,09669f64edc9c91ff8b0dd5723d7c41b6163200a50343d5bd71656ece2ef4538,10370,10179,1624,Otras Entidades,LOW,FALLBACK,Providencia,,2011.0,,,MEDIUM,HEADER_FIRST_YEAR,845,False,DOC_0845,EXCLUIR,auto: academic_article de alta confianza,ACADEMIC_ARTICLE,False,auto: academic_article de alta confianza
6.record_0 (12).txt,cf385109d935662cafb009262c896450,5490bcd085d027b1a46b9940cba1b9aa3dab30e4ad3cde57dac8907806cb7ec9,12904,12650,1817,Otras Entidades,LOW,FALLBACK,Providencia,,2023.0,,,MEDIUM,HEADER_FIRST_YEAR,846,False,DOC_0846,EXCLUIR,auto: law_or_decree_text de alta confianza,LAW_OR_DECREE_TEXT,False,auto: law_or_decree_text de alta confianza
1.record_0 (43).txt,cf8a402fcb36418a5252160c2f3955b8,1d4599b195ac78ab926c4a4ae97234815c1e34af5095689389c595c1840cfefc,27101,26519,4136,Otras Entidades,MEDIUM,INSTITUTION_HEADER,Providencia,,2023.0,1.0,2023-01-17,HIGH,HEADER_EXPLICIT_DATE,847,False,DOC_0847,EXCLUIR,auto: providencia judicial pero no es alta corte (Gate 0.3),JUDICIAL,False,auto: providencia judicial pero no es alta corte (Gate 0.3)
1.record_0 (23).txt,cfda4f3a2e07c5edc20fbde62141bc6e,ad85cfe27d6112fcd3cf369c427b88f4fe50aefaa9913ccf7d908752b8ab659c,9202,9012,1339,Otras Entidades,LOW,FALLBACK,Providencia,,2006.0,,,MEDIUM,HEADER_FIRST_YEAR,848,False,DOC_0848,EXCLUIR,auto: academic_article de alta confianza,ACADEMIC_ARTICLE,False,auto: academic_article de alta confianza
1.record_0 (174).txt,d046370b72d5df8f950ff5086b783509,f5e50900eff89667afe0c9889c12e5dd1ff8a59b8c2984b32ab47e17fe672408,111880,109729,17068,Corte Constitucional,HIGH,OFFICIAL_HEADER_NUMBER,Sentencia de Tutela,T-356/21,2021.0,9.0,2021-09-17,HIGH,SENTENCE_IDENTIFIER,849,False,DOC_0849,INCLUIR,auto: marcador judicial de alta confianza + alta corte,JUDICIAL,True,
3.record_0 (407).txt,d060097b35539007a98dad265b31a5f1,648bbc115d416b6808a3c5a9a81d51ef2bf9a2bd19c29f2f7a70652cb8d77f6e,18471,18124,2833,Otras Entidades,LOW,FALLBACK,Providencia,,2023.0,6.0,2023-06-30,HIGH,HEADER_EXPLICIT_DATE,850,False,DOC_0850,EXCLUIR,auto: providencia judicial pero no es alta corte (Gate 0.3),JUDICIAL,False,auto: providencia judicial pero no es alta corte (Gate 0.3)
3.record_0 (602).txt,d0673bb20544398e32a9f7991ec4cff8,abdc8d37e46b6e189d338b41557aa2e2fa47184966fef600d9d2512bf7dcafc6,28777,28294,4311,Otras Entidades,MEDIUM,INSTITUTION_HEADER,Providencia,,2015.0,11.0,2015-11-25,HIGH,HEADER_EXPLICIT_DATE,851,False,DOC_0851,EXCLUIR,auto: law_or_decree_text de alta confianza,LAW_OR_DECREE_TEXT,False,auto: law_or_decree_text de alta confianza
2. record_0 (474).txt,d0c35a6f6a1c8444d56b1de8884b567b,7e4faa330cfa3e9b08a398e3f17abe718ee02020d63af301d097fad37bf4e963,51154,50065,7851,Corte Constitucional,HIGH,OFFICIAL_HEADER_NUMBER,Auto de Sala Plena/Seguimiento,Auto-321/15,2015.0,,,HIGH,SENTENCE_IDENTIFIER,852,False,DOC_0852,INCLUIR,auto: marcador judicial de alta confianza + alta corte,JUDICIAL,True,
5. (32).txt,d0fcb15436dd05f981a27ca94880966d,a01bd94f20e177ad845cc5e7d6c479d2bc9c66d9af5a3b1a73dc6a17bbdc17c5,40586,39621,6092,Corte Constitucional,MEDIUM,TEXT_MENTION_HEADER,Providencia,,2022.0,,,MEDIUM,HEADER_FIRST_YEAR,853,False,DOC_0853,EXCLUIR,auto: law_or_decree_text de alta confianza,LAW_OR_DECREE_TEXT,False,auto: law_or_decree_text de alta confianza
3.record_0 (248).txt,d11360bd802fc8b5f094c64fb619ae57,9a6c94ca85a6b097329345bef55ff851840012e6f4c8b5ec81c3026ea5b98ee5,13295,13069,2090,Otras Entidades,MEDIUM,INSTITUTION_HEADER,Providencia,,2023.0,6.0,2023-06-14,HIGH,HEADER_EXPLICIT_DATE,854,False,DOC_0854,EXCLUIR,auto: law_or_decree_text de alta confianza,LAW_OR_DECREE_TEXT,False,auto: law_or_decree_text de alta confianza
3.record_0 (1977).txt,d12d624a480a4073250220236ec70be4,05fb7460b6977509e9f276bdf167fc8a888746a529c35df482c5e7c726a95dd2,1372301,1344035,204866,Otras Entidades,MEDIUM,INSTITUTION_HEADER,Providencia,,2015.0,,,MEDIUM,HEADER_FIRST_YEAR,855,False,DOC_0855,EXCLUIR,auto: law_or_decree_text de alta confianza,LAW_OR_DECREE_TEXT,False,auto: law_or_decree_text de alta confianza
3.record_0 (62).txt,d1600777663f46790a9f7c8323ea4975,1307c8380d0552af60f717eaa16fbf158bb9988c956eab6fd37b534b1f9b34da,83054,81251,12806,Otras Entidades,MEDIUM,INSTITUTION_HEADER,Providencia,,2018.0,7.0,2018-07-03,HIGH,HEADER_EXPLICIT_DATE,856,False,DOC_0856,EXCLUIR,auto: providencia judicial pero no es alta corte (Gate 0.3),JUDICIAL,False,auto: providencia judicial pero no es alta corte (Gate 0.3)
3.record_0 (391).txt,d1811cd1986763d0bf087c8c74fd7732,0a8b2c58f2e16f41da302944200c01cd0a30d8c6669ac6214443541417ff924d,19629,19215,3113,Otras Entidades,MEDIUM,INSTITUTION_HEADER,Providencia,,2012.0,10.0,2012-10-14,HIGH,HEADER_EXPLICIT_DATE,857,False,DOC_0857,EXCLUIR,auto: providencia judicial pero no es alta corte (Gate 0.3),JUDICIAL,False,auto: providencia judicial pero no es alta corte (Gate 0.3)
3.record_0 (234).txt,d1904b86f17f2f92623f92bbe2c80932,fbe685def28de2469145204d8ff2b08f7c5221d34b11610e040c7a9664c98819,15062,14720,2411,Otras Entidades,MEDIUM,INSTITUTION_HEADER,Providencia,,2020.0,3.0,2020-03-18,HIGH,HEADER_EXPLICIT_DATE,858,False,DOC_0858,EXCLUIR,auto: law_or_decree_text de alta confianza,LAW_OR_DECREE_TEXT,False,auto: law_or_decree_text de alta confianza
3.record_0 (70).txt,d1fafbc5f5428eb2212aceba47a2e228,f80dd3e9f772a179f5f20b5f06b2c283ac4d52ee1ec2f5d17d56956f6a2ed6af,8116,7957,1264,Corte Suprema de Justicia,HIGH,INSTITUTION_HEADER,Sentencia Casación STP,STP-7416/2019,2019.0,5.0,2019-05-14,HIGH,SENTENCE_IDENTIFIER,859,False,DOC_0859,INCLUIR,auto: marcador judicial de alta confianza + alta corte,JUDICIAL,True,
1.record_0 (286).txt,d201b672b7a815a91f5e73d8a7029f5a,a64953b31b0e12b2316cf55d91bbd3240dc311e59cc641c7e807d48c2267489e,705344,692545,103125,Corte Constitucional,HIGH,OFFICIAL_HEADER_NUMBER,Auto de Sala Plena/Seguimiento,Auto-237/08,2008.0,4.0,2008-04-14,HIGH,SENTENCE_IDENTIFIER,860,False,DOC_0860,INCLUIR,auto: marcador judicial de alta confianza + alta corte,JUDICIAL,True,
3.record_0 (455).txt,d26ffcf7774653a356cc35704e47a1de,4e32376b7a1c9eb8d68edc5067dbca29aa549531f59af2934e7fbc86d36c4c67,22288,21733,3445,Otras Entidades,LOW,FALLBACK,Providencia,,2022.0,7.0,2022-07-05,HIGH,HEADER_EXPLICIT_DATE,861,False,DOC_0861,EXCLUIR,auto: providencia judicial pero no es alta corte (Gate 0.3),JUDICIAL,False,auto: providencia judicial pero no es alta corte (Gate 0.3)
2. record_0 (490).txt,d28509e318638a1acab6e759aa143c09,3f10fd0f50e4c7f12446bd8fe7104da2a37b13be06d5fa94818a18592450dd0c,53822,52791,8150,Otras Entidades,LOW,FALLBACK,Providencia,,2001.0,1.0,2001-01-23,HIGH,HEADER_EXPLICIT_DATE,862,False,DOC_0862,EXCLUIR,auto: academic_article de alta confianza,ACADEMIC_ARTICLE,False,auto: academic_article de alta confianza
3.record_0 (534).txt,d2bb813d85d449c2a4b4f17ed90dfdcf,91386812fe68088cfa55e563abd28e7b959bb0a032e3029c7bb68903dcdefc7f,49733,48727,7903,Otras Entidades,MEDIUM,INSTITUTION_HEADER,Providencia,,2014.0,12.0,2014-12-16,HIGH,HEADER_EXPLICIT_DATE,863,False,DOC_0863,EXCLUIR,auto: providencia judicial pero no es alta corte (Gate 0.3),JUDICIAL,False,auto: providencia judicial pero no es alta corte (Gate 0.3)
2. record_0 (636).txt,d3457d256cfc427bfa67eb9cdf4d8eeb,e574da967fdf8f614e419ec899253aaec1b5f2137c261bd4bd2fff06fa9c5552,81901,80258,13052,Otras Entidades,LOW,FALLBACK,Providencia,,2012.0,3.0,2012-03-05,HIGH,HEADER_EXPLICIT_DATE,864,False,DOC_0864,EXCLUIR,auto: providencia judicial pero no es alta corte (Gate 0.3),JUDICIAL,False,auto: providencia judicial pero no es alta corte (Gate 0.3)
6.record_0 (10).txt,d39d81e626cdcf102613f1ceb439a771,55d42a9f48c05c81310cc641748f700ac236987bc1834fa36050d78c19427054,8046,7856,1246,Otras Entidades,MEDIUM,INSTITUTION_HEADER,Providencia,,2013.0,,,MEDIUM,HEADER_FIRST_YEAR,865,False,DOC_0865,EXCLUIR,auto: law_or_decree_text de alta confianza,LAW_OR_DECREE_TEXT,False,auto: law_or_decree_text de alta confianza
5. (3).txt,d3afa758d1f716181242a8f02fa33f91,02bee0dff57058e6d20b8b4f57f2f444a43e5455da8b7df4dbde6a6b230e2511,3367,3302,539,Otras Entidades,MEDIUM,INSTITUTION_HEADER,Providencia,,2022.0,5.0,2022-05-03,HIGH,HEADER_EXPLICIT_DATE,866,False,DOC_0866,EXCLUIR,auto: law_or_decree_text de alta confianza,LAW_OR_DECREE_TEXT,False,auto: law_or_decree_text de alta confianza
1.record_0 (468).txt,d3c2abfc3adbec384b71614ec7b1aff6,da3a2ad1ef44bf92fa863f299c8855612103211659126bbc9f1e94a24eeecfe1,417169,407609,63820,Otras Entidades,LOW,FALLBACK,Providencia,,2010.0,8.0,2010-08-30,HIGH,HEADER_EXPLICIT_DATE,867,False,DOC_0867,EXCLUIR,auto: providencia judicial pero no es alta corte (Gate 0.3),JUDICIAL,False,auto: providencia judicial pero no es alta corte (Gate 0.3)
1.record_0 (95).txt,d3f4cc4e7248dd918d4dafd7486248e2,3c667b12a6587b45ff95187c0e19b43b7ca9a87a4e401c7d05fdb0e2b2a59cce,102877,100653,15567,Corte Constitucional,HIGH,OFFICIAL_HEADER_NUMBER,Auto de Sala Plena/Seguimiento,Auto-333/15,2015.0,,,HIGH,SENTENCE_IDENTIFIER,868,False,DOC_0868,INCLUIR,auto: marcador judicial de alta confianza + alta corte,JUDICIAL,True,
2. record_0 (501).txt,d4600616dff250934bf1216d92821c75,f712b1c13dbd47ed88d649ebfdfee614339a8c96a2d5f6d84ce9d06c8df04ebd,168035,164316,25639,Corte Constitucional,HIGH,OFFICIAL_HEADER_NUMBER,Sentencia de Tutela,T-387/20,2020.0,3.0,2020-03-21,HIGH,SENTENCE_IDENTIFIER,869,False,DOC_0869,INCLUIR,auto: marcador judicial de alta confianza + alta corte,JUDICIAL,True,
3.record_0 (967).txt,d4872d777ced5a33c3ec6ee2003a7d9a,a1202acb5d465b5d2e60e2effcafde21783e6af7ea692161d43ab760d1f2d528,58369,57171,9103,Otras Entidades,MEDIUM,INSTITUTION_HEADER,Providencia,,,,,LOW,NONE,870,False,DOC_0870,EXCLUIR,auto: providencia judicial pero no es alta corte (Gate 0.3),JUDICIAL,False,auto: providencia judicial pero no es alta corte (Gate 0.3)
2. record_0 (1304).txt,d4e063e1179ce02735f9cd845775c19f,fda8f3691f01a776c994ec67909570b14b6503fba0244e1acbf299d06f455ea7,622109,608621,97302,Otras Entidades,LOW,FALLBACK,Providencia,,2018.0,11.0,2018-11-28,HIGH,HEADER_EXPLICIT_DATE,871,False,DOC_0871,EXCLUIR,auto: providencia judicial pero no es alta corte (Gate 0.3),JUDICIAL,False,auto: providencia judicial pero no es alta corte (Gate 0.3)
2. record_0 (1298).txt,d4f46787fa22680dde6271817572287e,dacad8331635a140e782b12c6611a799b06a825d5cb75d68358635ecdf239122,632248,619351,92453,Otras Entidades,MEDIUM,INSTITUTION_HEADER,Providencia,,2013.0,9.0,2013-09-27,HIGH,HEADER_EXPLICIT_DATE,872,False,DOC_0872,EXCLUIR,auto: law_or_decree_text de alta confianza,LAW_OR_DECREE_TEXT,False,auto: law_or_decree_text de alta confianza
3.record_0 (432).txt,d50b2cdf38c02730af61428324bf05e7,b96e4e8c0eeb578e39e222794b37f2dc831e8a4c1531645f9c3534b42e656e39,81857,80093,12804,Otras Entidades,MEDIUM,INSTITUTION_HEADER,Providencia,,2013.0,6.0,2013-06-17,HIGH,HEADER_EXPLICIT_DATE,873,False,DOC_0873,EXCLUIR,auto: providencia judicial pero no es alta corte (Gate 0.3),JUDICIAL,False,auto: providencia judicial pero no es alta corte (Gate 0.3)
3.record_0 (1538).txt,d51098e3fb0c154bd373096b9f852487,1b4d351002ca108d2cd8362f5833463ff67eb2eb42df3cf7b1c3a9e82524e186,312806,305910,48371,Corte Constitucional,HIGH,OFFICIAL_HEADER_NUMBER,Sentencia de Tutela,T-351/21,2021.0,7.0,2021-07-31,HIGH,SENTENCE_IDENTIFIER,874,False,DOC_0874,INCLUIR,auto: marcador judicial de alta confianza + alta corte,JUDICIAL,True,
1.record_0 (283).txt,d5507126adfcffef2e08d5194cc34661,caf7862f257384a337b931a8725624c52f99b5950ab7f395d18a7248243ce32e,135862,133470,20450,Corte Suprema de Justicia,HIGH,INSTITUTION_HEADER,Providencia,,2017.0,7.0,2017-07-21,HIGH,HEADER_EXPLICIT_DATE,875,False,DOC_0875,INCLUIR,auto: marcador judicial de alta confianza + alta corte,JUDICIAL,True,
2. record_0 (111).txt,d56b5b101c0c55767f1b51c0a6f056d8,cb916f2560c85cb18315270225b83af1f3de827eabf741ff3a6eb4a1df89b540,7185,7038,1053,Corte Constitucional,MEDIUM,TEXT_MENTION_HEADER,Providencia,,2006.0,,,MEDIUM,HEADER_FIRST_YEAR,876,False,DOC_0876,EXCLUIR,auto: academic_article de alta confianza,ACADEMIC_ARTICLE,False,auto: academic_article de alta confianza
3.record_0 (1550).txt,d59aaef98dc121b5a70f86e1486d5e51,16f2537c2d68045c1347f72bc2a553b0c4008061301193bd31991fdc094afd07,180461,176570,27255,Corte Constitucional,HIGH,OFFICIAL_HEADER_NUMBER,Sentencia de Tutela,T-245/22,2022.0,7.0,2022-07-01,HIGH,SENTENCE_IDENTIFIER,877,False,DOC_0877,INCLUIR,auto: marcador judicial de alta confianza + alta corte,JUDICIAL,True,
6.record_0 (111).txt,d5b8d2768e3accfe3b6e41d103d27b51,42a19d39ec1a6f1fdd9acc7702802eab1f1b2bcb3cd969dbcc4f0f78874a8035,102883,101138,14695,Otras Entidades,MEDIUM,INSTITUTION_HEADER,Providencia,,2023.0,,,MEDIUM,HEADER_FIRST_YEAR,878,False,DOC_0878,EXCLUIR,auto: law_or_decree_text de alta confianza,LAW_OR_DECREE_TEXT,False,auto: law_or_decree_text de alta confianza
2. record_0 (147).txt,d5b9f8cd7fd45a137b52026d7440e73a,c840636bc9873e6c18d7b53b911862c54c676f8c76d32d9f42525a491617e209,18374,17889,2850,Otras Entidades,MEDIUM,INSTITUTION_HEADER,Providencia,,2024.0,1.0,2024-01-15,HIGH,HEADER_EXPLICIT_DATE,879,False,DOC_0879,EXCLUIR,auto: providencia judicial pero no es alta corte (Gate 0.3),JUDICIAL,False,auto: providencia judicial pero no es alta corte (Gate 0.3)
3.record_0 (954).txt,d5ffcc89b924c3f18ca63a5183c20726,364fa5ba770db5e0e72ca7c6427bfe1eb14cfcbad58c69ffc01369ed1daa5a96,53229,52261,8150,Otras Entidades,LOW,FALLBACK,Providencia,,2021.0,,,MEDIUM,HEADER_FIRST_YEAR,880,False,DOC_0880,EXCLUIR,auto: academic_article de alta confianza,ACADEMIC_ARTICLE,False,auto: academic_article de alta confianza
3.record_0 (1979).txt,d60ddad84d99babffe5ece3b179414db,47845860e4fcc4444dd4691ddd5be56a9403265928d19ff00a04876517e9b5f6,2504075,2451749,361712,Otras Entidades,LOW,FALLBACK,Providencia,,2015.0,,,MEDIUM,HEADER_FIRST_YEAR,881,False,DOC_0881,EXCLUIR,auto: law_or_decree_text de alta confianza,LAW_OR_DECREE_TEXT,False,auto: law_or_decree_text de alta confianza
2. record_0 (17).txt,d64a8c2627843e86ba13b7628de1e493,3bdcbcf7b22524d8f8c6eff5c279a4b29d0ddef4d504509bca056838a6ce8c92,64693,63622,9141,Otras Entidades,LOW,FALLBACK,Providencia,,2021.0,,,MEDIUM,HEADER_FIRST_YEAR,882,False,DOC_0882,EXCLUIR,auto: academic_article de alta confianza,ACADEMIC_ARTICLE,False,auto: academic_article de alta confianza
1.record_0 (195).txt,d687f02963a7d44fc078c14e9b4c318d,a3726fd53730db10a1cf790788485cef73da54481f100762e7abbf9914012ae0,61709,60474,9725,Corte Suprema de Justicia,HIGH,INSTITUTION_HEADER,Sentencia Casación SP,SP-1167/2022,2022.0,10.0,2022-10-31,HIGH,SENTENCE_IDENTIFIER,883,False,DOC_0883,INCLUIR,auto: marcador judicial de alta confianza + alta corte,JUDICIAL,True,
2. record_0 (325).txt,d6d222ddce0d923960a0a0c7cf69a8b1,1a466c4ebede1c165e51ec3e86f92920e6fffb34f414279a4c8100d3254bcc88,31069,30436,4633,Corte Constitucional,MEDIUM,TEXT_MENTION_HEADER,Providencia,,2019.0,10.0,2019-10-15,HIGH,HEADER_EXPLICIT_DATE,884,False,DOC_0884,INCLUIR,auto: marcador judicial de alta confianza + alta corte,JUDICIAL,True,
1.record_0 (85).txt,d6d7a0b0f035003271cf140ed87f4f1e,998b9b365ec12c85551ae337dedf46d4dd9aeb477f0dbec24576100913517b0f,29148,28708,4462,Otras Entidades,LOW,FALLBACK,Providencia,,2012.0,11.0,2012-11-01,HIGH,HEADER_EXPLICIT_DATE,885,False,DOC_0885,EXCLUIR,auto: academic_article de alta confianza,ACADEMIC_ARTICLE,False,auto: academic_article de alta confianza
3.record_0 (1703).txt,d73d3e8480b35f20d141501cb0affda8,31ae20139bdb771f8d777539942065077a4463fefb95b11edfb872f72d564453,277779,271828,42028,Corte Constitucional,HIGH,OFFICIAL_HEADER_NUMBER,Sentencia de Constitucionalidad,C-418/20,2020.0,5.0,2020-05-06,HIGH,SENTENCE_IDENTIFIER,886,False,DOC_0886,INCLUIR,auto: marcador judicial de alta confianza + alta corte,JUDICIAL,True,
3.record_0 (547).txt,d88c972dcc853f3f54e7165055fd21ee,9fe776c21587f62060974ba17e7f61a8be609c2773cbc55565395c07222527e2,50256,49346,8032,Otras Entidades,LOW,FALLBACK,Providencia,,2022.0,4.0,2022-04-05,HIGH,HEADER_EXPLICIT_DATE,887,False,DOC_0887,EXCLUIR,auto: providencia judicial pero no es alta corte (Gate 0.3),JUDICIAL,False,auto: providencia judicial pero no es alta corte (Gate 0.3)
3.record_0 (656).txt,d90a9df360cadcdf5a781bc11dde81fb,ee4579ae0945425a514962d832e95b40fa2188f44178c79b715ceeea0786d3d7,64605,63178,9723,Corte Constitucional,MEDIUM,TEXT_MENTION_HEADER,Providencia,,2021.0,8.0,2021-08-05,HIGH,HEADER_EXPLICIT_DATE,888,False,DOC_0888,INCLUIR,auto: marcador judicial de alta confianza + alta corte,JUDICIAL,True,
3.record_0 (1202).txt,d91b3252419768dc74d94b4c4e939c91,2d96f11aee2d01a1b77e24f95c226985f00300c2f68cccd27ae2c3f9bad2323b,84142,82243,13576,Otras Entidades,LOW,FALLBACK,Providencia,,2020.0,11.0,2020-11-20,HIGH,HEADER_EXPLICIT_DATE,889,False,DOC_0889,EXCLUIR,auto: providencia judicial pero no es alta corte (Gate 0.3),JUDICIAL,False,auto: providencia judicial pero no es alta corte (Gate 0.3)
2. record_0 (232).txt,d9b89aa5a33918c214dc05d492299e85,db7bed4bbabff569e232b922a42189848b097e3368ad4259593ef7c2685e8504,64753,63427,10174,Otras Entidades,MEDIUM,INSTITUTION_HEADER,Providencia,,2019.0,5.0,2019-05-08,HIGH,HEADER_EXPLICIT_DATE,890,False,DOC_0890,EXCLUIR,auto: providencia judicial pero no es alta corte (Gate 0.3),JUDICIAL,False,auto: providencia judicial pero no es alta corte (Gate 0.3)
2. record_0 (833).txt,d9e6dd14ff90a1c9f5024e25b030dbdd,a6d1e2b449aea5f3a286312d6a4724ded55fdc2e7bc27aa5e52dd1f4d3649118,129598,127050,20324,Consejo de Estado,HIGH,INSTITUTION_HEADER,Sentencia Contencioso Administrativa,,2010.0,10.0,2010-10-12,HIGH,HEADER_EXPLICIT_DATE,891,False,DOC_0891,INCLUIR,auto: marcador judicial de alta confianza + alta corte,JUDICIAL,True,
2. record_0 (382).txt,da19f6deb7ca41c254087b5523a80504,67665d4da0c3766d9ed5e50d2f8d41b32dd9b2639e3f2225e91aae45228eeb23,40590,39715,6427,Otras Entidades,MEDIUM,INSTITUTION_HEADER,Providencia,,2018.0,3.0,2018-03-22,HIGH,HEADER_EXPLICIT_DATE,892,False,DOC_0892,EXCLUIR,auto: providencia judicial pero no es alta corte (Gate 0.3),JUDICIAL,False,auto: providencia judicial pero no es alta corte (Gate 0.3)
3.record_0 (1762).txt,da23503965afe07727a62533bc1d1d1b,5b58c7bd0e25d7f8c63d9bc04a76221c788d2c621144b6621943c0d733053670,334453,328122,50438,Corte Constitucional,HIGH,OFFICIAL_HEADER_NUMBER,Sentencia de Constitucionalidad,C-041/17,2017.0,,,HIGH,SENTENCE_IDENTIFIER,893,False,DOC_0893,INCLUIR,auto: marcador judicial de alta confianza + alta corte,JUDICIAL,True,
3.record_0 (1348).txt,da66604ec7157fe8efaf3a8245936c50,339ecc7df60e92f959b07bceae1aa6a2211aef9588049d11dfcd2d8c42e53a1d,229940,225275,36092,Corte Constitucional,MEDIUM,TEXT_MENTION_HEADER,Providencia,,2022.0,3.0,2022-03-07,HIGH,HEADER_EXPLICIT_DATE,894,False,DOC_0894,INCLUIR,auto: marcador judicial de alta confianza + alta corte,JUDICIAL,True,
3.record_0 (1173).txt,da6669b993b929bda5b3d96d007eb7fe,90aeea8aca85b223d310c0d21dfc8aa28ce9f389e4695de0fe2209517e9a953c,109619,108273,11668,Otras Entidades,LOW,FALLBACK,Providencia,,2022.0,,,MEDIUM,HEADER_FIRST_YEAR,895,False,DOC_0895,EXCLUIR,auto: academic_article de alta confianza,ACADEMIC_ARTICLE,False,auto: academic_article de alta confianza
3.record_0 (701).txt,dbce2da9194c1a44154ca85151e2ab48,b29df4856c3991c0050840d8148ee2f98cb30ea848fe3c1f60cb0bc55822912d,35343,34476,5551,Otras Entidades,LOW,FALLBACK,Providencia,,2023.0,11.0,2023-11-14,HIGH,HEADER_EXPLICIT_DATE,896,False,DOC_0896,EXCLUIR,auto: providencia judicial pero no es alta corte (Gate 0.3),JUDICIAL,False,auto: providencia judicial pero no es alta corte (Gate 0.3)
1.record_0 (77).txt,dc2dcd14dea7037b72ee3a520a4d6053,140c4b83900c984cd80ac503aaaf221f62452929c60dc8bc2c82d57c4230900f,27773,27211,4308,Otras Entidades,MEDIUM,INSTITUTION_HEADER,Providencia,,2022.0,6.0,2022-06-10,HIGH,HEADER_EXPLICIT_DATE,897,False,DOC_0897,EXCLUIR,auto: providencia judicial pero no es alta corte (Gate 0.3),JUDICIAL,False,auto: providencia judicial pero no es alta corte (Gate 0.3)
3.record_0 (600).txt,dc4236637bb44320e856f917a9ebb3a0,1a2d148c01505dd79879d5c35dba270896a0f44b27f8821fb7e396ef2ae2d4a3,28748,28115,4456,Corte Constitucional,MEDIUM,TEXT_MENTION_HEADER,Providencia,,2024.0,,,MEDIUM,HEADER_FIRST_YEAR,898,False,DOC_0898,INCLUIR,auto: marcador judicial de alta confianza + alta corte,JUDICIAL,True,
3.record_0 (1181).txt,dc5f8568f98b398c31db9e789003e29d,2a0b26b20a175ed1f6e274d966811da757e8207561aa7c8df92ee1bc5d71802d,85660,83808,12992,Corte Constitucional,HIGH,OFFICIAL_HEADER_NUMBER,Auto de Sala Plena/Seguimiento,Auto-1907/22,2022.0,8.0,2022-08-16,HIGH,SENTENCE_IDENTIFIER,899,False,DOC_0899,INCLUIR,auto: marcador judicial de alta confianza + alta corte,JUDICIAL,True,
3.record_0 (1199).txt,dc740ac33df84dc256b874b25475495d,fd8d1f933da6cfad0b2affb22a39a2491212564f757f1116f6fe92fcae81399a,90767,89003,14410,Otras Entidades,MEDIUM,INSTITUTION_HEADER,Providencia,,2017.0,11.0,2017-11-21,HIGH,HEADER_EXPLICIT_DATE,900,False,DOC_0900,EXCLUIR,auto: providencia judicial pero no es alta corte (Gate 0.3),JUDICIAL,False,auto: providencia judicial pero no es alta corte (Gate 0.3)
2. record_0 (293).txt,dcd7f6084299a5565db51c0859af6b85,059c5356b65827ca8ae4002a507bb7505af1bfddd057dbd3d3ab783666654795,89320,87398,13817,Otras Entidades,MEDIUM,INSTITUTION_HEADER,Providencia,,,,,LOW,NONE,901,False,DOC_0901,EXCLUIR,auto: providencia judicial pero no es alta corte (Gate 0.3),JUDICIAL,False,auto: providencia judicial pero no es alta corte (Gate 0.3)
2. record_0 (1192).txt,dcefedbbc8db582134597b0f788cd67a,b7d24d818d73521e8f8d662e5074ec00d8522f2a0d3e0432f7076f17e2f7c84d,274617,268101,42121,Corte Constitucional,HIGH,OFFICIAL_HEADER_NUMBER,Sentencia de Tutela,T-275/21,2021.0,1.0,2021-01-07,HIGH,SENTENCE_IDENTIFIER,902,False,DOC_0902,INCLUIR,auto: marcador judicial de alta confianza + alta corte,JUDICIAL,True,
2. record_0 (188).txt,dd0e3e2467fa39565513acb236f70d1a,96abe358c46744b66738d73b06a0e75e90bb5138bf9172eee751ea218eb924b9,128901,126673,17954,Otras Entidades,MEDIUM,INSTITUTION_HEADER,Providencia,,,,,LOW,NONE,903,False,DOC_0903,EXCLUIR,auto: providencia judicial pero no es alta corte (Gate 0.3),JUDICIAL,False,auto: providencia judicial pero no es alta corte (Gate 0.3)
2. record_0 (203).txt,dd3145a7e70694c3a0eefe8cf6d13786,66e339566fc53563565b2b95da6d871413493e73a2eca43942fb951e01a3a4c0,23760,23265,3663,Otras Entidades,MEDIUM,INSTITUTION_HEADER,Providencia,,2013.0,9.0,2013-09-18,HIGH,HEADER_EXPLICIT_DATE,904,False,DOC_0904,EXCLUIR,auto: providencia judicial pero no es alta corte (Gate 0.3),JUDICIAL,False,auto: providencia judicial pero no es alta corte (Gate 0.3)
3.record_0 (679).txt,de275dfc0270b7b2a8f917a349b1d98d,a1f7543de6162d6113904963dfc85e50a7817c88a253a6d12232983459aabf7f,32445,31824,5001,Consejo de Estado,HIGH,INSTITUTION_HEADER,Sentencia Contencioso Administrativa,,2014.0,2.0,2014-02-26,HIGH,HEADER_EXPLICIT_DATE,905,False,DOC_0905,INCLUIR,auto: marcador judicial de alta confianza + alta corte,JUDICIAL,True,
3.record_0 (911).txt,de301d620f8c57a3be4da856a26ba4d5,1f08583cf47519ee9c2ef2686121bc5f76ad95f450bd7ebf06c1f4eec15deac9,51969,50885,8230,Otras Entidades,MEDIUM,INSTITUTION_HEADER,Providencia,,2017.0,8.0,2017-08-24,HIGH,HEADER_EXPLICIT_DATE,906,False,DOC_0906,EXCLUIR,auto: providencia judicial pero no es alta corte (Gate 0.3),JUDICIAL,False,auto: providencia judicial pero no es alta corte (Gate 0.3)
3.record_0 (685).txt,de3c8eace1a5f59bd8f6313a6c6e54f1,8eaf066535165a43eaf31f4ef7025e220812630c831d66969e35df3af9ddb1ec,33599,32796,5344,Otras Entidades,MEDIUM,INSTITUTION_HEADER,Providencia,,2020.0,3.0,2020-03-18,HIGH,HEADER_EXPLICIT_DATE,907,False,DOC_0907,EXCLUIR,auto: law_or_decree_text de alta confianza,LAW_OR_DECREE_TEXT,False,auto: law_or_decree_text de alta confianza
3.record_0 (286).txt,de87432958c36ffb2653a01ee9804929,7452fa70d2c9e58b94c02edeb4e3a73715026e479bf31a3d7f562e692ba95364,129905,126672,19730,Otras Entidades,MEDIUM,INSTITUTION_HEADER,Providencia,,2015.0,2.0,2015-02-18,HIGH,HEADER_EXPLICIT_DATE,908,False,DOC_0908,EXCLUIR,auto: providencia judicial pero no es alta corte (Gate 0.3),JUDICIAL,False,auto: providencia judicial pero no es alta corte (Gate 0.3)
3.record_0 (1206).txt,deaa12e50db05512f046892c6888056a,afb95fc3b419523a5fc887a58257409ec2e0fbb06363f4b2ac9afe3f6c28e5d8,84438,82633,12728,Corte Constitucional,HIGH,OFFICIAL_HEADER_NUMBER,Auto de Sala Plena/Seguimiento,Auto-903/22,2022.0,3.0,2022-03-12,HIGH,SENTENCE_IDENTIFIER,909,False,DOC_0909,INCLUIR,auto: marcador judicial de alta confianza + alta corte,JUDICIAL,True,
2. record_0 (469).txt,decf1447b3c6b5e4858a700b159adb97,cf86993b0ad72cfa35e3f35e9e6c15ea35943ef87d8b0a7799c36e2e9a39b2e6,145626,142538,23164,Corte Constitucional,MEDIUM,TEXT_MENTION_HEADER,Providencia,,2021.0,11.0,2021-11-08,HIGH,HEADER_EXPLICIT_DATE,910,False,DOC_0910,INCLUIR,auto: marcador judicial de alta confianza + alta corte,JUDICIAL,True,
1.record_0 (99).txt,df067261c1bde41c48ed8a5c98d9f24c,8922b536bb65696a9a2dfd0e461bb9acbf0f79f756f477355c3c94fe39fe4448,134695,132252,20339,Otras Entidades,MEDIUM,INSTITUTION_HEADER,Providencia,,2013.0,,,MEDIUM,HEADER_FIRST_YEAR,911,False,DOC_0911,EXCLUIR,auto: law_or_decree_text de alta confianza,LAW_OR_DECREE_TEXT,False,auto: law_or_decree_text de alta confianza
3.record_0 (457).txt,df08ddd55fb10a9f01ffaf8eea641474,7154ede8873d768704b6e6ca7640bc75ee07ed7aef00e3e480de6fabbfd5149b,37487,36648,5886,Otras Entidades,MEDIUM,INSTITUTION_HEADER,Providencia,,2019.0,3.0,2019-03-20,HIGH,HEADER_EXPLICIT_DATE,912,False,DOC_0912,EXCLUIR,auto: providencia judicial pero no es alta corte (Gate 0.3),JUDICIAL,False,auto: providencia judicial pero no es alta corte (Gate 0.3)
1.record_0 (148).txt,df5a5d113b39a2dfb0712405b1796720,69d6b1be47a8d48002a8e0fa933a4a7965698788d52323e89dfe27b32a4196bf,49364,48497,7527,Otras Entidades,MEDIUM,INSTITUTION_HEADER,Providencia,,2017.0,2.0,2017-02-28,HIGH,HEADER_EXPLICIT_DATE,913,False,DOC_0913,EXCLUIR,auto: providencia judicial pero no es alta corte (Gate 0.3),JUDICIAL,False,auto: providencia judicial pero no es alta corte (Gate 0.3)
2. record_0 (902).txt,dffedb26b65b1f6e26910bc380642f9f,5d3bd6c073c995d0de1c7f1db1639bac879ef9280aaa137a5d4c32d813e233ae,131281,128461,20490,Corte Constitucional,HIGH,OFFICIAL_HEADER_NUMBER,Sentencia de Tutela,T-419/19,2019.0,1.0,2019-01-18,HIGH,SENTENCE_IDENTIFIER,914,False,DOC_0914,INCLUIR,auto: marcador judicial de alta confianza + alta corte,JUDICIAL,True,
3.record_0 (313).txt,e0265761fea35db16a3738a2a5d68793,51932c4f44c6da5c79c78c2c5ea322fa40d4b92fc09771c453ee668152fd6316,33341,32676,5220,Otras Entidades,MEDIUM,INSTITUTION_HEADER,Providencia,,2017.0,4.0,2017-04-25,HIGH,HEADER_EXPLICIT_DATE,915,False,DOC_0915,EXCLUIR,auto: providencia judicial pero no es alta corte (Gate 0.3),JUDICIAL,False,auto: providencia judicial pero no es alta corte (Gate 0.3)
2. record_0 (1098).txt,e0337bf8c1fe67865f100a4ae007a161,533840d8688993f3733ff40be76af0206f1484f08297bb7d6d43edc0701e7664,216545,212463,33706,Corte Constitucional,HIGH,OFFICIAL_HEADER_NUMBER,Sentencia de Unificación,SU-201/21,2021.0,3.0,2021-03-17,HIGH,SENTENCE_IDENTIFIER,916,False,DOC_0916,INCLUIR,auto: marcador judicial de alta confianza + alta corte,JUDICIAL,True,
1.record_0 (154).txt,e0409122958c129ec73b607cdbd85884,30857e48f0ba04454e147def69c45e1253b0d4c49838a7b7fa68d2285fc4f134,211021,206644,32589,Corte Constitucional,HIGH,OFFICIAL_HEADER_NUMBER,Sentencia de Tutela,T-878/14,2014.0,6.0,2014-06-03,HIGH,SENTENCE_IDENTIFIER,917,False,DOC_0917,INCLUIR,auto: marcador judicial de alta confianza + alta corte,JUDICIAL,True,
3.record_0 (589).txt,e08f4197f42bbc1a445cc26b861c7b36,7fbdcda9dfa20bc40b4b215af25b5e16f0b4dc383c9f5822a6d2dfb478a604e7,27205,26529,4085,Corte Suprema de Justicia,HIGH,INSTITUTION_HEADER,Sentencia Casación STC,STC-366/2020,2020.0,10.0,2020-10-22,HIGH,SENTENCE_IDENTIFIER,918,False,DOC_0918,INCLUIR,auto: marcador judicial de alta confianza + alta corte,JUDICIAL,True,
1.record_0 (114).txt,e0a9163888cef73532496215ceed2e03,a360e51a8106757454b2392268846ce7dc93e127aaaf7fa20a031931567fe7c4,159481,156559,25047,Corte Constitucional,MEDIUM,TEXT_MENTION_HEADER,Providencia,,2022.0,11.0,2022-11-25,HIGH,HEADER_EXPLICIT_DATE,919,False,DOC_0919,INCLUIR,auto: marcador judicial de alta confianza + alta corte,JUDICIAL,True,
2. record_0 (304).txt,e0bde90a5eafcef48d1dda48f2043429,48630b618bf92934175858f50ae2196a11cd741115b275b619284d7bbf33928e,29654,29147,4394,Corte Constitucional,HIGH,OFFICIAL_HEADER_NUMBER,Auto de Sala Plena/Seguimiento,Auto-382/22,2022.0,1.0,2022-01-27,HIGH,SENTENCE_IDENTIFIER,920,False,DOC_0920,INCLUIR,auto: marcador judicial de alta confianza + alta corte,JUDICIAL,True,
2. record_0 (67).txt,e0c3ad05d5cb95dce096c994f08e67d0,f408686e3354829e8ac934457b64512f5833259947d886ce2cc92abce05fa66c,15863,15612,2370,Otras Entidades,LOW,FALLBACK,Providencia,,2016.0,11.0,2016-11-24,HIGH,HEADER_EXPLICIT_DATE,921,False,DOC_0921,EXCLUIR,auto: academic_article de alta confianza,ACADEMIC_ARTICLE,False,auto: academic_article de alta confianza
2. record_0 (463).txt,e132eb8b8761d3a057050199b23e7ea6,9edb0a2b7a68096a46389bd3afed23d4b3b6018c743ccdbdb1dec140a050076b,92738,90529,14001,Corte Constitucional,HIGH,OFFICIAL_HEADER_NUMBER,Sentencia de Tutela,T-357/21,2021.0,7.0,2021-07-29,HIGH,SENTENCE_IDENTIFIER,922,False,DOC_0922,INCLUIR,auto: marcador judicial de alta confianza + alta corte,JUDICIAL,True,
2. record_0 (938).txt,e19ed3b8c30603e57ec27b2734527924,d2f1002bdcb17b443bb539d290cd848f7d4eb96b41fce6be3ce2badfa739b35a,132734,129951,20155,Otras Entidades,LOW,FALLBACK,Providencia,,2018.0,9.0,2018-09-25,HIGH,HEADER_EXPLICIT_DATE,923,False,DOC_0923,EXCLUIR,auto: providencia judicial pero no es alta corte (Gate 0.3),JUDICIAL,False,auto: providencia judicial pero no es alta corte (Gate 0.3)
1.record_0 (120).txt,e1a0165f31a00976916bce2999f87bbb,01d02fe85feaa69919b3510a9328983a83c9e3fba202c2b3701f90bba05ae697,38190,37299,5748,Otras Entidades,LOW,FALLBACK,Providencia,,2007.0,1.0,2007-01-25,HIGH,HEADER_EXPLICIT_DATE,924,False,DOC_0924,EXCLUIR,auto: law_or_decree_text de alta confianza,LAW_OR_DECREE_TEXT,False,auto: law_or_decree_text de alta confianza
3.record_0 (854).txt,e1e3ed2cf801978b77f4a5c9fcca38f4,c6da9b43d5611440b4707b9a2c0d9f1a2152c570172c5d73dab9a1301dbdc5b9,45499,44705,7259,Otras Entidades,MEDIUM,INSTITUTION_HEADER,Providencia,,2005.0,12.0,2005-12-23,HIGH,HEADER_EXPLICIT_DATE,925,False,DOC_0925,EXCLUIR,auto: providencia judicial pero no es alta corte (Gate 0.3),JUDICIAL,False,auto: providencia judicial pero no es alta corte (Gate 0.3)
3.record_0 (194).txt,e213cc105fbfc8aadde88910a36f7d3b,5d1037cdaf437ef2034cd275360705fbccc142449b7dc8536decae54f3a1d3ef,24940,24370,3653,Otras Entidades,LOW,FALLBACK,Providencia,,1979.0,12.0,1979-12-18,HIGH,HEADER_EXPLICIT_DATE,926,False,DOC_0926,EXCLUIR,auto: law_or_decree_text de alta confianza,LAW_OR_DECREE_TEXT,False,auto: law_or_decree_text de alta confianza
3.record_0 (249).txt,e2398b81c091fa59032310fb81e785c3,dc363f4d4bae7bae07e33d779eeaa6a24fef0ce5cb039d42edb98ea5160ddb2f,26520,25924,4100,Otras Entidades,MEDIUM,INSTITUTION_HEADER,Providencia,,2023.0,4.0,2023-04-28,HIGH,HEADER_EXPLICIT_DATE,927,False,DOC_0927,EXCLUIR,auto: providencia judicial pero no es alta corte (Gate 0.3),JUDICIAL,False,auto: providencia judicial pero no es alta corte (Gate 0.3)
2. record_0 (790).txt,e24878c50a27e19fe36c1a01c673b4fb,369040374dd3ab7a315807690aceb161a15b9d3b41e4d59bd410750160ec2ef1,119114,116737,18283,Otras Entidades,LOW,FALLBACK,Providencia,,2005.0,5.0,2005-05-12,HIGH,HEADER_EXPLICIT_DATE,928,False,DOC_0928,EXCLUIR,auto: law_or_decree_text de alta confianza,LAW_OR_DECREE_TEXT,False,auto: law_or_decree_text de alta confianza
3.record_0 (399).txt,e2e871447bf54f51f0e2e7c0aa8aa2b7,a23d46fc80d2fb6c78a32c4d75afeafe3a0c97106fc602a27a69c6b0ac42f249,17663,17301,2810,Consejo de Estado,HIGH,INSTITUTION_HEADER,Sentencia Contencioso Administrativa,,2016.0,8.0,2016-08-05,HIGH,HEADER_EXPLICIT_DATE,929,False,DOC_0929,INCLUIR,auto: marcador judicial de alta confianza + alta corte,JUDICIAL,True,
3.record_0 (1752).txt,e3e4a7269c5e346e9942b7b6515bf46b,d73c01125d4e387165af086ee6b4aa083c721aa7a676cabe0670da4e08708db4,434547,424943,63144,Corte Constitucional,MEDIUM,TEXT_MENTION_HEADER,Providencia,,2007.0,,,MEDIUM,HEADER_FIRST_YEAR,930,False,DOC_0930,EXCLUIR,auto: law_or_decree_text de alta confianza,LAW_OR_DECREE_TEXT,False,auto: law_or_decree_text de alta confianza
2. record_0 (958).txt,e409e727efdaf54c0ff13a14ca63a4cc,adc23586f61f58a9584445a54bfcacfe37341c89f33d30e0ed4780a042c3f7b5,163874,160349,25348,Corte Constitucional,HIGH,OFFICIAL_HEADER_NUMBER,Sentencia de Unificación,SU-080/20,2020.0,2.0,2020-02-14,HIGH,SENTENCE_IDENTIFIER,931,False,DOC_0931,INCLUIR,auto: marcador judicial de alta confianza + alta corte,JUDICIAL,True,
3.record_0 (1203).txt,e45bfcd54481066091b2d7d42b04bce5,5bab4eb1811e346ab0b3d562a1b8fe256a038e1b7c39a7bf298f0c44008975cd,159643,156453,24290,Corte Suprema de Justicia,HIGH,INSTITUTION_HEADER,Providencia,,2020.0,9.0,2020-09-22,HIGH,HEADER_EXPLICIT_DATE,932,False,DOC_0932,INCLUIR,auto: marcador judicial de alta confianza + alta corte,JUDICIAL,True,
3.record_0 (1117).txt,e4c4f29a9ae330fd37c91838bcbb6f4d,83dfac12ab630958e248466903ef1a8587a4220fb2c3ff1c3b8b0f7db7c0b610,74771,73306,11364,Corte Suprema de Justicia,HIGH,INSTITUTION_HEADER,Providencia,,2020.0,9.0,2020-09-22,HIGH,HEADER_EXPLICIT_DATE,933,False,DOC_0933,INCLUIR,auto: marcador judicial de alta confianza + alta corte,JUDICIAL,True,
3.record_0 (1015).txt,e4d97a015824ac6e6cd3db79e34d757b,086cd355c4c45d9c52ab41b6688255eb62ad10789f98520750b5425f3818be3b,63784,62775,9814,Corte Constitucional,MEDIUM,TEXT_MENTION_HEADER,Providencia,,2017.0,,,MEDIUM,HEADER_FIRST_YEAR,934,False,DOC_0934,INCLUIR,auto: marcador judicial de alta confianza + alta corte,JUDICIAL,True,
3.record_0 (130).txt,e55d92318f995a1ff9aa08453819d99c,3e05fe680e8eaae7c930749af51d511a4d3f87d04b3867747cf2afa6a46b171a,43575,42649,6543,Corte Constitucional,MEDIUM,TEXT_MENTION_HEADER,Providencia,,2019.0,2.0,2019-02-19,HIGH,HEADER_EXPLICIT_DATE,935,False,DOC_0935,INCLUIR,auto: marcador judicial de alta confianza + alta corte,JUDICIAL,True,
3.record_0 (1410).txt,e563f073d86df452bcc790e3a6c26b5b,ec44c5a5ebe5723193083f23852986b1e97a584c1c5b9bbe0850e1b365579061,131825,128864,19662,Corte Constitucional,MEDIUM,TEXT_MENTION_HEADER,Providencia,,2022.0,7.0,2022-07-01,HIGH,HEADER_EXPLICIT_DATE,936,False,DOC_0936,INCLUIR,auto: marcador judicial de alta confianza + alta corte,JUDICIAL,True,
3.record_0 (628).txt,e58de295eb371dd75eae90f812762c5f,39b3f96d598db410c177c04e51944991af2fd2811b3454e6c32c43fac4bdf5c0,31511,30905,4908,Otras Entidades,LOW,FALLBACK,Providencia,,2016.0,11.0,2016-11-25,HIGH,HEADER_EXPLICIT_DATE,937,False,DOC_0937,EXCLUIR,auto: providencia judicial pero no es alta corte (Gate 0.3),JUDICIAL,False,auto: providencia judicial pero no es alta corte (Gate 0.3)
3.record_0 (1574).txt,e59e63d1af3b8059d77a9e5b88244ab5,b9718dce1da5e6629e2ecc6aa279727dcc8aae6f6260d9b17236f653f5a73b90,217802,213683,33553,Corte Constitucional,HIGH,OFFICIAL_HEADER_NUMBER,Sentencia de Constitucionalidad,C-091/17,2017.0,12.0,2017-12-01,HIGH,SENTENCE_IDENTIFIER,938,False,DOC_0938,INCLUIR,auto: marcador judicial de alta confianza + alta corte,JUDICIAL,True,
2. record_0 (743).txt,e5a70f3bb016e7d759b99b7bad4894fd,a4774f7009b0b0bef72b14aa296622ffe389ab6b8626f948c84ac646ac5372f8,99873,97817,15255,Corte Constitucional,HIGH,OFFICIAL_HEADER_NUMBER,Auto de Sala Plena/Seguimiento,Auto-248/20,2020.0,4.0,2020-04-08,HIGH,SENTENCE_IDENTIFIER,939,False,DOC_0939,INCLUIR,auto: marcador judicial de alta confianza + alta corte,JUDICIAL,True,
1.record_0 (84).txt,e62309fbf99c64afe30acf067207bc44,8d19fad3a226de4643912d1a9aa15b934a3eacd5672ae054bc558dbb2b92de4b,102566,100387,15439,Otras Entidades,LOW,FALLBACK,Providencia,,2018.0,,,MEDIUM,HEADER_FIRST_YEAR,940,False,DOC_0940,EXCLUIR,auto: law_or_decree_text de alta confianza,LAW_OR_DECREE_TEXT,False,auto: law_or_decree_text de alta confianza
3.record_0 (376).txt,e68c2af9090dae82296ec874c48d17ae,75866ceb56f3ff78ac8e27e5627882a9473b952dbd08b8acfa2e6ee79a2004c4,52562,51569,8097,Corte Constitucional,MEDIUM,TEXT_MENTION_HEADER,Providencia,,2021.0,7.0,2021-07-19,HIGH,HEADER_EXPLICIT_DATE,941,False,DOC_0941,INCLUIR,auto: marcador judicial de alta confianza + alta corte,JUDICIAL,True,
3.record_0 (814).txt,e6c8accd303e4e2feeaa19252dae0ef9,1589f98b409d33dff4282d5a3ce45043c680068f177bb3367720764947d8414c,116457,113980,17684,Corte Constitucional,HIGH,OFFICIAL_HEADER_NUMBER,Auto de Sala Plena/Seguimiento,Auto-926/22,2022.0,9.0,2022-09-03,HIGH,SENTENCE_IDENTIFIER,942,False,DOC_0942,INCLUIR,auto: marcador judicial de alta confianza + alta corte,JUDICIAL,True,
3.record_0 (476).txt,e72ba844408e87bfbc3da20480c9756b,9ff1d6ccf30856e59502f59224462f38730f7c724ec9049e90325671ed6be758,23962,23533,3688,Otras Entidades,MEDIUM,INSTITUTION_HEADER,Providencia,,2015.0,3.0,2015-03-20,HIGH,HEADER_EXPLICIT_DATE,943,False,DOC_0943,EXCLUIR,auto: law_or_decree_text de alta confianza,LAW_OR_DECREE_TEXT,False,auto: law_or_decree_text de alta confianza
3.record_0 (614).txt,e7482de9122ce2a513d82be0ad870078,a92f0d7b7e11a9acf8b6d8f9f36796444b2199e9f61b0675c31ced3b2c939d40,102580,100102,15660,Corte Constitucional,HIGH,OFFICIAL_HEADER_NUMBER,Sentencia de Constitucionalidad,C-163/22,2022.0,9.0,2022-09-06,HIGH,SENTENCE_IDENTIFIER,944,False,DOC_0944,INCLUIR,auto: marcador judicial de alta confianza + alta corte,JUDICIAL,True,
2. record_0 (546).txt,e76097d88a440256114606e687f57845,ea8d90a81552e7df09d29616d6e31ff36a446f527f624e66066c77471437be7e,71281,69707,10930,Otras Entidades,MEDIUM,INSTITUTION_HEADER,Providencia,,2010.0,5.0,2010-05-21,HIGH,HEADER_EXPLICIT_DATE,945,False,DOC_0945,EXCLUIR,auto: providencia judicial pero no es alta corte (Gate 0.3),JUDICIAL,False,auto: providencia judicial pero no es alta corte (Gate 0.3)
2. record_0 (154).txt,e79a1d9a1170666cba164607813c5b3e,c943645940184561eca44540d9a822202cbfa10c74b7cf4e4f046b320dbbd97c,34293,33502,5189,Otras Entidades,LOW,FALLBACK,Providencia,,2019.0,7.0,2019-07-11,HIGH,HEADER_EXPLICIT_DATE,946,False,DOC_0946,EXCLUIR,auto: providencia judicial pero no es alta corte (Gate 0.3),JUDICIAL,False,auto: providencia judicial pero no es alta corte (Gate 0.3)
3.record_0 (641).txt,e7d941d1fddfd78f2f56198c862d533b,3ab396ece26b7357d8fc920be01e9eada82ddb1d7c525fdd3cf8dc5f227d0ef6,30553,29793,4757,Corte Suprema de Justicia,HIGH,INSTITUTION_HEADER,Sentencia Casación STC,STC-6840/2022,2022.0,3.0,2022-03-24,HIGH,SENTENCE_IDENTIFIER,947,False,DOC_0947,INCLUIR,auto: marcador judicial de alta confianza + alta corte,JUDICIAL,True,
1.record_0 (66).txt,e7ffa0c458694785fa542ca586140b74,0742727c040fc11be5a182ac5b76548f3720cd28a087f90f5d4429c82e9cfdbc,176799,173394,27692,Corte Constitucional,MEDIUM,TEXT_MENTION_HEADER,Providencia,,2022.0,3.0,2022-03-25,HIGH,HEADER_EXPLICIT_DATE,948,False,DOC_0948,INCLUIR,auto: marcador judicial de alta confianza + alta corte,JUDICIAL,True,
3.record_0 (461).txt,e88443753b678346a4c6a97f8b9c613c,c4289ce4ac23703690c04132f128ab3b6839f1f9779eb535e57d3d8aca8bd3b2,16956,16697,2494,Consejo de Estado,HIGH,INSTITUTION_HEADER,Sentencia Contencioso Administrativa,,2015.0,10.0,2015-10-20,HIGH,HEADER_EXPLICIT_DATE,949,False,DOC_0949,INCLUIR,auto: marcador judicial de alta confianza + alta corte,JUDICIAL,True,
3.record_0 (874).txt,e8a6b4a626e3a855e2fe60f0a8bad848,2d34ea4dfa0c33bfbea15a4a0ab25f1e2a913f1c5499ee6230b2619636175219,43273,42556,6594,Corte Constitucional,HIGH,OFFICIAL_HEADER_NUMBER,Auto de Sala Plena/Seguimiento,Auto-148/20,2020.0,,,HIGH,SENTENCE_IDENTIFIER,950,False,DOC_0950,INCLUIR,auto: marcador judicial de alta confianza + alta corte,JUDICIAL,True,
1.record_0 (422).txt,e8c5ae34c9c53a149320f30ed50afc09,253b244ef995d9b12a5d311a504767fd2935c7871899ed6615c4a352972280d2,480708,468231,74283,Otras Entidades,LOW,FALLBACK,Providencia,,2014.0,5.0,2014-05-19,HIGH,HEADER_EXPLICIT_DATE,951,False,DOC_0951,EXCLUIR,auto: providencia judicial pero no es alta corte (Gate 0.3),JUDICIAL,False,auto: providencia judicial pero no es alta corte (Gate 0.3)
3.record_0 (1007).txt,e8f92299fe82ff525b148ee1bea3d4d0,1fd289b6ca3e14ee3911f139502f5cc354f2012ab5c3784e628e8549ccfcaad4,61677,60406,9357,Otras Entidades,MEDIUM,INSTITUTION_HEADER,Providencia,,2018.0,6.0,2018-06-19,HIGH,HEADER_EXPLICIT_DATE,952,False,DOC_0952,EXCLUIR,auto: providencia judicial pero no es alta corte (Gate 0.3),JUDICIAL,False,auto: providencia judicial pero no es alta corte (Gate 0.3)
2. record_0 (383).txt,e9312b6ab8cbdc7764da5c1c68ece7f4,e1aa1c82f71161a01982132dae6463fb0e7de086895649fdbe66a927f4c7aec1,40855,40008,6437,Otras Entidades,MEDIUM,INSTITUTION_HEADER,Providencia,,2015.0,7.0,2015-07-16,HIGH,HEADER_EXPLICIT_DATE,953,False,DOC_0953,EXCLUIR,auto: providencia judicial pero no es alta corte (Gate 0.3),JUDICIAL,False,auto: providencia judicial pero no es alta corte (Gate 0.3)
1.record_0 (188).txt,e96de9d04752ded02d34d6d763a0d356,6c2855ae7d9ceab4e201a94904cafeb5f56f459ef8fc2adee1bc4d8324404bb6,134304,131433,19337,Otras Entidades,LOW,FALLBACK,Providencia,,2017.0,,,MEDIUM,HEADER_FIRST_YEAR,954,False,DOC_0954,EXCLUIR,auto: law_or_decree_text de alta confianza,LAW_OR_DECREE_TEXT,False,auto: law_or_decree_text de alta confianza
2. record_0 (143).txt,e9b865605e376225be5fe619373f870f,63a00fe8f6dd950e73ff6e50f6cd19e00856c02a1dcf409fb02f189e2ddf26a1,16412,16072,2435,Otras Entidades,MEDIUM,INSTITUTION_HEADER,Providencia,,2022.0,,,MEDIUM,HEADER_FIRST_YEAR,955,False,DOC_0955,EXCLUIR,auto: law_or_decree_text de alta confianza,LAW_OR_DECREE_TEXT,False,auto: law_or_decree_text de alta confianza
2. record_0 (121).txt,ea3ecc05296326b0fb871db39ca9fe9c,416bf39c77fca858fcc2a0d58b4a307973c4d8f3d2e9e7f96b7795f424940708,120378,117818,19351,Otras Entidades,MEDIUM,INSTITUTION_HEADER,Providencia,,2018.0,5.0,2018-05-30,HIGH,HEADER_EXPLICIT_DATE,956,False,DOC_0956,EXCLUIR,auto: providencia judicial pero no es alta corte (Gate 0.3),JUDICIAL,False,auto: providencia judicial pero no es alta corte (Gate 0.3)
2. record_0 (401).txt,ea441004d6d6c997aedd799f32a326a8,aa6c86b73090aa65bad293438d5bc3efa58c337864e813a6dae76a8e19ddd9fb,82610,81012,12918,Corte Constitucional,HIGH,OFFICIAL_HEADER_NUMBER,Sentencia de Tutela,T-372/20,2020.0,11.0,2020-11-28,HIGH,SENTENCE_IDENTIFIER,957,False,DOC_0957,INCLUIR,auto: marcador judicial de alta confianza + alta corte,JUDICIAL,True,
2. record_0 (269).txt,ea558fbb424f0676d18a7a15966ca6c1,a375530f6b63903578c7c2fc6d0725dd7776d64dca82b2248899df664a481907,28093,27414,4452,Otras Entidades,MEDIUM,INSTITUTION_HEADER,Providencia,,2012.0,7.0,2012-07-20,HIGH,HEADER_EXPLICIT_DATE,958,False,DOC_0958,EXCLUIR,auto: providencia judicial pero no es alta corte (Gate 0.3),JUDICIAL,False,auto: providencia judicial pero no es alta corte (Gate 0.3)
3.record_0 (289).txt,ea569a1ff77319f278cb3eaa3ce3c12f,b6b59041db78d13368e9511fa6233986c15b8c46e4f3cc7a2c68f9a67355a117,43319,42467,6925,Otras Entidades,MEDIUM,INSTITUTION_HEADER,Providencia,,2015.0,6.0,2015-06-24,HIGH,HEADER_EXPLICIT_DATE,959,False,DOC_0959,EXCLUIR,auto: providencia judicial pero no es alta corte (Gate 0.3),JUDICIAL,False,auto: providencia judicial pero no es alta corte (Gate 0.3)
3.record_0 (786).txt,ea5cd8542fa99183554417e56a4c7199,9ea2a01795f31b915cfff91203f6d9bd2f4ecabca2b6cb7bbf869b2389bde359,36044,35363,5591,Corte Constitucional,MEDIUM,TEXT_MENTION_HEADER,Providencia,,2023.0,8.0,2023-08-16,HIGH,HEADER_EXPLICIT_DATE,960,False,DOC_0960,INCLUIR,auto: marcador judicial de alta confianza + alta corte,JUDICIAL,True,
3.record_0 (1565).txt,eacbf72946958e06d63f3e7ffaf2a2fe,345d6ce2ee28a74c2d90dc044e0e4270c17c25d29d0cf0ebcbce4c6b06ed041c,418943,409974,61721,Corte Constitucional,MEDIUM,TEXT_MENTION_HEADER,Providencia,,2005.0,,,MEDIUM,HEADER_FIRST_YEAR,961,False,DOC_0961,INCLUIR,auto: marcador judicial de alta confianza + alta corte,JUDICIAL,True,
3.record_0 (1153).txt,eae14d1e72471424bfbe67ba96ecc671,77cf7e62ed33676daedcd610ee750190ed87f2887d237cb299d97d82fe4e7e09,143311,140422,21850,Corte Suprema de Justicia,HIGH,INSTITUTION_HEADER,Providencia,,2020.0,9.0,2020-09-22,HIGH,HEADER_EXPLICIT_DATE,962,False,DOC_0962,INCLUIR,auto: marcador judicial de alta confianza + alta corte,JUDICIAL,True,
2. record_0 (648).txt,eb4d2f802c0b3ad0750cba0f9960863b,5fe48f3228472037906c59f896a451ec3750eb9eee7fdb9e0a5a0b77f8b1b685,91815,89612,14742,Otras Entidades,MEDIUM,INSTITUTION_HEADER,Providencia,,2016.0,5.0,2016-05-17,HIGH,HEADER_EXPLICIT_DATE,963,False,DOC_0963,EXCLUIR,auto: providencia judicial pero no es alta corte (Gate 0.3),JUDICIAL,False,auto: providencia judicial pero no es alta corte (Gate 0.3)
3.record_0 (961).txt,eb798882ec5fc04e493790ef24a402b0,e97e7e7bd213d44afd5f2b43fc6482894f308a26aa2fe7f0447cf5ea53b45324,53060,51949,8260,Otras Entidades,LOW,FALLBACK,Providencia,,1984.0,8.0,1984-08-23,HIGH,HEADER_EXPLICIT_DATE,964,False,DOC_0964,EXCLUIR,auto: providencia judicial pero no es alta corte (Gate 0.3),JUDICIAL,False,auto: providencia judicial pero no es alta corte (Gate 0.3)
3.record_0 (405).txt,eb7fe3aade72ca924a297a652f29e349,6c4b7c54d7c617b982a2ab1c991e6dd2b4e0717246fdf4917f46eda3cc6213eb,20887,20494,3252,Otras Entidades,LOW,FALLBACK,Providencia,,2021.0,4.0,2021-04-09,HIGH,HEADER_EXPLICIT_DATE,965,False,DOC_0965,EXCLUIR,auto: providencia judicial pero no es alta corte (Gate 0.3),JUDICIAL,False,auto: providencia judicial pero no es alta corte (Gate 0.3)
1.record_0 (470).txt,eb8dc7f2667945e9c557f7014efbfd4e,24b4582249b2830d1c7af511e0c4134e9672a13412456acb6c92e3ff3a450b04,380598,373880,58223,Otras Entidades,LOW,FALLBACK,Providencia,,2015.0,5.0,2015-05-19,HIGH,HEADER_EXPLICIT_DATE,966,False,DOC_0966,EXCLUIR,auto: providencia judicial pero no es alta corte (Gate 0.3),JUDICIAL,False,auto: providencia judicial pero no es alta corte (Gate 0.3)
2. record_0 (345).txt,ebc3ce8d8af1a51c7c1e084dff6d7c64,3cd77ab2da8cb836574fa0fdd0ba1524c350053385135f77bb1f3f94996a7517,111732,109356,17568,Otras Entidades,MEDIUM,INSTITUTION_HEADER,Providencia,,2013.0,7.0,2013-07-15,HIGH,HEADER_EXPLICIT_DATE,967,False,DOC_0967,EXCLUIR,auto: providencia judicial pero no es alta corte (Gate 0.3),JUDICIAL,False,auto: providencia judicial pero no es alta corte (Gate 0.3)
3.record_0 (725).txt,ec0530af9d184ba3d193748d5ea96222,c2754f3f6782533f1457ee6659e5c05caf0fd38ea5b65a81b9ee57dd945405ed,88053,86238,13498,Corte Constitucional,HIGH,OFFICIAL_HEADER_NUMBER,Sentencia de Tutela,T-263/18,2018.0,12.0,2018-12-05,HIGH,SENTENCE_IDENTIFIER,968,False,DOC_0968,INCLUIR,auto: marcador judicial de alta confianza + alta corte,JUDICIAL,True,
2. record_0 (53).txt,ec528a3caaffb69f509a312771d05d83,7d163f5f809c6cad8173b3d39ae4214a166f6d5a8c77fa1cf804694d824a4bfd,8313,8178,1335,Otras Entidades,LOW,FALLBACK,Providencia,,2023.0,4.0,2023-04-13,HIGH,HEADER_EXPLICIT_DATE,969,False,DOC_0969,EXCLUIR,auto: academic_article de alta confianza,ACADEMIC_ARTICLE,False,auto: academic_article de alta confianza
2. record_0 (721).txt,ece4ae30a2517e8157f45a262df16ed5,a6b0d109f4a75d1c556d3b7958bc95871188d7e479da466415c28f4c682f48e3,957424,939877,150577,Otras Entidades,MEDIUM,INSTITUTION_HEADER,Providencia,,2023.0,,,MEDIUM,HEADER_FIRST_YEAR,970,False,DOC_0970,EXCLUIR,auto: law_or_decree_text de alta confianza,LAW_OR_DECREE_TEXT,False,auto: law_or_decree_text de alta confianza
1.record_0 (88).txt,ed0cdcdff2e3b444664079ab95b49b51,fa5dd7a812f1a1ff9a3e11b440265b45903e4e6d0968cb7907054863306f5ce7,56056,54793,8402,Otras Entidades,LOW,FALLBACK,Providencia,,2023.0,,,MEDIUM,HEADER_FIRST_YEAR,971,False,DOC_0971,EXCLUIR,auto: law_or_decree_text de alta confianza,LAW_OR_DECREE_TEXT,False,auto: law_or_decree_text de alta confianza
2. record_0 (1122).txt,ed55fe7d0c945c9fad9b32c1b691264c,7ee715d7cfd692a7b2806906a01982326523a375cdde9ed16a3a6c556756082e,204757,200762,32178,Corte Suprema de Justicia,HIGH,INSTITUTION_HEADER,Providencia,,2022.0,8.0,2022-08-24,HIGH,HEADER_EXPLICIT_DATE,972,False,DOC_0972,INCLUIR,auto: marcador judicial de alta confianza + alta corte,JUDICIAL,True,
2. record_0 (442).txt,ed66bd630b554b9dbef8df4df1f6ea74,ce6cd45af25c9f5e1490c2678c7891296547edafb331718531e08b5e96e4d34d,52138,51102,8101,Otras Entidades,MEDIUM,INSTITUTION_HEADER,Providencia,,2020.0,12.0,2020-12-07,HIGH,HEADER_EXPLICIT_DATE,973,False,DOC_0973,EXCLUIR,auto: providencia judicial pero no es alta corte (Gate 0.3),JUDICIAL,False,auto: providencia judicial pero no es alta corte (Gate 0.3)
3.record_0 (988).txt,ede2721495c5d170267afec39014a6bc,50ee08e9a9c4a2c668d9308be6081c1d1b3093939e651dae5d38e73fd96e36f9,63626,62503,10097,Otras Entidades,LOW,FALLBACK,Providencia,,2023.0,,,MEDIUM,HEADER_FIRST_YEAR,974,False,DOC_0974,EXCLUIR,auto: law_or_decree_text de alta confianza,LAW_OR_DECREE_TEXT,False,auto: law_or_decree_text de alta confianza
2. record_0 (471).txt,edfa83683aadfc15a88732733d103d8c,1d09ed42a380c17e2580a94fc8c5958acca5469f8a8ace86df34a68fa11de7e3,53168,52141,7971,Corte Constitucional,MEDIUM,TEXT_MENTION_HEADER,Providencia,,2023.0,5.0,2023-05-15,HIGH,HEADER_EXPLICIT_DATE,975,False,DOC_0975,INCLUIR,auto: marcador judicial de alta confianza + alta corte,JUDICIAL,True,
3.record_0 (680).txt,ee618dcb3ce3ef0601d22acb6c811920,72a52cb4b464ce07da7e5daf9f87ea1ba097b11743c6a032d0e4f8c28ce1de4c,31316,30575,4978,Otras Entidades,MEDIUM,INSTITUTION_HEADER,Providencia,,2016.0,4.0,2016-04-27,HIGH,HEADER_EXPLICIT_DATE,976,False,DOC_0976,EXCLUIR,auto: providencia judicial pero no es alta corte (Gate 0.3),JUDICIAL,False,auto: providencia judicial pero no es alta corte (Gate 0.3)
1.record_0 (404).txt,eef23d4026c2854f1f192a5a0d73f1d0,381c1b63547d08ee514743b03d53b8c60ea1f8bc7e271a0f47c27815b3e7a21a,231323,226693,35941,Corte Constitucional,HIGH,OFFICIAL_HEADER_NUMBER,Sentencia de Tutela,T-236/21,2021.0,10.0,2021-10-25,HIGH,SENTENCE_IDENTIFIER,977,False,DOC_0977,INCLUIR,auto: marcador judicial de alta confianza + alta corte,JUDICIAL,True,
3.record_0 (411).txt,ef1b22ea95978a57d3363b4c6bc32873,31355151c529507e6e34f4b9453f7de6626a1f4657aba1cb6f7eaae8489cd262,19421,19038,3016,Otras Entidades,MEDIUM,INSTITUTION_HEADER,Providencia,,2023.0,11.0,2023-11-22,HIGH,HEADER_EXPLICIT_DATE,978,False,DOC_0978,EXCLUIR,auto: providencia judicial pero no es alta corte (Gate 0.3),JUDICIAL,False,auto: providencia judicial pero no es alta corte (Gate 0.3)
3.record_0 (1220).txt,efcb5e6fb2cc7ec19a024fd0d7eee535,901221b44c3d14eb907c524a522860311b6c65d621bec1296348401764b27f91,100087,98298,15447,Corte Constitucional,HIGH,OFFICIAL_HEADER_NUMBER,Sentencia de Constitucionalidad,C-017/19,2019.0,6.0,2019-06-26,HIGH,SENTENCE_IDENTIFIER,979,False,DOC_0979,INCLUIR,auto: marcador judicial de alta confianza + alta corte,JUDICIAL,True,
3.record_0 (632).txt,f01973e2adb8780efd22546b35024c8c,d33c0a689f733d00ad8fd65d9c8a777b2dfecc7c33f5318805a3e75bef1935f1,59988,58669,8546,Otras Entidades,LOW,FALLBACK,Providencia,,2021.0,,,MEDIUM,HEADER_FIRST_YEAR,980,False,DOC_0980,EXCLUIR,auto: academic_article de alta confianza,ACADEMIC_ARTICLE,False,auto: academic_article de alta confianza
2. record_0 (141).txt,f07013833c7a0aac182dde7f04365ad4,dfa34f4877fc38a3cbb77b702d9ed316bfe8ebe4dccc706bcdf22f5b58d7a72f,14383,14086,2150,Otras Entidades,LOW,FALLBACK,Providencia,,2010.0,,,MEDIUM,HEADER_FIRST_YEAR,981,False,DOC_0981,EXCLUIR,auto: academic_article de alta confianza,ACADEMIC_ARTICLE,False,auto: academic_article de alta confianza
2. record_0 (85).txt,f0802c5ca984005d9602a2bedd457158,4d2838a888f2ae1eb9e66c2f8860a1970bbc4deef200f4bf50d67860b9fb3bcd,185805,182449,28973,Corte Constitucional,HIGH,OFFICIAL_HEADER_NUMBER,Sentencia de Constitucionalidad,C-297/16,2016.0,9.0,2016-09-30,HIGH,SENTENCE_IDENTIFIER,982,False,DOC_0982,INCLUIR,auto: marcador judicial de alta confianza + alta corte,JUDICIAL,True,
2. record_0 (432).txt,f0833f426d2683cfea9116454ffe9964,10adb484dfa93f2981679388df1e8091e480af3d94103a2085e70aab00399572,50858,49822,8123,Otras Entidades,MEDIUM,INSTITUTION_HEADER,Providencia,,2004.0,11.0,2004-11-30,HIGH,HEADER_EXPLICIT_DATE,983,False,DOC_0983,EXCLUIR,auto: providencia judicial pero no es alta corte (Gate 0.3),JUDICIAL,False,auto: providencia judicial pero no es alta corte (Gate 0.3)
3.record_0 (254).txt,f08bb301f8363f4a8253adcc75c60802,e075738b185a001184c866e1389c0a4439356b3cc7ef092eebf2db1f59f4e0d4,25629,25099,4050,Otras Entidades,MEDIUM,INSTITUTION_HEADER,Providencia,,2022.0,7.0,2022-07-26,HIGH,HEADER_EXPLICIT_DATE,984,False,DOC_0984,EXCLUIR,auto: providencia judicial pero no es alta corte (Gate 0.3),JUDICIAL,False,auto: providencia judicial pero no es alta corte (Gate 0.3)
1.record_0 (109).txt,f0f133517dd2a627808406189daa7e10,9063a39ac1c1eebefa90e49a0755c61d75899d8f7cdc7b34267ad8c80fe3ae83,29507,28865,4256,Corte Constitucional,MEDIUM,TEXT_MENTION_HEADER,Providencia,,2023.0,,,MEDIUM,HEADER_FIRST_YEAR,985,False,DOC_0985,EXCLUIR,auto: law_or_decree_text de alta confianza,LAW_OR_DECREE_TEXT,False,auto: law_or_decree_text de alta confianza
3.record_0 (1544).txt,f15d15af7dfc2f7051119265b823de99,b9e1660105e4c3248abe6d366972b65b3202eff1124ab76050ae0a96acebfbb9,546988,536067,84551,Corte Constitucional,HIGH,OFFICIAL_HEADER_NUMBER,Sentencia de Unificación,SU-157/22,2022.0,10.0,2022-10-29,HIGH,SENTENCE_IDENTIFIER,986,False,DOC_0986,INCLUIR,auto: marcador judicial de alta confianza + alta corte,JUDICIAL,True,
1.record_0 (229).txt,f16ca462ce6391e87a954f8d06cd2882,7c3ff442a1724a930a9813861ab4de198f38270cd15ffae18599d41da8711a50,179001,174446,26809,Corte Constitucional,HIGH,OFFICIAL_HEADER_NUMBER,Sentencia de Tutela,T-344/22,2022.0,10.0,2022-10-05,HIGH,SENTENCE_IDENTIFIER,987,False,DOC_0987,INCLUIR,auto: marcador judicial de alta confianza + alta corte,JUDICIAL,True,
2. record_0 (550).txt,f1820120d227cd9cb77c9db7d14cd1e7,09dfe55f7fc6937b9e490f9ec64379025e795810b8f032f918affc27a6b27a04,61785,60521,9698,Corte Constitucional,HIGH,OFFICIAL_HEADER_NUMBER,Auto de Sala Plena/Seguimiento,Auto-213/15,2015.0,12.0,2015-12-15,HIGH,SENTENCE_IDENTIFIER,988,False,DOC_0988,INCLUIR,auto: marcador judicial de alta confianza + alta corte,JUDICIAL,True,
3.record_0 (1396).txt,f18a451aaf513a6e22394dbe2efbe918,7230aff571af66399dc9bb38116a9024137d494c86d1a6fdacddf46c8674adb7,135619,132929,20235,Corte Constitucional,MEDIUM,TEXT_MENTION_HEADER,Providencia,,2016.0,11.0,2016-11-24,HIGH,HEADER_EXPLICIT_DATE,989,False,DOC_0989,INCLUIR,auto: marcador judicial de alta confianza + alta corte,JUDICIAL,True,
2. record_0 (1266).txt,f1aab7b52590baa637c08be3011565fa,e0226238bde6e81f2fe53e8b12e946a97b9265474eec462a505f0c8e60ae6f41,665743,652827,102146,Corte Constitucional,HIGH,OFFICIAL_HEADER_NUMBER,Sentencia de Tutela,T-362/20,2020.0,1.0,2020-01-16,HIGH,SENTENCE_IDENTIFIER,990,False,DOC_0990,INCLUIR,auto: marcador judicial de alta confianza + alta corte,JUDICIAL,True,
3.record_0 (225).txt,f1e6148deec2e408c7cadcbb548448f5,957c6814116b91b0c65f890287e8527872820250b5d5167272dfbd98064eac85,61538,60216,9302,Corte Constitucional,HIGH,OFFICIAL_HEADER_NUMBER,Auto de Sala Plena/Seguimiento,Auto-1850/2022,2022.0,3.0,2022-03-24,HIGH,SENTENCE_IDENTIFIER,991,False,DOC_0991,INCLUIR,auto: marcador judicial de alta confianza + alta corte,JUDICIAL,True,
4. (8).txt,f23b91614e36ec4b62ee6f1a0643f6a3,e6c88c09aca4c4195667bca53a258035be398533921d45bc4653d0e8ecd5833f,33867,33208,5264,Corte Constitucional,MEDIUM,TEXT_MENTION_HEADER,Providencia,,2020.0,8.0,2020-08-13,HIGH,HEADER_EXPLICIT_DATE,992,False,DOC_0992,INCLUIR,auto: marcador judicial de alta confianza + alta corte,JUDICIAL,True,
1.record_0 (315).txt,f282454b4480543e987f4fac95958661,7c565538b3bef2e6053213e71c5bc023f8f1e7b94f4d9695026b4b85d2641891,322695,315668,52240,Consejo de Estado,HIGH,INSTITUTION_HEADER,Sentencia Contencioso Administrativa,,2003.0,11.0,2003-11-06,HIGH,HEADER_EXPLICIT_DATE,993,False,DOC_0993,INCLUIR,auto: marcador judicial de alta confianza + alta corte,JUDICIAL,True,
2. record_0 (136).txt,f2e7fc4866916564400086c99b8d921a,acff36616169efda843080d4575b97f60f47794161b3f06ae412f917279ff5da,17074,16722,2668,Otras Entidades,MEDIUM,INSTITUTION_HEADER,Providencia,,2012.0,8.0,2012-08-31,HIGH,HEADER_EXPLICIT_DATE,994,False,DOC_0994,EXCLUIR,auto: providencia judicial pero no es alta corte (Gate 0.3),JUDICIAL,False,auto: providencia judicial pero no es alta corte (Gate 0.3)
2. record_0 (153).txt,f2edef7a7f3de1d7ac0514ab53d1eb8b,dc2688496168a1e736409b9aa44265689f38e3c7dea45813e3e6879d8ee9920d,33252,32445,5254,Otras Entidades,MEDIUM,INSTITUTION_HEADER,Providencia,,2019.0,7.0,2019-07-19,HIGH,HEADER_EXPLICIT_DATE,995,False,DOC_0995,EXCLUIR,auto: providencia judicial pero no es alta corte (Gate 0.3),JUDICIAL,False,auto: providencia judicial pero no es alta corte (Gate 0.3)
2. record_0 (237).txt,f326d5dd6fad7017da2942b180c24d54,1b4b51335ca4c87a45098aac43e9437bbcbcb008a0dfcf552396955a0b90096a,27092,26537,4139,Otras Entidades,MEDIUM,INSTITUTION_HEADER,Providencia,,2015.0,12.0,2015-12-02,HIGH,HEADER_EXPLICIT_DATE,996,False,DOC_0996,EXCLUIR,auto: providencia judicial pero no es alta corte (Gate 0.3),JUDICIAL,False,auto: providencia judicial pero no es alta corte (Gate 0.3)
3.record_0 (726).txt,f34243455e8390f27e4dc7af12daa576,8075f1c6a47c17f84f2f0e846d27a755d2afb979998014b23bc380b47870f37e,33796,33123,5216,Otras Entidades,MEDIUM,INSTITUTION_HEADER,Providencia,,2017.0,10.0,2017-10-12,HIGH,HEADER_EXPLICIT_DATE,997,False,DOC_0997,EXCLUIR,auto: providencia judicial pero no es alta corte (Gate 0.3),JUDICIAL,False,auto: providencia judicial pero no es alta corte (Gate 0.3)
3.record_0 (114).txt,f3a9901a74cd0d53c9aad551fc910464,d6d439b94fc7ed5426c57c1041e4ea5f16046b8af4e4c98b6e5f7fffb492454d,18334,17973,2864,Corte Suprema de Justicia,HIGH,INSTITUTION_HEADER,Sentencia Casación STL,STL-2835/2022,2022.0,11.0,2022-11-16,HIGH,SENTENCE_IDENTIFIER,998,False,DOC_0998,INCLUIR,auto: marcador judicial de alta confianza + alta corte,JUDICIAL,True,
2. record_0 (187).txt,f3b69700884cc1181ea8c85a561eaaca,737e83aed20e2525e14acf75bef5f7b5563b83651a659d261f8c6bb5fe0c6f97,57812,56845,8906,Otras Entidades,LOW,FALLBACK,Providencia,,2014.0,5.0,2014-05-24,HIGH,HEADER_EXPLICIT_DATE,999,False,DOC_0999,EXCLUIR,auto: academic_article de alta confianza,ACADEMIC_ARTICLE,False,auto: academic_article de alta confianza
1.record_0 (211).txt,f40aff8ba31481ac895d074f284b33bb,2363c4a03d7c69fbf0495735ce4dd88ca867991f8d17af381c0bf4b7dd772010,82364,80803,12345,Corte Constitucional,HIGH,OFFICIAL_HEADER_NUMBER,Auto de Sala Plena/Seguimiento,Auto-443/15,2015.0,,,HIGH,SENTENCE_IDENTIFIER,1000,False,DOC_1000,INCLUIR,auto: marcador judicial de alta confianza + alta corte,JUDICIAL,True,
3.record_0 (1397).txt,f4517d7a6125e597778f085aaef4456c,bfc6fffe400f0ba7ec198374917e7d331cb94d9432dce11e41d36ab7249a041f,269731,264421,41285,Corte Constitucional,HIGH,OFFICIAL_HEADER_NUMBER,Sentencia de Tutela,T-128/22,2022.0,5.0,2022-05-10,HIGH,SENTENCE_IDENTIFIER,1001,False,DOC_1001,INCLUIR,auto: marcador judicial de alta confianza + alta corte,JUDICIAL,True,
3.record_0 (292).txt,f4ece6619e33ac7ab2697045ce6e22c7,a795042a549edcad7ab3870ccb8295d917e3b90b9eca2386f8c7416a5090fa6f,44817,43880,7060,Otras Entidades,MEDIUM,INSTITUTION_HEADER,Providencia,,2021.0,8.0,2021-08-30,HIGH,HEADER_EXPLICIT_DATE,1002,False,DOC_1002,EXCLUIR,auto: providencia judicial pero no es alta corte (Gate 0.3),JUDICIAL,False,auto: providencia judicial pero no es alta corte (Gate 0.3)
1.record_0 (205).txt,f4f090d211e26d95b52dfe09f782c4e4,bae4135fdb4edb15715d26f9f4e0bd55f5315c3c096746056e249f4849e5b2d6,149882,146726,21651,Otras Entidades,LOW,FALLBACK,Providencia,,2017.0,,,MEDIUM,HEADER_FIRST_YEAR,1003,False,DOC_1003,EXCLUIR,auto: law_or_decree_text de alta confianza,LAW_OR_DECREE_TEXT,False,auto: law_or_decree_text de alta confianza
3.record_0 (183).txt,f514d00ea0e9113d62c349ec104290f9,dba1ead2fa334bb5873b0d6338e151831889a324d84929678084c556cd7e2069,31295,30550,4972,Otras Entidades,MEDIUM,INSTITUTION_HEADER,Providencia,,2022.0,8.0,2022-08-25,HIGH,HEADER_EXPLICIT_DATE,1004,False,DOC_1004,EXCLUIR,auto: providencia judicial pero no es alta corte (Gate 0.3),JUDICIAL,False,auto: providencia judicial pero no es alta corte (Gate 0.3)
2. record_0 (762).txt,f5891cc4c5d5e9a8c0e07a977df462aa,1f92bcc4a9a52b10ea4a24f077f104d6290fb8dc7a0584ff1575acdb7a1a2ff5,284491,279604,44045,Corte Constitucional,HIGH,OFFICIAL_HEADER_NUMBER,Sentencia de Tutela,T-462/21,2021.0,5.0,2021-05-15,HIGH,SENTENCE_IDENTIFIER,1005,False,DOC_1005,INCLUIR,auto: marcador judicial de alta confianza + alta corte,JUDICIAL,True,
2. record_0 (1366).txt,f59236df8d6a0a710ae90ebf4a812c4d,6341df99a69e9682bb3f152b3a62aa8311be61b730735c2606be36e47d7df99d,1625187,1595023,231661,Otras Entidades,MEDIUM,INSTITUTION_HEADER,Providencia,,2000.0,,,MEDIUM,HEADER_FIRST_YEAR,1006,False,DOC_1006,EXCLUIR,auto: law_or_decree_text de alta confianza,LAW_OR_DECREE_TEXT,False,auto: law_or_decree_text de alta confianza
1.record_0 (79).txt,f5d9c921c6d37443b3177d2043a3cb00,699c0f0b6b4e3cbc8013cf9cb7231787471b9878ae936c83faab8b2578519975,25980,25359,3945,Otras Entidades,MEDIUM,INSTITUTION_HEADER,Providencia,,2022.0,6.0,2022-06-10,HIGH,HEADER_EXPLICIT_DATE,1007,False,DOC_1007,EXCLUIR,auto: providencia judicial pero no es alta corte (Gate 0.3),JUDICIAL,False,auto: providencia judicial pero no es alta corte (Gate 0.3)
3.record_0 (140).txt,f61495481485b7772aae912590fd680c,24d4e7040c3465e4db6cb3fee729711000900199d537f04fb7aa7231d57649ff,11768,11500,1808,Corte Suprema de Justicia,HIGH,INSTITUTION_HEADER,Sentencia Casación STL,STL-14702/2022,2022.0,9.0,2022-09-14,HIGH,SENTENCE_IDENTIFIER,1008,False,DOC_1008,INCLUIR,auto: marcador judicial de alta confianza + alta corte,JUDICIAL,True,
3.record_0 (82).txt,f6951b6e4a5d246d2bff59b22c66a598,481bbb934f5b2ae7815d7e4f3b8b44dcc6ad0194d5da8a39b863124eea2519b8,20849,20436,3252,Otras Entidades,MEDIUM,INSTITUTION_HEADER,Providencia,,2023.0,12.0,2023-12-13,HIGH,HEADER_EXPLICIT_DATE,1009,False,DOC_1009,EXCLUIR,auto: providencia judicial pero no es alta corte (Gate 0.3),JUDICIAL,False,auto: providencia judicial pero no es alta corte (Gate 0.3)
2. record_0 (341).txt,f6b3edbccdbd651e63546ac9c04c884e,10d793f32eb1bd8abf786f127021fe51c66c57a805236380a90ef3a903fd4997,38607,37871,5943,Otras Entidades,MEDIUM,INSTITUTION_HEADER,Providencia,,2016.0,11.0,2016-11-17,HIGH,HEADER_EXPLICIT_DATE,1010,False,DOC_1010,EXCLUIR,auto: providencia judicial pero no es alta corte (Gate 0.3),JUDICIAL,False,auto: providencia judicial pero no es alta corte (Gate 0.3)
2. record_0 (201).txt,f6cd484ff89e35396e420396cde4c558,788a9b68d1189a531daf3ac35942f267fcab81adf959b3d4662f8b7e604512b3,20684,20279,3291,Otras Entidades,MEDIUM,INSTITUTION_HEADER,Providencia,,2018.0,2.0,2018-02-20,HIGH,HEADER_EXPLICIT_DATE,1011,False,DOC_1011,EXCLUIR,auto: providencia judicial pero no es alta corte (Gate 0.3),JUDICIAL,False,auto: providencia judicial pero no es alta corte (Gate 0.3)
5. (9).txt,f76958dfbc9636bdaedbaf4ccee7a3ea,fe4e212120935b896a2333ed9c72a6d19f8d467f7a3ca06848ea90178434921d,9060,8884,1467,Otras Entidades,MEDIUM,INSTITUTION_HEADER,Providencia,,2021.0,8.0,2021-08-31,HIGH,HEADER_EXPLICIT_DATE,1012,False,DOC_1012,EXCLUIR,auto: law_or_decree_text de alta confianza,LAW_OR_DECREE_TEXT,False,auto: law_or_decree_text de alta confianza
3.record_0 (530).txt,f82056e2de84cb44a953aafa077c00a7,d8b207092d2f9c78e9f6cddaddfa0d3a35bc7d6a7d51e43c32a9053240567efe,23313,22700,3839,Otras Entidades,MEDIUM,INSTITUTION_HEADER,Providencia,,2018.0,7.0,2018-07-12,HIGH,HEADER_EXPLICIT_DATE,1013,False,DOC_1013,EXCLUIR,auto: providencia judicial pero no es alta corte (Gate 0.3),JUDICIAL,False,auto: providencia judicial pero no es alta corte (Gate 0.3)
3.record_0 (1306).txt,f8c515275f5465d07a51b90fec17d87c,b964311bb371dcc527178dbd24c79ce49c2aacf98f26e37612ecb44ae48dbfc9,235167,230792,36230,Corte Constitucional,HIGH,OFFICIAL_HEADER_NUMBER,Sentencia de Constitucionalidad,C-659/16,2016.0,3.0,2016-03-04,HIGH,SENTENCE_IDENTIFIER,1014,False,DOC_1014,INCLUIR,auto: marcador judicial de alta confianza + alta corte,JUDICIAL,True,
2. record_0 (319).txt,f8ed8a63a79d2098ee4cbc3e35de6b15,527fe11ee305f5dbbef2c38fab5abcc94ff90c98efaa8063ac9abe18174b0aa5,85046,83034,13352,Corte Suprema de Justicia,HIGH,INSTITUTION_HEADER,Providencia,,2023.0,4.0,2023-04-19,HIGH,HEADER_EXPLICIT_DATE,1015,False,DOC_1015,INCLUIR,auto: marcador judicial de alta confianza + alta corte,JUDICIAL,True,
3.record_0 (272).txt,f92d55a4dc013320c548c861d187f5f2,2ff20ffa54a664e20406ddbd6ee1b8d3bf674a526c9fa4f32cd5720bcea23206,27024,26600,4200,Otras Entidades,LOW,FALLBACK,Providencia,,2020.0,5.0,2020-05-05,HIGH,HEADER_EXPLICIT_DATE,1016,False,DOC_1016,EXCLUIR,auto: providencia judicial pero no es alta corte (Gate 0.3),JUDICIAL,False,auto: providencia judicial pero no es alta corte (Gate 0.3)
2. record_0 (128).txt,f9589e1cd711f6c40ab463d4b92d55d5,f8e9b0b9a42c968813deb00dda601a0d61358d583fc88de65b619bd88452a42b,86029,84195,13202,Otras Entidades,MEDIUM,INSTITUTION_HEADER,Providencia,,2016.0,2.0,2016-02-06,HIGH,HEADER_EXPLICIT_DATE,1017,False,DOC_1017,EXCLUIR,auto: providencia judicial pero no es alta corte (Gate 0.3),JUDICIAL,False,auto: providencia judicial pero no es alta corte (Gate 0.3)
1.record_0 (102).txt,f9c7fb84e9feef291bc3174559f428fa,9cab0367daee8aea471455c14678d19948ca58e0a883cfe45f4951a586e5840f,33889,33205,5391,Otras Entidades,MEDIUM,INSTITUTION_HEADER,Providencia,,2021.0,3.0,2021-03-23,HIGH,HEADER_EXPLICIT_DATE,1018,False,DOC_1018,EXCLUIR,auto: providencia judicial pero no es alta corte (Gate 0.3),JUDICIAL,False,auto: providencia judicial pero no es alta corte (Gate 0.3)
2. record_0 (420).txt,fa0be013ed5e36f823e3e4e944a183b8,4a16c1b41d6a0efa671356a963179ab5dfebba5388b6aee3c46bd013894b88d3,89648,87797,13690,Otras Entidades,LOW,FALLBACK,Providencia,,2021.0,5.0,2021-05-06,HIGH,HEADER_EXPLICIT_DATE,1019,False,DOC_1019,EXCLUIR,auto: academic_article de alta confianza,ACADEMIC_ARTICLE,False,auto: academic_article de alta confianza
4. (14).txt,fa1d73e7d26c4185332445b5e9d5a199,66152f2314d50de03940ad8f6fa546a06217f0d0ee9e9e1c34aa090f705a9b30,45732,44785,7341,Otras Entidades,LOW,FALLBACK,Providencia,,2021.0,6.0,2021-06-24,HIGH,HEADER_EXPLICIT_DATE,1020,False,DOC_1020,EXCLUIR,auto: providencia judicial pero no es alta corte (Gate 0.3),JUDICIAL,False,auto: providencia judicial pero no es alta corte (Gate 0.3)
3.record_0 (71).txt,fa705fa28857f350faf9ac04ff89842c,1178800dcd343b2d46bdef0db3f57ff2a92a0a7eaca704708611a1c944ca15dd,8351,8224,1319,Otras Entidades,MEDIUM,INSTITUTION_HEADER,Providencia,,2018.0,11.0,2018-11-02,HIGH,HEADER_EXPLICIT_DATE,1021,False,DOC_1021,EXCLUIR,auto: providencia judicial pero no es alta corte (Gate 0.3),JUDICIAL,False,auto: providencia judicial pero no es alta corte (Gate 0.3)
3.record_0 (122).txt,fa7446ad61d49cd50b1bdd6a7220164c,d9e1df9c2b7af25407935671c5b316adfdd8ff8942e1478e9f0fbc0ac68e170f,41501,40692,6160,Corte Constitucional,MEDIUM,TEXT_MENTION_HEADER,Providencia,,2023.0,7.0,2023-07-26,HIGH,HEADER_EXPLICIT_DATE,1022,False,DOC_1022,INCLUIR,auto: marcador judicial de alta confianza + alta corte,JUDICIAL,True,
3.record_0 (1300).txt,fa9b050783b65d6c6eca4a40632c64bb,4ccf24fe17288ea6ebed097bd33bd9de0038fe81f6c589812839c8e0cf8ad572,115600,112861,16857,Otras Entidades,LOW,FALLBACK,Providencia,,2015.0,,,MEDIUM,HEADER_FIRST_YEAR,1023,False,DOC_1023,EXCLUIR,auto: law_or_decree_text de alta confianza,LAW_OR_DECREE_TEXT,False,auto: law_or_decree_text de alta confianza
1.record_0 (52).txt,fb6e97bbedddb16fed32751683174f5c,eda65305dd72972af923da7b7534798bdf162afc43842153eb64527c7e2af44a,35880,35225,5489,Otras Entidades,MEDIUM,INSTITUTION_HEADER,Providencia,,2013.0,1.0,2013-01-29,HIGH,HEADER_EXPLICIT_DATE,1024,False,DOC_1024,EXCLUIR,auto: academic_article de alta confianza,ACADEMIC_ARTICLE,False,auto: academic_article de alta confianza
2. record_0 (434).txt,fb781675faacc407f1d61bccf49df191,72440d3dbeda5cf797b3a5b879daba07b87dc171b27fdb4203dba02fca3e801d,87778,85939,14045,Corte Constitucional,MEDIUM,TEXT_MENTION_HEADER,Providencia,,2001.0,3.0,2001-03-22,HIGH,HEADER_EXPLICIT_DATE,1025,False,DOC_1025,INCLUIR,auto: marcador judicial de alta confianza + alta corte,JUDICIAL,True,
3.record_0 (453).txt,fba2d1fc0adceac61b3f206f72157da5,885889a593c03b765dfbfb20b775782724f45c79067fe5f4163b61958706cc21,55627,54404,8512,Corte Constitucional,HIGH,OFFICIAL_HEADER_NUMBER,Auto de Sala Plena/Seguimiento,Auto-1909/22,2022.0,2.0,2022-02-22,HIGH,SENTENCE_IDENTIFIER,1026,False,DOC_1026,INCLUIR,auto: marcador judicial de alta confianza + alta corte,JUDICIAL,True,
2. record_0 (834).txt,fbb57c8ee7488783ace535c70155237b,f9627d14bd172b8ea1c66f2efaf4031de5bde7fe8e2174d1ceaea12efa12d86b,121084,118706,19531,Consejo de Estado,HIGH,INSTITUTION_HEADER,Sentencia Contencioso Administrativa,,2008.0,9.0,2008-09-09,HIGH,HEADER_EXPLICIT_DATE,1027,False,DOC_1027,INCLUIR,auto: marcador judicial de alta confianza + alta corte,JUDICIAL,True,
2. record_0 (580).txt,fc7a5a400c121629b4042518f43dd8db,f100742b9787795a65a3ffc5d988d6c0a80e1ef965a80e192ac83a0a8484694b,72925,71768,10615,Corte Suprema de Justicia,HIGH,INSTITUTION_HEADER,Providencia,,2023.0,,,MEDIUM,HEADER_FIRST_YEAR,1028,False,DOC_1028,EXCLUIR,auto: academic_article de alta confianza,ACADEMIC_ARTICLE,False,auto: academic_article de alta confianza
3.record_0 (787).txt,fd0b77d4e934c504a7022ab04a8c3ae2,1a2b1fa550b10dd70cee7d9106e72f76c07f34c53e54abd870cb054a03079904,41961,41180,6087,Corte Constitucional,MEDIUM,TEXT_MENTION_HEADER,Providencia,,2022.0,6.0,2022-06-16,HIGH,HEADER_EXPLICIT_DATE,1029,False,DOC_1029,INCLUIR,auto: marcador judicial de alta confianza + alta corte,JUDICIAL,True,
3.record_0 (654).txt,fd22e1043f180b7c2cff4ef07de1d28b,7022c2f5d3f8b07d5928c879b4265d9193ecc100dbd21c2232ce67795996238f,53713,52621,8143,Otras Entidades,LOW,FALLBACK,Providencia,,1991.0,,,MEDIUM,HEADER_FIRST_YEAR,1030,False,DOC_1030,EXCLUIR,"auto (confianza baja): perfil de bibliografia academica (autor+afiliacion), sin marcador judicial; PENDIENTE confirmacion humana",UNCERTAIN,False,"auto (confianza baja): perfil de bibliografia academica (autor+afiliacion), sin marcador judicial; PENDIENTE confirmacion humana"
3.record_0 (1211).txt,fe00139978ca061e19aeeaad237ccca9,f98d76ae4bd59a4598a862920ac06da136477ce517988ea14d5ee589af2bcf20,81081,78667,12755,Corte Constitucional,MEDIUM,TEXT_MENTION_HEADER,Providencia,,2023.0,5.0,2023-05-04,HIGH,HEADER_EXPLICIT_DATE,1031,False,DOC_1031,INCLUIR,auto: marcador judicial de alta confianza + alta corte,JUDICIAL,True,
1.record_0 (308).txt,fe60306dae0044b02246097d92509791,a62f7853500e669dcdf59570836be61e9a211a78a3b81849f3a0096d16695040,176756,173722,26536,Otras Entidades,MEDIUM,INSTITUTION_HEADER,Providencia,,2012.0,,,MEDIUM,HEADER_FIRST_YEAR,1032,False,DOC_1032,EXCLUIR,auto: law_or_decree_text de alta confianza,LAW_OR_DECREE_TEXT,False,auto: law_or_decree_text de alta confianza
3.record_0 (1066).txt,fe97bff9dade3e8c744e8ca7485b7e3d,0e41caa0b15690b163301a06763d2559a907379dcf642a07334a2fb862c34f44,66449,65136,10023,Otras Entidades,LOW,FALLBACK,Providencia,,2016.0,12.0,2016-12-09,HIGH,HEADER_EXPLICIT_DATE,1033,False,DOC_1033,EXCLUIR,auto: academic_article de alta confianza,ACADEMIC_ARTICLE,False,auto: academic_article de alta confianza
3.record_0 (1808).txt,fe99c56de89044b6758f36820f0fd36b,80bbdca4f0c89477f7c6b472a77a68d2d6bcf18c8dbc2f1903b02f84553f4980,321297,313655,49482,Otras Entidades,MEDIUM,INSTITUTION_HEADER,Providencia,,2020.0,3.0,2020-03-12,HIGH,HEADER_EXPLICIT_DATE,1034,False,DOC_1034,EXCLUIR,auto: providencia judicial pero no es alta corte (Gate 0.3),JUDICIAL,False,auto: providencia judicial pero no es alta corte (Gate 0.3)
3.record_0 (893).txt,ff162d58cf3d48498890da38ff533b54,dfef14d0eadef117aa8de6329d99d0eb8d52d04e6b508d7ace70151f500a730d,188069,184605,29448,Otras Entidades,MEDIUM,INSTITUTION_HEADER,Providencia,,2010.0,7.0,2010-07-15,HIGH,HEADER_EXPLICIT_DATE,1035,False,DOC_1035,EXCLUIR,"auto (confianza baja): perfil de bibliografia academica (autor+afiliacion), sin marcador judicial; PENDIENTE confirmacion humana",UNCERTAIN,False,"auto (confianza baja): perfil de bibliografia academica (autor+afiliacion), sin marcador judicial; PENDIENTE confirmacion humana"
3.record_0 (1041).txt,ff4a868bccace9fed0db0b5d4d08f26b,143b4ceeabbdfebd449e8ec56bb8d1d340ea38cef0526b4bc936a3cdb1f0c734,62214,60912,9984,Otras Entidades,LOW,FALLBACK,Providencia,,,,,LOW,NONE,1036,False,DOC_1036,EXCLUIR,auto: providencia judicial pero no es alta corte (Gate 0.3),JUDICIAL,False,auto: providencia judicial pero no es alta corte (Gate 0.3)
3.record_0 (247).txt,ff6238c687b90289ebd5a385c2cb4e55,cbd5431352b705b4944a0ddfe8bf15c203c67b5d6be1469f0e9b2a4b7b8a07ed,15701,15439,2581,Otras Entidades,LOW,FALLBACK,Providencia,,2023.0,5.0,2023-05-19,HIGH,HEADER_EXPLICIT_DATE,1037,False,DOC_1037,EXCLUIR,auto: law_or_decree_text de alta confianza,LAW_OR_DECREE_TEXT,False,auto: law_or_decree_text de alta confianza
4. (18).txt,ff8fa9d175deddbc860bc73486e1764e,f183c84fa91d61ae1d362629c4b43d8d61b3f026cf1bda00de2e70eae7c75709,52866,51741,8386,Otras Entidades,LOW,FALLBACK,Providencia,,1982.0,1.0,1982-01-19,HIGH,HEADER_EXPLICIT_DATE,1038,False,DOC_1038,EXCLUIR,auto: providencia judicial pero no es alta corte (Gate 0.3),JUDICIAL,False,auto: providencia judicial pero no es alta corte (Gate 0.3)
1.record_0 (64).txt,ffd0127abc3f38a94c6c911cc49b9c09,6b2a3143172fd8b7a733e559c32d90de1c51d4c39b3d70d19f7db752ef0e6bee,42086,41143,6669,Otras Entidades,MEDIUM,INSTITUTION_HEADER,Providencia,,2021.0,11.0,2021-11-30,HIGH,HEADER_EXPLICIT_DATE,1039,False,DOC_1039,EXCLUIR,auto: providencia judicial pero no es alta corte (Gate 0.3),JUDICIAL,False,auto: providencia judicial pero no es alta corte (Gate 0.3)
