raw_filename,md5,sha256,size_bytes,char_count,word_count,court,court_confidence,court_source,document_type,decision_number,decision_year,decision_month,decision_date,date_confidence,date_source,duplicate_group,is_duplicate,document_id,is_judicial_decision,exclusion_reason,total_sentences,gender_sentences,econ_strict_sentences,econ_moderate_sentences,econ_broad_sentences,has_gender,has_econ_strict,has_econ_moderate,has_econ_broad
2. record_0 (777).txt,010402e9888e32e4ca445d55dddb8208,f4597a9f9bb2ce18894b5e8ad27c7fbb0d3e0beede915e79115ce1b7c837ab27,113916,111634,17829,Corte Constitucional,HIGH,OFFICIAL_HEADER_NUMBER,Sentencia de Tutela,T-698/16,2016.0,4.0,2016-04-21,HIGH,SENTENCE_IDENTIFIER,0,False,DOC_0000,True,,514,18,0,0,3,True,False,False,True
2. record_0 (562).txt,011ac51db4906b59dd7a911d199c74f8,cb6dc1134d1e828e889335023cfa0f3927dfe7efde8aeedd63f7e6cb4a99356f,72602,71204,10992,Corte Constitucional,MEDIUM,TEXT_MENTION_HEADER,Providencia,,2013.0,4.0,2013-04-02,HIGH,HEADER_EXPLICIT_DATE,1,False,DOC_0001,True,,266,4,0,0,1,True,False,False,True
3.record_0 (549).txt,01bb2da06fa775c405f304d35c02e486,e0f18480e8adb16265f235f8af45050ed2c48715b024aa110845e49468268b43,48999,47921,7287,Corte Constitucional,MEDIUM,TEXT_MENTION_HEADER,Providencia,,2021.0,10.0,2021-10-21,HIGH,HEADER_EXPLICIT_DATE,3,False,DOC_0003,True,,195,36,0,0,2,True,False,False,True
1.record_0 (370).txt,029e38f37701bca74ab071748e907ae1,357c46d4554127b2737c9bd49a5421e8e451ec676b1e9b52b53802f3cb8d9b9a,186105,182364,28237,Corte Constitucional,MEDIUM,TEXT_MENTION_HEADER,Providencia,,2022.0,10.0,2022-10-04,HIGH,HEADER_EXPLICIT_DATE,5,False,DOC_0005,True,,616,55,0,0,0,True,False,False,False
3.record_0 (201).txt,02b02584b4bba98351114cc294e541f3,6507c21260f55b0356d57b02b25b43b60e8d61cecd1730f1f937e361358bc2ee,136729,134135,21778,Corte Constitucional,MEDIUM,TEXT_MENTION_HEADER,Providencia,,2021.0,11.0,2021-11-02,HIGH,HEADER_EXPLICIT_DATE,6,False,DOC_0006,True,,540,38,0,0,1,True,False,False,True
1.record_0 (424).txt,037de87d99689711ccbcf847ccdc447f,5b02cc0a469e3c6dfe76d647cf3687f48a0eb6647efb66fb14e63c7cad72aa89,287331,281297,45598,Corte Constitucional,HIGH,OFFICIAL_HEADER_NUMBER,Auto de Sala Plena/Seguimiento,Auto-038/12,2012.0,,,HIGH,SENTENCE_IDENTIFIER,13,False,DOC_0013,True,,772,125,0,0,3,True,False,False,True
3.record_0 (1664).txt,03d3b44d0042805efa4f9bc6eb378a3c,dd4f421f9c2ff59c610410424549e2319943f2d80b2ca55c8b9c138d1c271fca,317903,310493,49159,Corte Constitucional,HIGH,OFFICIAL_HEADER_NUMBER,Sentencia de Constitucionalidad,C-484/17,2017.0,6.0,2017-06-24,HIGH,SENTENCE_IDENTIFIER,15,False,DOC_0015,True,,1070,70,0,0,6,True,False,False,True
2. record_0 (746).txt,03e428c211d0bb889e747455aae621d5,3c50086be346f77c3bf2144e2514a0b00c2024a05359f55af20fe3e84154c434,310132,304406,48887,Corte Constitucional,HIGH,OFFICIAL_HEADER_NUMBER,Sentencia de Constitucionalidad,C-519/19,2019.0,,,HIGH,SENTENCE_IDENTIFIER,16,False,DOC_0016,True,,1087,348,3,3,31,True,True,True,True
2. record_0 (456).txt,0415693b1e45d9aae40d5d62ff4eed10,c105c08ba4b1e6425341161c1917d78ecafdf35ef0e40fc736704871cb928611,151902,148849,23359,Corte Constitucional,HIGH,OFFICIAL_HEADER_NUMBER,Sentencia de Tutela,T-265/16,2016.0,6.0,2016-06-03,HIGH,SENTENCE_IDENTIFIER,18,False,DOC_0018,True,,442,148,0,0,17,True,False,False,True
2. record_0 (936).txt,041f36524181d32cfb15fbcd63bd0706,9cff92d024819c5f12bfea354231d1e1f49f2b0555bfa3e3d98fbb7df7e7b19e,168394,165420,25673,Corte Constitucional,HIGH,OFFICIAL_HEADER_NUMBER,Sentencia de Constitucionalidad,C-062/21,2021.0,8.0,2021-08-06,HIGH,SENTENCE_IDENTIFIER,20,False,DOC_0020,True,,674,40,0,0,2,True,False,False,True
2. record_0 (392).txt,045fec76439ebf0d2492d901921fe002,c823f2a8ec8dce7204e2b21fb20857fddc30e7e8c0d77c65fb100c3194444fcb,40178,39306,6031,Corte Constitucional,MEDIUM,TEXT_MENTION_HEADER,Providencia,,2018.0,11.0,2018-11-12,HIGH,HEADER_EXPLICIT_DATE,22,False,DOC_0022,True,,168,30,0,0,1,True,False,False,True
3.record_0 (740).txt,047439662526b654f3bfadc182323904,fbd86f9e56c1ca2e1a3cc371edc036a5c0ead9a530127934c795b21aa481d70d,38367,37636,5857,Corte Constitucional,MEDIUM,TEXT_MENTION_HEADER,Providencia,,2021.0,1.0,2021-01-19,HIGH,HEADER_EXPLICIT_DATE,23,False,DOC_0023,True,,106,4,0,0,1,True,False,False,True
1.record_0 (134).txt,0478300fad70ec7e5df96db7c66b74ec,12181331848cc00ae795ed36dfd8a7d1f1f1339b4e15c29a209e914d219a3d37,39112,38411,5680,Corte Constitucional,MEDIUM,TEXT_MENTION_HEADER,Providencia,,2021.0,12.0,2021-12-16,HIGH,HEADER_EXPLICIT_DATE,24,False,DOC_0024,True,,136,30,2,2,4,True,True,True,True
3.record_0 (597).txt,04946e59c9a1da802356eefb9a657778,ad14a4f6f96e37be85d5f0a62e6486b4c0022f3c2f82fb200bd44c4edd55df2c,56372,55252,8482,Corte Constitucional,MEDIUM,TEXT_MENTION_HEADER,Providencia,,2004.0,,,MEDIUM,HEADER_FIRST_YEAR,25,False,DOC_0025,True,,189,41,0,0,0,True,False,False,False
3.record_0 (1761).txt,04f7c2cfa2e8f55851b143b1c403d988,affe5b48ce1a640c0fd99dae502a1beff14619a003b6d779e87414981989521f,351064,344271,55334,Corte Constitucional,HIGH,OFFICIAL_HEADER_NUMBER,Sentencia de Constitucionalidad,C-019/18,2018.0,5.0,2018-05-16,HIGH,SENTENCE_IDENTIFIER,26,False,DOC_0026,True,,915,79,0,0,11,True,False,False,True
2. record_0 (257).txt,062d21b8c91e81d8a007c7f84ae0b30f,88bda78d6e5bbe5bffa4ac96fb7b8366071b6d863d9364ba1cb4a3b326c2e229,266021,260229,41076,Corte Constitucional,MEDIUM,TEXT_MENTION_HEADER,Providencia,,2023.0,4.0,2023-04-28,HIGH,HEADER_EXPLICIT_DATE,29,False,DOC_0029,True,,556,235,0,0,116,True,False,False,True
2. record_0 (775).txt,06d899505733a9af435dab704572cd75,a25943344dc2b075680ad0a30b9436052810012326ec0a76e10de1eaafb68873,105639,103710,16290,Corte Constitucional,HIGH,OFFICIAL_HEADER_NUMBER,Sentencia de Tutela,T-361/19,2019.0,11.0,2019-11-22,HIGH,SENTENCE_IDENTIFIER,31,False,DOC_0031,True,,467,55,0,0,2,True,False,False,True
1.record_0 (415).txt,0715faa12e118d99361909bf8aaf4f59,7d06a321568c07ab76d79af72fe451389b918343b81ed879b95d0878b559edc9,436511,425945,66322,Corte Constitucional,MEDIUM,TEXT_MENTION_HEADER,Providencia,,,,,LOW,NONE,32,False,DOC_0032,True,,1139,480,0,1,20,True,False,True,True
3.record_0 (635).txt,07199198bc802a7a24f052f6d7ef6752,d5aee80d56b4487afa5b7692182cc87653178bb00b941eb39049e162b639d885,30583,30054,4569,Corte Constitucional,HIGH,OFFICIAL_HEADER_NUMBER,Auto de Sala Plena/Seguimiento,Auto-328/21,2021.0,,,HIGH,SENTENCE_IDENTIFIER,33,False,DOC_0033,True,,125,16,0,0,0,True,False,False,False
3.record_0 (1458).txt,07901396578fd8ef074cbe57f165a259,2f3aa9b91deefdabace87611c50d5145c7732decbc1a9d041ca26d216b1670ea,145727,142919,22276,Corte Suprema de Justicia,HIGH,INSTITUTION_HEADER,Providencia,,2020.0,9.0,2020-09-22,HIGH,HEADER_EXPLICIT_DATE,35,False,DOC_0035,True,,455,14,0,0,0,True,False,False,False
3.record_0 (876).txt,086023d879226368f23112ce8ea33b84,2d19333a2e26ff7b2ea42695b7f35649c927b8238f8a8886daca7deeaa67c492,47527,46561,7352,Consejo de Estado,HIGH,INSTITUTION_HEADER,Sentencia Contencioso Administrativa,,2019.0,9.0,2019-09-30,HIGH,HEADER_EXPLICIT_DATE,40,False,DOC_0040,True,,108,5,0,0,2,True,False,False,True
2. record_0 (247).txt,098a04ac85a8642e6aa06279a5834dab,38abbad376c7205d848583020e7b0d22c3131f21fb9792000c27cf50a8ff6abf,99991,97735,15223,Corte Constitucional,MEDIUM,TEXT_MENTION_HEADER,Providencia,,2021.0,1.0,2021-01-14,HIGH,HEADER_EXPLICIT_DATE,45,False,DOC_0045,True,,362,95,0,0,6,True,False,False,True
3.record_0 (364).txt,0a47bb28bf35ebaf88d4d1d289736ef1,3697a147fb0c44b8efaa8e3f0035d68b362a38927dabc9926d8b3d12c6a9caa7,33481,32688,5282,Corte Suprema de Justicia,HIGH,INSTITUTION_HEADER,Sentencia Casación SP,SP-2442/2021,2021.0,5.0,2021-05-08,HIGH,SENTENCE_IDENTIFIER,49,False,DOC_0049,True,,120,44,0,0,0,True,False,False,False
3.record_0 (165).txt,0ade49a3736ddc15433df91e668e8022,5650d279937e09a55b787f502345c58d782fcaec1d4f98a52a015f758e874f02,56372,55218,8272,Corte Constitucional,MEDIUM,TEXT_MENTION_HEADER,Providencia,,2021.0,4.0,2021-04-11,HIGH,HEADER_EXPLICIT_DATE,50,False,DOC_0050,True,,224,43,0,0,3,True,False,False,True
3.record_0 (1161).txt,0b02cc9c41ccef47134b51e69fa50262,6cdb6cbf2d4ab163b065ad15df9f653a43456d797ace1251f29fd7746a87d293,154887,151639,23638,Corte Constitucional,HIGH,OFFICIAL_HEADER_NUMBER,Sentencia de Constitucionalidad,C-155/22,2022.0,9.0,2022-09-29,HIGH,SENTENCE_IDENTIFIER,51,False,DOC_0051,True,,693,18,0,0,0,True,False,False,False
1.record_0 (282).txt,0bbf0ab2070bef364a401aa1ed4ec118,92f74094045185c03f347b265e4a39a38413e18dec114358c82a93becedae2de,122754,120389,18839,Corte Constitucional,HIGH,OFFICIAL_HEADER_NUMBER,Sentencia de Unificación,SU-062/19,2019.0,7.0,2019-07-26,HIGH,SENTENCE_IDENTIFIER,53,False,DOC_0053,True,,444,60,0,0,4,True,False,False,True
3.record_0 (72).txt,0bd2771c774025fd94b8279408e33a33,63607e78c7e7f4dcf76f96bc553ef964a2659051e7d54b7a0acdd43723e8abda,9043,8821,1372,Corte Suprema de Justicia,HIGH,INSTITUTION_HEADER,Sentencia Casación,Rad-11001,2020.0,,,MEDIUM,HEADER_FIRST_YEAR,54,False,DOC_0054,True,,23,6,0,0,0,True,False,False,False
3.record_0 (1471).txt,0c83e249a4142b83cdf6b0c6756e7832,421ef6b98399e4b962cb9aadcea2f00435fba07c6c828b2b128cf81bff2afd9b,140851,137707,21902,Corte Constitucional,HIGH,OFFICIAL_HEADER_NUMBER,Sentencia de Constitucionalidad,C-154/22,2022.0,8.0,2022-08-09,HIGH,SENTENCE_IDENTIFIER,59,False,DOC_0059,True,,364,154,0,0,3,True,False,False,True
2. record_0 (482).txt,0cc8319825799fc52050bf255ed9adb2,4ba17b71190549aaa2de969c0827efd402c6e5cf141b492f6f3d3ba5929fef4d,354177,347524,53524,Corte Constitucional,HIGH,OFFICIAL_HEADER_NUMBER,Sentencia de Tutela,T-425/22,2022.0,10.0,2022-10-25,HIGH,SENTENCE_IDENTIFIER,61,False,DOC_0061,True,,1908,275,1,1,59,True,True,True,True
3.record_0 (849).txt,0e20c5ff332398593e60beb84997c66d,24de90b6e4e88dec78a842c1e6e0440e379735ebea3d0dff2e28b7add06be314,123160,120899,19284,Corte Constitucional,HIGH,OFFICIAL_HEADER_NUMBER,Sentencia de Tutela,T-283/20,2020.0,9.0,2020-09-12,HIGH,SENTENCE_IDENTIFIER,65,False,DOC_0065,True,,441,37,0,0,13,True,False,False,True
3.record_0 (1930).txt,0e390724d5457e75999597b0108b0d3e,88bd322032d6cb9be838eee0d9518cff4cc9c09286596cca857424d995dcc9ae,447758,437351,67446,Corte Constitucional,HIGH,OFFICIAL_HEADER_NUMBER,Sentencia de Constitucionalidad,C-406/22,2022.0,6.0,2022-06-06,HIGH,SENTENCE_IDENTIFIER,66,False,DOC_0066,True,,1827,12,0,0,0,True,False,False,False
2. record_0 (366).txt,0ed8cb082c606bf63f902ac8e608bfa8,38631544244e3a63958615053afbffaee04534e620a14f3ab33eaa7c31d9fb9e,188808,185492,29163,Corte Constitucional,HIGH,OFFICIAL_HEADER_NUMBER,Sentencia de Tutela,T-241/16,2016.0,9.0,2016-09-29,HIGH,SENTENCE_IDENTIFIER,68,False,DOC_0068,True,,580,141,0,0,20,True,False,False,True
1.record_0 (150).txt,0fe40d8913c7207bc9ccea06ceb3eb02,734435324b9fbe075fe74d1e2ac56e5d077a5a11749b8cdb8c0460595a929b80,50558,49568,7935,Corte Constitucional,HIGH,OFFICIAL_HEADER_NUMBER,Sentencia de Constitucionalidad,C-335/21,2021.0,,,HIGH,SENTENCE_IDENTIFIER,71,False,DOC_0071,True,,161,14,0,0,0,True,False,False,False
3.record_0 (812).txt,101ee7784991ffba8353db6084bbef91,41a63d8f2e067be3cd06e175c84645888ef41b416b2761037c560f49b7ac1445,86726,84812,13265,Corte Constitucional,HIGH,OFFICIAL_HEADER_NUMBER,Sentencia de Constitucionalidad,C-154/22,2022.0,,,HIGH,SENTENCE_IDENTIFIER,72,False,DOC_0072,True,,369,24,0,0,1,True,False,False,True
2. record_0 (186).txt,10d319958cd2b4c4235474c3fc12562a,2b5968427d15bb20ef3bcb56e89a22d77a29ae48e7fdaaf499e2b815879cb6d3,117242,115030,18474,Corte Constitucional,MEDIUM,TEXT_MENTION_HEADER,Providencia,,2021.0,10.0,2021-10-25,HIGH,HEADER_EXPLICIT_DATE,76,False,DOC_0076,True,,435,127,0,0,5,True,False,False,True
5. (61).txt,1190b6d741a5a1c7526f3860da122398,be5904873d9412ee9d37fd61105278a1271423477afebfb19a7f3694114a4882,258927,253494,39553,Corte Constitucional,MEDIUM,TEXT_MENTION_HEADER,Providencia,,2022.0,9.0,2022-09-06,HIGH,HEADER_EXPLICIT_DATE,78,False,DOC_0078,True,,827,20,0,0,1,True,False,False,True
3.record_0 (1256).txt,11bcc0c444e4410b0b41e8224d0ea920,56aba446e902d494a602605bb9a086d862f5e48288f82cd22efbfd52039a9d31,88680,86853,13565,Corte Constitucional,MEDIUM,TEXT_MENTION_HEADER,Providencia,,2022.0,8.0,2022-08-02,HIGH,HEADER_EXPLICIT_DATE,79,False,DOC_0079,True,,317,3,0,0,0,True,False,False,False
3.record_0 (74).txt,125091834d0ef07eaaf50a23c79e8678,75a966ecca32407a106663e20204851a3681aaf14a008dafd780b1cdff633c42,15163,14882,2407,Corte Suprema de Justicia,HIGH,INSTITUTION_HEADER,Sentencia Casación STL,STL-12528/2016,2016.0,7.0,2016-07-19,HIGH,SENTENCE_IDENTIFIER,82,False,DOC_0082,True,,29,6,0,0,0,True,False,False,False
1.record_0 (240).txt,12e97b5e2394f6a12d467efb63df51ba,9a305387cbb6bf12186e58baa6f1e2b708858855427d860521a3fe6f0e825626,97732,95915,15068,Consejo de Estado,HIGH,INSTITUTION_HEADER,Sentencia Contencioso Administrativa,,,,,LOW,NONE,85,False,DOC_0085,True,,233,11,0,0,1,True,False,False,True
3.record_0 (421).txt,12f2cc066fff7f993d7e5e4f9359d244,cb25323c91555704e0a4a29170b8dcb8733f37cc76e385ec5e50f1c205abe917,75957,74250,11838,Consejo de Estado,HIGH,INSTITUTION_HEADER,Sentencia Contencioso Administrativa,,2015.0,5.0,2015-05-28,HIGH,HEADER_EXPLICIT_DATE,86,False,DOC_0086,True,,183,32,0,0,2,True,False,False,True
3.record_0 (1443).txt,130a8087e484a95efe4cbf698c757407,9b4b8996d39c226bb464defebab0d1a47da296b643a7be60c9821fdd9880df7d,437931,430485,66826,Corte Constitucional,HIGH,OFFICIAL_HEADER_NUMBER,Sentencia de Constitucionalidad,C-145/20,2020.0,3.0,2020-03-17,HIGH,SENTENCE_IDENTIFIER,88,False,DOC_0088,True,,1448,29,0,0,6,True,False,False,True
2. record_0 (1041).txt,1354c760b8e775fd42954d15eca29804,9a22053e7a1f7898345186c526ccd5b0fdb2d66fa9cf1dd05d32980997f26f9b,214357,209876,32485,Corte Constitucional,HIGH,OFFICIAL_HEADER_NUMBER,Auto de Sala Plena/Seguimiento,Auto-266/09,2009.0,7.0,2009-07-10,HIGH,SENTENCE_IDENTIFIER,89,False,DOC_0089,True,,635,69,0,0,6,True,False,False,True
2. record_0 (635).txt,1388bfbf99e4a5d4b7e3eaf7b8920862,acf0faa29c8b844827957b54faafc05591133c51997989fa965633576dcdf19a,160314,156845,24823,Corte Constitucional,HIGH,OFFICIAL_HEADER_NUMBER,Sentencia de Tutela,T-198/22,2022.0,11.0,2022-11-14,HIGH,SENTENCE_IDENTIFIER,90,False,DOC_0090,True,,616,232,0,0,113,True,False,False,True
2. record_0 (667).txt,144387d7a5454805156f7ca5a1a16cde,2a1844fbffb16026e075015790e4fff9c510782a3542463f89306ddbf757c7d9,83156,81261,12554,Corte Constitucional,HIGH,OFFICIAL_HEADER_NUMBER,Auto de Sala Plena/Seguimiento,Auto-643/22,2022.0,11.0,2022-11-02,HIGH,SENTENCE_IDENTIFIER,92,False,DOC_0092,True,,366,129,0,0,3,True,False,False,True
3.record_0 (1157).txt,14715f075406a723a3869a3a6e8a111e,8928fb8f5a030bf8156302b6879fd4e568c9da979abd650bca1a19f15b051d9a,145555,142711,22145,Corte Suprema de Justicia,HIGH,INSTITUTION_HEADER,Providencia,,2020.0,9.0,2020-09-22,HIGH,HEADER_EXPLICIT_DATE,94,False,DOC_0094,True,,446,11,0,0,0,True,False,False,False
2. record_0 (966).txt,14ab28c2566ed447d689eeaed9560211,3d790fdc019c9df03aa7bfabc2fc4aac9b24bfe3d014f28e9332475dd2087168,194205,190591,29225,Corte Constitucional,HIGH,OFFICIAL_HEADER_NUMBER,Sentencia de Constitucionalidad,C-293/19,2019.0,11.0,2019-11-22,HIGH,SENTENCE_IDENTIFIER,95,False,DOC_0095,True,,432,119,0,3,29,True,False,True,True
2. record_0 (1104).txt,15b3e5e4ce1fee3848bb8e34313804ba,de4ded56517b9858cbf7b3e1c29f7ead0bcf923963407e0b5a8913d290aa49a3,204625,200736,31319,Corte Suprema de Justicia,HIGH,INSTITUTION_HEADER,Providencia,,2020.0,9.0,2020-09-22,HIGH,HEADER_EXPLICIT_DATE,99,False,DOC_0099,True,,591,12,0,0,0,True,False,False,False
1.record_0 (42).txt,15c9181eb98e4995f40cdc393de179ae,43df04c249819754fcc81f8a1018f807445136a7ddb32291b43e74865edabb71,12999,12746,1960,Corte Constitucional,HIGH,OFFICIAL_HEADER_NUMBER,Auto de Sala Plena/Seguimiento,Auto-083/22,2022.0,12.0,2022-12-15,HIGH,SENTENCE_IDENTIFIER,100,False,DOC_0100,True,,69,30,0,0,0,True,False,False,False
2. record_0 (830).txt,1701d8423be87a918cc5d899aa891908,b924542e2aa8eaa30976e26768fe438b96d20d6ef0fa85c471b1a881fe985d1a,135953,133227,21225,Corte Constitucional,HIGH,OFFICIAL_HEADER_NUMBER,Sentencia de Tutela,T-677/11,2011.0,3.0,2011-03-30,HIGH,SENTENCE_IDENTIFIER,103,False,DOC_0103,True,,311,53,0,0,3,True,False,False,True
3.record_0 (1575).txt,17162777c2a837b73ea774a356cb6cbb,a23b602542cb47138986ac387964467f96bbf64f76bd71a04b66ed02f06a0470,243961,239253,37317,Corte Constitucional,HIGH,OFFICIAL_HEADER_NUMBER,Sentencia de Constitucionalidad,C-848/14,2014.0,,,HIGH,SENTENCE_IDENTIFIER,105,False,DOC_0105,True,,713,86,0,1,9,True,False,True,True
3.record_0 (1855).txt,1890362c243d7bdf883a6cb92434c3c5,52374a93877ecbb823c2df0050c25136eca45f440b97b44211f1bb36c4f127a6,332207,325879,49790,Corte Constitucional,HIGH,OFFICIAL_HEADER_NUMBER,Auto de Sala Plena/Seguimiento,Auto-859/22,2022.0,,,HIGH,SENTENCE_IDENTIFIER,111,False,DOC_0111,True,,1788,255,1,1,10,True,True,True,True
2. record_0 (536).txt,19ebbbbbf89d517514cc929768efdb8d,798e9df7a2e222dc4cef6dca60b11594a837b391c8a4757d8e63c467bbf22399,112273,110005,17010,Corte Constitucional,HIGH,OFFICIAL_HEADER_NUMBER,Sentencia de Tutela,T-016/22,2022.0,3.0,2022-03-12,HIGH,SENTENCE_IDENTIFIER,116,False,DOC_0116,True,,634,147,0,0,2,True,False,False,True
3.record_0 (1284).txt,1a1c5cfa55edc92d89b1d4a8e694611f,6957ed41bde11ed993f4b18b2ca716ecb8fea75222a1404f233d2f997fa45a50,192815,187762,30493,Corte Constitucional,HIGH,OFFICIAL_HEADER_NUMBER,Sentencia de Tutela,T-174/22,2022.0,9.0,2022-09-22,HIGH,SENTENCE_IDENTIFIER,118,False,DOC_0118,True,,877,53,0,0,1,True,False,False,True
2. record_0 (1370).txt,1a7371b38ef6020274909a3f57e9cd30,7ea9b3fcf7046b77d6e7f1ad9bff2d47d64b25d87e58977d7fcf2b1b2ff1eb50,2842880,2786499,435455,Corte Constitucional,HIGH,OFFICIAL_HEADER_NUMBER,Sentencia de Constitucionalidad,C-080/18,2018.0,12.0,2018-12-18,HIGH,SENTENCE_IDENTIFIER,120,False,DOC_0120,True,,9258,1160,0,0,43,True,False,False,True
2. record_0 (492).txt,1ab40f7370c85e24a8e022e6f02375b7,879a24af4597d2c93d969d3aec8482b3668ca9ba5b85231b61076628cba1f537,57993,56707,8665,Corte Constitucional,HIGH,OFFICIAL_HEADER_NUMBER,Auto de Sala Plena/Seguimiento,Auto-1139/22,2022.0,11.0,2022-11-05,HIGH,SENTENCE_IDENTIFIER,124,False,DOC_0124,True,,216,25,0,0,0,True,False,False,False
3.record_0 (891).txt,1ade893b35f6a48b969b717d3208425d,38beccf873205683c359103a92de7dc087cc8b3f6396d7e57c41820ec8db690e,115032,112729,17588,Corte Suprema de Justicia,HIGH,INSTITUTION_HEADER,Providencia,,2023.0,6.0,2023-06-28,HIGH,HEADER_EXPLICIT_DATE,127,False,DOC_0127,True,,449,35,2,3,27,True,True,True,True
3.record_0 (1838).txt,1bf5632e55a8d33fdb173632be515bd8,57c868a452593ece85a2e9f7b9bdf544c0d0623054b1a69ca4dab75437844444,397187,389352,62056,Corte Constitucional,HIGH,OFFICIAL_HEADER_NUMBER,Sentencia de Tutela,T-404/21,2021.0,3.0,2021-03-29,HIGH,SENTENCE_IDENTIFIER,129,False,DOC_0129,True,,1213,31,0,0,15,True,False,False,True
2. record_0 (1012).txt,1d2253cad5b309b36aea8841c627703a,b84bd38ac656eef076bde532ede62d70f8ce80ddf1ef5b86b46b04eeb1f1a569,174475,170639,26694,Corte Constitucional,HIGH,OFFICIAL_HEADER_NUMBER,Sentencia de Tutela,T-401/21,2021.0,10.0,2021-10-08,HIGH,SENTENCE_IDENTIFIER,130,False,DOC_0130,True,,697,29,8,9,17,True,True,True,True
1.record_0 (238).txt,1d392cabd4c9fd6cb86d03f5b63d8c28,c6e27005c1d43dd24263ae4854f24ad36ae0fde3b2e77e348a3c3a200d58380e,254413,249026,40769,Corte Constitucional,HIGH,OFFICIAL_HEADER_NUMBER,Sentencia de Tutela,T-033/20,2020.0,4.0,2020-04-21,HIGH,SENTENCE_IDENTIFIER,131,False,DOC_0131,True,,711,57,0,1,1,True,False,True,True
3.record_0 (735).txt,1e5b4113f69d385826e3ba8ab08f9020,9f375f84f84845d87cdb40f31584e632347401db2e9e49b0c552e5b7933b1e7f,37411,36628,5776,Corte Constitucional,HIGH,OFFICIAL_HEADER_NUMBER,Sentencia de Constitucionalidad,C-200/21,2021.0,,,HIGH,SENTENCE_IDENTIFIER,137,False,DOC_0137,True,,110,21,1,1,8,True,True,True,True
2. record_0 (968).txt,1ea091b00d724aec6225154c37167fe9,2eb13bf6e93e5f492fed7f32aa760fdf73cc5251aa03f360e9d72c65dec797b2,168041,164768,26693,Consejo de Estado,HIGH,INSTITUTION_HEADER,Sentencia Contencioso Administrativa,,2012.0,8.0,2012-08-15,HIGH,HEADER_EXPLICIT_DATE,139,False,DOC_0139,True,,470,127,0,0,11,True,False,False,True
2. record_0 (543).txt,1fc2718193f25a892fcdc5208361fa2b,0112b87afdf20859f853a7e759e960228856e13cbc861ac2ffc51b84d850ea06,56159,55206,8448,Corte Constitucional,MEDIUM,TEXT_MENTION_HEADER,Providencia,,2023.0,6.0,2023-06-23,HIGH,HEADER_EXPLICIT_DATE,145,False,DOC_0145,True,,196,19,0,0,14,True,False,False,True
3.record_0 (795).txt,1fec248459bd8bcf3d103faf5ef0235f,5b19422461e40dd8647b5fe97d3fb6b99d392b5a3e0b5463fd6d9726c2c34806,85025,83477,12454,Corte Constitucional,MEDIUM,TEXT_MENTION_HEADER,Providencia,,2013.0,,,MEDIUM,HEADER_FIRST_YEAR,147,False,DOC_0147,True,,294,20,0,0,1,True,False,False,True
1.record_0 (472).txt,2042d997048e175a0e9b4b4d6eb13dbb,f5a79c74f6358d0a4b56a00162cb5297215253c5978eb0fccd2903b0541dc9af,815093,801268,122001,Corte Constitucional,HIGH,OFFICIAL_HEADER_NUMBER,Auto de Sala Plena/Seguimiento,Auto-092/08,2008.0,5.0,2008-05-10,HIGH,SENTENCE_IDENTIFIER,149,False,DOC_0149,True,,2978,949,1,8,93,True,True,True,True
2. record_0 (322).txt,20f63193769125ed0adb8dba293842a2,b124b0a347c9d61383d5b3d17ce4a233406cd51c376df211ba2a838ecbcd603d,33494,32922,5099,Consejo de Estado,HIGH,INSTITUTION_HEADER,Sentencia Contencioso Administrativa,,2013.0,10.0,2013-10-17,HIGH,HEADER_EXPLICIT_DATE,151,False,DOC_0151,True,,105,8,0,0,1,True,False,False,True
1.record_0 (382).txt,220d6f2360664f93d809afffee6ac252,328eeeee620a206420c8e896a3e5701c4a43c41ff00e4cdea7c634455db1a8a0,192568,189635,30084,Corte Constitucional,HIGH,OFFICIAL_HEADER_NUMBER,Sentencia de Tutela,T-772/15,2015.0,,,HIGH,SENTENCE_IDENTIFIER,158,False,DOC_0158,True,,588,197,0,0,20,True,False,False,True
1.record_0 (337).txt,22107a9389ec114e48c194e86608b56b,1e8a6428c9595aa3caea5308bba2f49e08b48751b2c414e64cabd42f7b0a474f,154153,151169,24264,Corte Suprema de Justicia,HIGH,INSTITUTION_HEADER,Sentencia Casación,Rad-00532,2017.0,10.0,2017-10-25,HIGH,HEADER_EXPLICIT_DATE,159,False,DOC_0159,True,,409,113,0,0,6,True,False,False,True
3.record_0 (354).txt,231b3a185aeb6f5efc6dc7ba6036bae7,62ba959e739b852ba64f52a9fe7430e95df0fd9eebb99815eb944a1e32d285a2,49090,48044,7296,Corte Constitucional,HIGH,OFFICIAL_HEADER_NUMBER,Auto de Sala Plena/Seguimiento,Auto-118/22,2022.0,4.0,2022-04-20,HIGH,SENTENCE_IDENTIFIER,162,False,DOC_0162,True,,186,32,0,0,2,True,False,False,True
2. record_0 (233).txt,233837791f37888c2ceaa3a5d5f01b7a,b76a308a458b7ef66070f0ff7b803c87d492bee2613a24884424019955bc0a61,20907,20516,3199,Corte Constitucional,MEDIUM,TEXT_MENTION_HEADER,Providencia,,1994.0,6.0,1994-06-09,HIGH,HEADER_EXPLICIT_DATE,164,False,DOC_0164,True,,82,29,0,0,3,True,False,False,True
3.record_0 (926).txt,2349af3e313f776e45ffc24b6aab1dd1,2c42c49f1caf9dede7cebe6d2eac093fa8ac5f9f4592ff1f5aa769e2993d1b31,148914,145441,23115,Corte Constitucional,MEDIUM,TEXT_MENTION_HEADER,Providencia,,2021.0,10.0,2021-10-08,HIGH,HEADER_EXPLICIT_DATE,165,False,DOC_0165,True,,477,211,0,0,55,True,False,False,True
3.record_0 (1876).txt,2398dc625f1c40cf0f838e9d016d389c,8b025b57659211cf8c561720083ad3d4bb0d187644e480a4f2cda9de508a2ef7,597096,586412,90735,Corte Constitucional,HIGH,OFFICIAL_HEADER_NUMBER,Auto de Sala Plena/Seguimiento,Auto-331/19,2019.0,,,HIGH,SENTENCE_IDENTIFIER,167,False,DOC_0167,True,,2257,363,0,0,45,True,False,False,True
3.record_0 (1232).txt,24c0e225ce64b8ddc818d678a04043b9,fecd3fb4b7018325b900bf14ac97e2b584fc3a0ada6142eef9394df2933ec4d9,102039,99932,15399,Consejo de Estado,HIGH,INSTITUTION_HEADER,Sentencia Contencioso Administrativa,,2017.0,5.0,2017-05-13,HIGH,HEADER_EXPLICIT_DATE,168,False,DOC_0168,True,,273,35,0,0,6,True,False,False,True
6.record_0 (265).txt,24eb83eb115f58591fab61fb16b5ce49,9bd44b9fd0199d7c8f265789330a0ac3b6470b619e799c75e12dcbf8d8a33173,110228,108001,17475,Corte Constitucional,HIGH,OFFICIAL_HEADER_NUMBER,Sentencia de Constitucionalidad,C-047/20,2020.0,7.0,2020-07-15,HIGH,SENTENCE_IDENTIFIER,169,False,DOC_0169,True,,316,22,0,0,0,True,False,False,False
1.record_0 (313).txt,250a230d08b036b5816f2f8849cd6cf7,ce51ef9a18b01de67d008da910203abf92acdb20a5b24512282dc47e1bdf2b5e,170641,167452,25229,Corte Constitucional,HIGH,OFFICIAL_HEADER_NUMBER,Sentencia de Constitucionalidad,C-335/13,2013.0,,,HIGH,SENTENCE_IDENTIFIER,170,False,DOC_0170,True,,381,210,0,0,39,True,False,False,True
3.record_0 (1625).txt,256ddba397a1c81f2db28efc1f2ef2d1,6103bfa1872bd16cb9d454ea382b04690367bcfa3a21ac2f5f46c67dbafd2e5f,202687,198635,30515,Corte Constitucional,HIGH,OFFICIAL_HEADER_NUMBER,Sentencia de Unificación,SU-261/21,2021.0,1.0,2021-01-30,HIGH,SENTENCE_IDENTIFIER,171,False,DOC_0171,True,,976,14,0,0,0,True,False,False,False
3.record_0 (28).txt,25f04d65aa4bbbbd140e9bb71eb084a8,b2561d7d05df93a4ef4cdbb209a11924cb7213d6373c9cfe041ecf4377a7fe41,2244,2204,367,Corte Constitucional,MEDIUM,TEXT_MENTION_HEADER,Providencia,,2021.0,9.0,2021-09-02,HIGH,HEADER_EXPLICIT_DATE,172,False,DOC_0172,True,,7,2,0,0,0,True,False,False,False
3.record_0 (1361).txt,265cf6cfb9b3a80e2d9d0a4b4b8042bb,8a7410220f3cce3e11da9ff6e0532b3d522797be83b23798ec1be6c799de28cf,135297,132672,21537,Consejo de Estado,HIGH,INSTITUTION_HEADER,Sentencia Contencioso Administrativa,,2005.0,11.0,2005-11-15,HIGH,HEADER_EXPLICIT_DATE,174,False,DOC_0174,True,,352,130,0,0,22,True,False,False,True
2. record_0 (666).txt,26d7182bcd126d502b5bc2aac60c1933,4f1b05f0cd9a9f6d8d1658505de114e31af087919b99115c5881daafea9754b8,179552,175601,28536,Consejo de Estado,HIGH,INSTITUTION_HEADER,Sentencia Contencioso Administrativa,,2018.0,8.0,2018-08-15,HIGH,HEADER_EXPLICIT_DATE,175,False,DOC_0175,True,,403,113,0,0,8,True,False,False,True
2. record_0 (182).txt,274c61987612fa6a7fbb851c8b25976f,92e246f4fc68704f3713b335b07ee05c8db9c3a17b04190977869d2b065070a2,19718,19382,3090,Corte Constitucional,HIGH,OFFICIAL_HEADER_NUMBER,Sentencia de Constitucionalidad,C-222/22,2022.0,7.0,2022-07-24,HIGH,SENTENCE_IDENTIFIER,177,False,DOC_0177,True,,58,24,0,0,0,True,False,False,False
2. record_0 (295).txt,27634d2b42dc02a23f4e7717451d8424,9ce6d4a953c970f35c759fcc49452356c3784bdeaaf91ce8fd0f7de9b4a3f3e1,31880,31238,5105,Corte Suprema de Justicia,HIGH,INSTITUTION_HEADER,Sentencia Casación STL,STL-11149/2019,2019.0,7.0,2019-07-02,HIGH,SENTENCE_IDENTIFIER,178,False,DOC_0178,True,,52,12,0,0,9,True,False,False,True
3.record_0 (1840).txt,2af43f31dd8918d613547f07e2bfe26a,e6d5e867a6f2029b73adeb31f2851673732197d4fe68244122f9c26acd7b9a99,381195,373668,58790,Corte Constitucional,HIGH,OFFICIAL_HEADER_NUMBER,Sentencia de Unificación,SU-397/21,2021.0,3.0,2021-03-06,HIGH,SENTENCE_IDENTIFIER,184,False,DOC_0184,True,,1216,42,0,0,4,True,False,False,True
1.record_0 (533).txt,2b0b5c94c7d173af68e75c0d24b21fc5,af7333870cbd38b4dfb691362a10c6ae1dd2ea41e76e932ae18969fff90e5d07,786939,765550,116504,Corte Constitucional,HIGH,OFFICIAL_HEADER_NUMBER,Sentencia de Tutela,T-242/22,2022.0,7.0,2022-07-31,HIGH,SENTENCE_IDENTIFIER,185,False,DOC_0185,True,,2960,57,0,0,1,True,False,False,True
2. record_0 (426).txt,2b15d27286d88af667c1ce1a16eac164,f57b05e5b1e981a2f92e18255a1dec8727046aac7b4592c50fc3de9f3b3de19a,172379,168851,26419,Corte Constitucional,HIGH,OFFICIAL_HEADER_NUMBER,Sentencia de Tutela,T-430/22,2022.0,3.0,2022-03-10,HIGH,SENTENCE_IDENTIFIER,186,False,DOC_0186,True,,612,135,0,0,7,True,False,False,True
2. record_0 (967).txt,2bff56490f526256540b1286a5f1a94a,87a98acc5910dd9e7af821fb3720611dc2dcc5bcdfdc7b15275dcd8c376c401b,197679,194520,30287,Corte Constitucional,HIGH,OFFICIAL_HEADER_NUMBER,Sentencia de Tutela,T-283/13,2013.0,5.0,2013-05-15,HIGH,SENTENCE_IDENTIFIER,187,False,DOC_0187,True,,592,20,0,0,1,True,False,False,True
1.record_0 (383).txt,2c137ed7ae01c827d439448b8c81ef1d,9616b92c09b7718b2d56f06dc7dde815649b0c3f79129ab50976c27725aab96b,230775,225913,36078,Corte Suprema de Justicia,HIGH,INSTITUTION_HEADER,Sentencia Casación SP,SP-8854/2016,2016.0,2.0,2016-02-24,HIGH,SENTENCE_IDENTIFIER,188,False,DOC_0188,True,,664,191,0,1,34,True,False,True,True
4. (77).txt,2c6a8d37b6f4e8e14735ca11d2ea970e,ff797606d6e902e0a743098a6ca0491f71a02503fe1d79904db2f8ce25256bb4,203292,199513,30417,Corte Constitucional,MEDIUM,TEXT_MENTION_HEADER,Providencia,,2002.0,5.0,2002-05-05,HIGH,HEADER_EXPLICIT_DATE,189,False,DOC_0189,True,,704,230,0,0,14,True,False,False,True
3.record_0 (752).txt,2c96bf5929fdc504b5d030aa515525c6,fa55d906484181c63eb0dff1b6a3527f55468890c17e0b6bc753cd9eeff5fad0,111395,109052,17511,Corte Constitucional,MEDIUM,TEXT_MENTION_HEADER,Providencia,,2022.0,8.0,2022-08-10,HIGH,HEADER_EXPLICIT_DATE,191,False,DOC_0191,True,,413,80,0,0,7,True,False,False,True
2. record_0 (443).txt,2d7585e1c6345b8fcb865e10f941ccc8,bac29508b2b2924cc512bc49f2e71200126d25b89d97544636699aa1daf72856,85632,83825,13088,Corte Constitucional,HIGH,OFFICIAL_HEADER_NUMBER,Sentencia de Tutela,T-022/22,2022.0,10.0,2022-10-21,HIGH,SENTENCE_IDENTIFIER,192,False,DOC_0192,True,,377,65,0,0,9,True,False,False,True
1.record_0 (202).txt,2df391b6c17aa1a6ca8c53b7fde1f7c8,21c6e18de12ffbd0dbdede60b96cbc011ed681ba0e5d2282a962180fb4233b37,140341,137390,21724,Corte Constitucional,HIGH,OFFICIAL_HEADER_NUMBER,Sentencia de Tutela,T-514/17,2017.0,11.0,2017-11-16,HIGH,SENTENCE_IDENTIFIER,194,False,DOC_0194,True,,479,109,2,2,7,True,True,True,True
2. record_0 (1217).txt,2e6c98b20a5cae3ad4721efb1e210932,c81f414999def66bbcd07cfe841983c1af288379ca5728992d15e629fca7d99d,383878,375812,60596,Corte Constitucional,HIGH,OFFICIAL_HEADER_NUMBER,Sentencia de Tutela,T-629/10,2010.0,2.0,2010-02-09,HIGH,SENTENCE_IDENTIFIER,196,False,DOC_0196,True,,1422,137,0,1,30,True,False,True,True
3.record_0 (1404).txt,2f4f1ddd914292acb0dc8de47e618998,9e000f1b5c3227dead3fb6e7d5513ff4a08604f99ebef4f455144b1ce7c48e70,112987,110633,17937,Corte Suprema de Justicia,HIGH,INSTITUTION_HEADER,Providencia,,2022.0,7.0,2022-07-25,HIGH,HEADER_EXPLICIT_DATE,200,False,DOC_0200,True,,575,19,0,0,0,True,False,False,False
3.record_0 (125).txt,2fc0ac90441e4127ff425f4acb23e5b0,09ac3030f7fc94eb2926f3fc4e4593f82732fdce4a56e702bb5a5518df5ddf03,27457,26932,4275,Corte Suprema de Justicia,HIGH,INSTITUTION_HEADER,Sentencia Casación STL,STL-7640/2020,2020.0,7.0,2020-07-30,HIGH,SENTENCE_IDENTIFIER,202,False,DOC_0202,True,,54,6,0,0,2,True,False,False,True
3.record_0 (703).txt,302d22f0d36f58473415b681531d4837,c14f815e21a7557ddfb732d582fb88d4a9569972497a1299ba7a0b15847c68da,34484,33698,5475,Corte Constitucional,MEDIUM,TEXT_MENTION_HEADER,Providencia,,2023.0,12.0,2023-12-11,HIGH,HEADER_EXPLICIT_DATE,203,False,DOC_0203,True,,73,11,1,1,1,True,True,True,True
2. record_0 (318).txt,302e656a89322f491b1e5045dc51a5ec,08b864b99eac2edb03ea7794961935e7bbe634af59fbca10ed9f2a30daf56ee5,317230,310652,49646,Corte Suprema de Justicia,HIGH,INSTITUTION_HEADER,Providencia,,2021.0,3.0,2021-03-03,HIGH,HEADER_EXPLICIT_DATE,204,False,DOC_0204,True,,1163,149,0,0,8,True,False,False,True
3.record_0 (356).txt,3159c06be7efb2a25c8c54cb84de68f5,19eea7086d46c8d7672bd226ea93409a8bf6f4bc9986bbfcd28a2df2431de631,49394,48377,7375,Corte Constitucional,MEDIUM,TEXT_MENTION_HEADER,Providencia,,2022.0,7.0,2022-07-18,HIGH,HEADER_EXPLICIT_DATE,208,False,DOC_0208,True,,213,19,0,0,1,True,False,False,True
1.record_0 (386).txt,339a19c83255917ef1776368ec9a9959,4398fe358506b3317bdf50e841cbf1a0bc9c07647e2044bb59325828daf3884c,869577,853056,131033,Corte Constitucional,HIGH,OFFICIAL_HEADER_NUMBER,Sentencia de Tutela,T-025/04,2004.0,,,HIGH,SENTENCE_IDENTIFIER,215,False,DOC_0215,True,,2513,1151,0,0,37,True,False,False,True
3.record_0 (374).txt,344bfc6d0f8780b8c870fdeec6958991,853ec82d515d631c20b203b74521183b012ea690abab0d592e0b54be1b3a0391,77811,76127,11900,Corte Constitucional,HIGH,OFFICIAL_HEADER_NUMBER,Auto de Sala Plena/Seguimiento,Auto-122/22,2022.0,,,HIGH,SENTENCE_IDENTIFIER,216,False,DOC_0216,True,,331,41,0,0,0,True,False,False,False
2. record_0 (292).txt,35138ef2f33d09256172d51e8d845715,4b17f930a92dc23e2dc76bd823cd51fde1bc2c8dd6c79ffc59b0182715470e24,144116,141114,22738,Corte Constitucional,HIGH,OFFICIAL_HEADER_NUMBER,Sentencia de Tutela,T-316/20,2020.0,6.0,2020-06-12,HIGH,SENTENCE_IDENTIFIER,218,False,DOC_0218,True,,504,126,7,7,19,True,True,True,True
2. record_0 (1337).txt,35c302cfa82203632bc7e782597d1680,d7a064d93d65d17e54adf657037c70032c05e9cfee41c8211e529e2d5d3149d5,846936,832542,127711,Corte Constitucional,HIGH,OFFICIAL_HEADER_NUMBER,Sentencia de Constitucionalidad,C-255/20,2020.0,3.0,2020-03-17,HIGH,SENTENCE_IDENTIFIER,219,False,DOC_0219,True,,3015,159,0,0,6,True,False,False,True
3.record_0 (42).txt,36cab083003fd5ae23180cd8849cba5b,36028ee0ff33617b8780c2ca2cdad1eb9cd2a3357a8122c7ee7c1e369d080b1b,45274,44227,7132,Corte Suprema de Justicia,HIGH,INSTITUTION_HEADER,Providencia,,2023.0,4.0,2023-04-05,HIGH,HEADER_EXPLICIT_DATE,226,False,DOC_0226,True,,140,24,0,0,1,True,False,False,True
6.record_0 (24).txt,375bd984350d41c8f6604dfad9379bc1,a3656ac83d0af6ade4a4c036c37a8c5bd3701a7ebf0d806004edefb12ccbe4e2,20269,19823,3080,Consejo de Estado,HIGH,INSTITUTION_HEADER,Sentencia Contencioso Administrativa,,2019.0,11.0,2019-11-20,HIGH,HEADER_EXPLICIT_DATE,227,False,DOC_0227,True,,62,4,0,0,0,True,False,False,False
3.record_0 (27).txt,37879cee4a99239e394c63ae8490edaa,779c5047fa47b05ef7b372ffb5cf7406022ffea70b573112dbb195916ded7c56,1888,1856,296,Corte Constitucional,MEDIUM,TEXT_MENTION_HEADER,Providencia,,2020.0,,,MEDIUM,HEADER_FIRST_YEAR,228,False,DOC_0228,True,,3,1,0,0,1,True,False,False,True
3.record_0 (309).txt,37aa4cf6d3905e7d4714599c482de13a,482f2551909a613a33c6804193731f36b3aa11b3180562e0f2a60cb986377923,63496,62146,9587,Corte Constitucional,HIGH,OFFICIAL_HEADER_NUMBER,Auto de Sala Plena/Seguimiento,Auto-1481/22,2022.0,7.0,2022-07-26,HIGH,SENTENCE_IDENTIFIER,230,False,DOC_0230,True,,241,45,0,0,3,True,False,False,True
2. record_0 (831).txt,37dcef16cc64960466cc96423104a3b3,6c15509715e6cd66268d8e1a2fb9ac3159f6327f1536b31ea8f9c2c9d08ca629,123890,121257,19834,Corte Constitucional,MEDIUM,TEXT_MENTION_HEADER,Providencia,,2002.0,9.0,2002-09-09,HIGH,HEADER_EXPLICIT_DATE,232,False,DOC_0232,True,,304,82,0,0,4,True,False,False,True
3.record_0 (10).txt,37ea0ef350c49ab6208ba0395bc63e26,8bcd2a811de082dfc4ed86507a0c0f2cdfbbe497e158c37a1b35b2ba87e60d8e,46191,45422,7072,Consejo de Estado,HIGH,INSTITUTION_HEADER,Sentencia Contencioso Administrativa,,2020.0,5.0,2020-05-04,HIGH,HEADER_EXPLICIT_DATE,233,False,DOC_0233,True,,127,24,0,0,0,True,False,False,False
1.record_0 (74).txt,38b7f9161fecc515b21b83fcd59796f6,ce3afea0b8d0e01fdab24042f757ad3fd1be4e6736574be1fcffd36a09684b00,24003,23486,3687,Corte Suprema de Justicia,HIGH,INSTITUTION_HEADER,Sentencia Casación STC,STC-10547/2019,2019.0,6.0,2019-06-06,HIGH,SENTENCE_IDENTIFIER,234,False,DOC_0234,True,,94,5,0,0,0,True,False,False,False
3.record_0 (754).txt,395ea6d4edda4fe94059838381a4d817,b5fa2cf3c4fe0b9d0f8548413d294f04ec1142d3d4fac0a53aba9c646dce47be,73274,71640,11061,Corte Constitucional,MEDIUM,TEXT_MENTION_HEADER,Providencia,,2021.0,11.0,2021-11-30,HIGH,HEADER_EXPLICIT_DATE,235,False,DOC_0235,True,,274,43,2,2,4,True,True,True,True
1.record_0 (497).txt,398ee554d3f50ac906e2c67cf625188e,f535051cec4df4e73ca5d5c5c403651f3e81b2b6917ba0ce9c9094bca03c73de,315076,309209,47883,Corte Constitucional,HIGH,OFFICIAL_HEADER_NUMBER,Sentencia de Constitucionalidad,C-111/22,2022.0,7.0,2022-07-14,HIGH,SENTENCE_IDENTIFIER,236,False,DOC_0236,True,,1654,405,6,7,24,True,True,True,True
3.record_0 (1019).txt,3ad37dbdd397dbf17b1a573dde082704,01c97f410ee936ae74667c1f2ee86a11d3eb37c360d26b9bc4ff1f1506d6bfe2,59970,58565,8854,Corte Constitucional,MEDIUM,TEXT_MENTION_HEADER,Providencia,,2010.0,5.0,2010-05-11,HIGH,HEADER_EXPLICIT_DATE,237,False,DOC_0237,True,,313,84,0,0,1,True,False,False,True
2. record_0 (234).txt,3ccd45917f62b18dcd317a77705810ac,7bfc02b575fdd20879f02096d67a0fd0812d21cc955f607dded2f6dd17ede038,48230,47148,7081,Corte Constitucional,HIGH,OFFICIAL_HEADER_NUMBER,Auto de Sala Plena/Seguimiento,Auto-1588/22,2022.0,10.0,2022-10-15,HIGH,SENTENCE_IDENTIFIER,242,False,DOC_0242,True,,206,36,0,0,3,True,False,False,True
3.record_0 (1617).txt,3cebb27847f313c3baed7169caa67c35,3c23026a7d2d5fae531bf7568bd15577f6c90decd80dfc4b269a0563232d63e2,189571,186317,27806,Corte Constitucional,HIGH,OFFICIAL_HEADER_NUMBER,Sentencia de Constitucionalidad,C-102/21,2021.0,2.0,2021-02-06,HIGH,SENTENCE_IDENTIFIER,244,False,DOC_0244,True,,718,262,1,2,91,True,True,True,True
2. record_0 (901).txt,3e208d12f762be5b8a02678d52e9da41,2589ef78e91d3f9d68bf5259905e9ebc60593bc92e62ecfd263a3163e195250a,412085,404061,63225,Corte Constitucional,HIGH,OFFICIAL_HEADER_NUMBER,Sentencia de Unificación,SU-479/19,2019.0,7.0,2019-07-27,HIGH,SENTENCE_IDENTIFIER,249,False,DOC_0249,True,,1373,212,0,0,5,True,False,False,True
3.record_0 (478).txt,3e921326388cf98ab019557bbda7617f,5d3f6cf4d0cb604d2bb46e15bb19241b14e9a746df8ea2075fc4a6bbdae7624f,117518,115484,17900,Corte Constitucional,HIGH,OFFICIAL_HEADER_NUMBER,Sentencia de Tutela,T-176/21,2021.0,2.0,2021-02-24,HIGH,SENTENCE_IDENTIFIER,250,False,DOC_0250,True,,429,45,0,0,1,True,False,False,True
2. record_0 (18).txt,3f159ca6e4809d4b7aec01a32067fd25,455fad3f9a4670660ffe8779e112663c89c0e1ce61c1dbf4995bec281aac6eba,3724,3647,574,Corte Constitucional,MEDIUM,TEXT_MENTION_HEADER,Providencia,,2012.0,7.0,2012-07-05,HIGH,HEADER_EXPLICIT_DATE,251,False,DOC_0251,True,,19,2,0,0,1,True,False,False,True
1.record_0 (342).txt,3f6f369c1947a6d89c7d5fd9c158dac6,6c84c474f37abf9de0988b460f9962e708bf1457ff1a7bf5462cc8588f153809,162501,159376,25074,Corte Constitucional,HIGH,OFFICIAL_HEADER_NUMBER,Sentencia de Tutela,T-095/18,2018.0,6.0,2018-06-08,HIGH,SENTENCE_IDENTIFIER,253,False,DOC_0253,True,,659,117,0,0,6,True,False,False,True
1.record_0 (285).txt,3f8f543d4f0ecc3437a73f8a4ccc6118,37886b33e1fdcc5b7d189f3dbe061c134c22337aed94996aab4b0a96f86c038a,262378,257302,40191,Corte Constitucional,HIGH,OFFICIAL_HEADER_NUMBER,Auto de Sala Plena/Seguimiento,Auto-737/17,2017.0,,,HIGH,SENTENCE_IDENTIFIER,255,False,DOC_0255,True,,740,313,0,1,7,True,False,True,True
3.record_0 (68).txt,3fa82b7c5b7daaea7d3c0b51bb15ab6c,98a5255aff6c8b1c55d1201124b258b2c02507d8c0927886d19ecdaaf5cb1a5b,19601,19063,3011,Corte Constitucional,MEDIUM,TEXT_MENTION_HEADER,Providencia,,2022.0,6.0,2022-06-08,HIGH,HEADER_EXPLICIT_DATE,256,False,DOC_0256,True,,35,9,0,1,4,True,False,True,True
1.record_0 (471).txt,40c5ea13bf11e3afcc702c324e8e1f1f,66ac99117f15f592a2b8e81dca6149932823afae94ba927f62681fee6c72b314,875898,859681,134490,Corte Constitucional,HIGH,OFFICIAL_HEADER_NUMBER,Sentencia de Constitucionalidad,C-017/18,2018.0,4.0,2018-04-06,HIGH,SENTENCE_IDENTIFIER,257,False,DOC_0257,True,,3532,609,0,0,19,True,False,False,True
1.record_0 (306).txt,410bba027bf5f449415b1927db6955b4,fce9e112e6fbb8175eb02639c51113e06fea6af9b0d7fc57b282bb99748f4ca1,131549,129050,19932,Corte Constitucional,MEDIUM,TEXT_MENTION_HEADER,Providencia,,2022.0,11.0,2022-11-30,HIGH,HEADER_EXPLICIT_DATE,259,False,DOC_0259,True,,556,104,1,1,9,True,True,True,True
3.record_0 (1948).txt,420105d430ec00f3a9190acdbf2e9dfc,b0b55074d044934914691cdc69ab224d4a8f777d0e06f1cb00aa4848774ef381,1103824,1081367,168055,Corte Constitucional,HIGH,OFFICIAL_HEADER_NUMBER,Sentencia de Constitucionalidad,C-379/16,2016.0,2.0,2016-02-18,HIGH,SENTENCE_IDENTIFIER,262,False,DOC_0262,True,,4108,118,0,0,1,True,False,False,True
1.record_0 (98).txt,426116233ff66617c6425e85dc08d97d,cfc4a3cbdfb34c4fb61125307b66a15eb28d85b0b3a2624ad766fc1eb8bc1355,507335,497276,77716,Corte Constitucional,HIGH,OFFICIAL_HEADER_NUMBER,Sentencia de Tutela,T-452/22,2022.0,3.0,2022-03-04,HIGH,SENTENCE_IDENTIFIER,264,False,DOC_0264,True,,1958,387,0,0,22,True,False,False,True
3.record_0 (192).txt,43a5d63eca0ad8a1f30a560d6dd4e383,92116027b8956c3638a30107783cf39dc04e09544a1e973276561776b3ef0863,23748,23302,3655,Corte Suprema de Justicia,HIGH,INSTITUTION_HEADER,Sentencia Casación STL,STL-6216/2021,2021.0,7.0,2021-07-09,HIGH,SENTENCE_IDENTIFIER,266,False,DOC_0266,True,,64,6,0,0,0,True,False,False,False
3.record_0 (198).txt,43c51b080e043833254c1636fc6b6408,c4d91658d7dea6d73096a460b2dab3ed297562880d0b005ee7709b919b5c0a3f,41741,40877,6353,Corte Constitucional,MEDIUM,TEXT_MENTION_HEADER,Providencia,,2023.0,3.0,2023-03-18,HIGH,HEADER_EXPLICIT_DATE,269,False,DOC_0269,True,,155,33,0,0,4,True,False,False,True
3.record_0 (336).txt,4547244a013b2eaac2781aaaae914971,09e1cb1ea197012882d03a5e1e85a2927eedcac7708478e3df9eabdbe2ee517b,43692,42928,6549,Corte Constitucional,MEDIUM,TEXT_MENTION_HEADER,Providencia,,2022.0,7.0,2022-07-26,HIGH,HEADER_EXPLICIT_DATE,276,False,DOC_0276,True,,161,24,0,0,2,True,False,False,True
2. record_0 (549).txt,45d65439c1dc5c474f3b4cf443c88910,92452b8f2a9039bbd6c0b9c1d5c78698da7e20dd4cef104e52d521a6b4b8f029,70598,69404,10349,Corte Constitucional,HIGH,OFFICIAL_HEADER_NUMBER,Sentencia de Constitucionalidad,C-133/18,2018.0,7.0,2018-07-17,HIGH,SENTENCE_IDENTIFIER,277,False,DOC_0277,True,,154,29,0,0,9,True,False,False,True
2. record_0 (291).txt,473fb4f31aa81a9dcbda32e6febde52d,0558b4a775ce847d7ecc1cd9f517842b02c89d8c3389afd3b521dd9bbf19f197,215612,211133,33072,Corte Constitucional,HIGH,OFFICIAL_HEADER_NUMBER,Sentencia de Tutela,T-271/16,2016.0,11.0,2016-11-20,HIGH,SENTENCE_IDENTIFIER,279,False,DOC_0279,True,,748,254,0,0,48,True,False,False,True
2. record_0 (904).txt,4740c5023b9dbf379ed37c596c449c78,08236c82caa03d36343259aff36d6fec3388f5c77cee2973b0579aedaa058ac0,161795,159057,24924,Corte Constitucional,HIGH,OFFICIAL_HEADER_NUMBER,Sentencia de Tutela,T-443/13,2013.0,10.0,2013-10-18,HIGH,SENTENCE_IDENTIFIER,280,False,DOC_0280,True,,511,6,0,0,0,True,False,False,False
3.record_0 (582).txt,474fdc4944d18a86de3feeb87060d1c0,b1748e10e14eca502a60df03e48cd30885064b3146d281817b9fb4ff9b58f2ee,72687,71123,10971,Corte Constitucional,MEDIUM,TEXT_MENTION_HEADER,Providencia,,2023.0,10.0,2023-10-21,HIGH,HEADER_EXPLICIT_DATE,281,False,DOC_0281,True,,294,63,0,0,3,True,False,False,True
3.record_0 (816).txt,48e74aa2389438cc56a8e3dbb75fb9f9,f786e22c319f1a8f45958216e71f2111a8251409ca659340b46da2c380d6dcf4,43164,42291,6610,Corte Constitucional,HIGH,OFFICIAL_HEADER_NUMBER,Sentencia de Constitucionalidad,C-278/22,2022.0,6.0,2022-06-15,HIGH,SENTENCE_IDENTIFIER,287,False,DOC_0287,True,,180,11,0,0,0,True,False,False,False
3.record_0 (1159).txt,49db4178d272d35e3e629630b17701da,60cbefc541557015c68148a0195845e1de3c73e8257910706950668aa981be2e,73183,71744,10850,Corte Constitucional,HIGH,OFFICIAL_HEADER_NUMBER,Auto de Sala Plena/Seguimiento,Auto-750/21,2021.0,12.0,2021-12-18,HIGH,SENTENCE_IDENTIFIER,291,False,DOC_0291,True,,366,46,0,0,0,True,False,False,False
3.record_0 (1105).txt,4a485b6006241f2bb80b127dc34d0a36,38f1be755ca53e2539bf7f938af5b6fcdb79f773ce6066bae4ba4f9c99980dde,148549,145724,22756,Corte Constitucional,HIGH,OFFICIAL_HEADER_NUMBER,Sentencia de Constitucionalidad,C-586/16,2016.0,,,HIGH,SENTENCE_IDENTIFIER,293,False,DOC_0293,True,,524,235,0,1,33,True,False,True,True
3.record_0 (474).txt,4c0cee300b27e1850a4edfbe82ac1f18,765eabc7a1a7d011f92412b8ad7eb5284afba55ae91fe517a5fb9df17aafbd69,23886,23333,3693,Corte Constitucional,HIGH,OFFICIAL_HEADER_NUMBER,Auto de Sala Plena/Seguimiento,Auto-585/21,2021.0,7.0,2021-07-22,HIGH,SENTENCE_IDENTIFIER,298,False,DOC_0298,True,,70,6,0,0,3,True,False,False,True
2. record_0 (526).txt,4c206167e208d8f6d4ecf4fc9b49e902,10dc3635f7e1942009a47fc94157f8985486084103411f7560d9dcb2666928da,119632,117250,18514,Corte Constitucional,HIGH,OFFICIAL_HEADER_NUMBER,Sentencia de Tutela,T-004/20,2020.0,11.0,2020-11-13,HIGH,SENTENCE_IDENTIFIER,299,False,DOC_0299,True,,392,126,0,0,2,True,False,False,True
1.record_0 (39).txt,4c34b87df61fd3d9b84e6d97f979f90b,813121a1a5e85066259827a8494bdb2b78dcdb4cac9cab635e5c668c46925f78,14541,14240,2197,Corte Constitucional,MEDIUM,TEXT_MENTION_HEADER,Providencia,,2015.0,,,MEDIUM,HEADER_FIRST_YEAR,300,False,DOC_0300,True,,43,26,0,0,1,True,False,False,True
1.record_0 (545).txt,4c862b460f08eacf8d6b44ce609ef2c8,4490c6858a17a5c097c2dec8b9a5b0917e467291d87225006e7e8998c2bbdfca,2027189,1987418,311085,Corte Constitucional,HIGH,OFFICIAL_HEADER_NUMBER,Sentencia de Constitucionalidad,C-674/17,2017.0,,,HIGH,SENTENCE_IDENTIFIER,302,False,DOC_0302,True,,5488,575,0,0,35,True,False,False,True
1.record_0 (54).txt,4d47241d997f72333bae0f118873057d,369f799b2e15808f379fdcc41c83c8e51e503bec5578041611514c58a3d1acb7,52003,51075,8030,Corte Suprema de Justicia,HIGH,INSTITUTION_HEADER,Sentencia Casación STC,STC-540/2024,2024.0,5.0,2024-05-17,HIGH,SENTENCE_IDENTIFIER,306,False,DOC_0306,True,,125,43,0,1,2,True,False,True,True
3.record_0 (714).txt,4dd77a01873e91e4e30280d63773c5e9,7f8c90a08474ed744705458a18a8d50b09e6888736519f5a5de3a4bce5aeccad,127499,125018,20145,Corte Constitucional,MEDIUM,TEXT_MENTION_HEADER,Providencia,,2022.0,12.0,2022-12-12,HIGH,HEADER_EXPLICIT_DATE,309,False,DOC_0309,True,,491,56,0,0,5,True,False,False,True
1.record_0 (139).txt,4ea5ec5871d14a9030ae32f6302683f7,c92a46113e4a7dddcd880e3eddb42ccbeda448654a5e573ebce3b739598f2dc5,285478,279962,43953,Corte Constitucional,HIGH,OFFICIAL_HEADER_NUMBER,Sentencia de Tutela,T-061/22,2022.0,9.0,2022-09-11,HIGH,SENTENCE_IDENTIFIER,315,False,DOC_0315,True,,970,285,0,0,8,True,False,False,True
3.record_0 (815).txt,50252c82df6fc49843f35d0532fba63a,e842ed4e8d05f9b659400d7b101140b1bea84dd7c60cd8cfab79af1bd88e685f,43278,42484,6657,Corte Suprema de Justicia,HIGH,INSTITUTION_HEADER,Sentencia Casación STP,STP-11589/2022,2022.0,6.0,2022-06-18,HIGH,SENTENCE_IDENTIFIER,316,False,DOC_0316,True,,95,10,0,0,1,True,False,False,True
3.record_0 (785).txt,507d136761298f82dbb8531e0c847b91,6e8584f53f56f479f9b81c34f20ab852962c2522cf57e5d405e3fadd7c6bcf2c,38952,38238,5745,Corte Constitucional,MEDIUM,TEXT_MENTION_HEADER,Providencia,,2021.0,2.0,2021-02-26,HIGH,HEADER_EXPLICIT_DATE,317,False,DOC_0317,True,,178,33,0,0,1,True,False,False,True
2. record_0 (1037).txt,509579eb89db225866eb3a7ea3d67423,8d291f691be393699378ed3d25a2b986d53e3e64bccc10f2d14321e8dca3b600,195403,191745,30340,Corte Constitucional,HIGH,OFFICIAL_HEADER_NUMBER,Sentencia de Tutela,T-261/13,2013.0,,,HIGH,SENTENCE_IDENTIFIER,318,False,DOC_0318,True,,646,38,0,1,5,True,False,True,True
3.record_0 (401).txt,509c169fefce70210918c9bdd98d4256,f8f9b37b37dbbde6a97f4a4d17cdee926117638e2cea47f9fd005d18dd21ba12,21914,21491,3386,Corte Suprema de Justicia,HIGH,INSTITUTION_HEADER,Sentencia Casación STL,STL-3619/2022,2022.0,1.0,2022-01-26,HIGH,SENTENCE_IDENTIFIER,319,False,DOC_0319,True,,50,1,0,0,0,True,False,False,False
2. record_0 (1001).txt,520e5b94a573b5fadae965a50ee02dda,25d61cde0a76ae4b1522e460fcfd0bc89cb2bf28e393cc52626be2c94f93f64b,201190,197499,30329,Corte Constitucional,HIGH,OFFICIAL_HEADER_NUMBER,Sentencia de Constitucionalidad,C-238/20,2020.0,4.0,2020-04-15,HIGH,SENTENCE_IDENTIFIER,321,False,DOC_0321,True,,759,23,0,0,1,True,False,False,True
3.record_0 (1865).txt,523d2d528310024a85c9773d7195e2d0,7ced87fcaece591a1f3c4cfaf0084abf0e3c9f315c03f99513ac8b726d62868b,335246,327125,50979,Corte Suprema de Justicia,HIGH,INSTITUTION_HEADER,Providencia,,2021.0,3.0,2021-03-02,HIGH,HEADER_EXPLICIT_DATE,323,False,DOC_0323,True,,1060,176,0,0,9,True,False,False,True
3.record_0 (158).txt,52b5cd97c15385bdf37bfc5b08fa334d,32b78782f6646a1989ffb2fc9219f88d3cff5d52fef3b2626f1fefc22bb93b70,9894,9716,1476,Consejo de Estado,HIGH,INSTITUTION_HEADER,Sentencia Contencioso Administrativa,,2022.0,11.0,2022-11-16,HIGH,HEADER_EXPLICIT_DATE,325,False,DOC_0325,True,,40,3,0,0,0,True,False,False,False
2. record_0 (368).txt,52bfa1e6c4e6c4c6e53fc34d57c86327,6ce32efc57f0e1a0e1c1c20ea3a598ec1ba479d773149454ef4e5316a3aa03ea,241521,236572,37080,Corte Constitucional,HIGH,OFFICIAL_HEADER_NUMBER,Sentencia de Constitucionalidad,C-539/16,2016.0,,,HIGH,SENTENCE_IDENTIFIER,326,False,DOC_0326,True,,849,453,3,3,39,True,True,True,True
3.record_0 (398).txt,53a7f9f70b0189099700907c9c3625e2,a13f48d245ef57a652c64a73fb0f243b136dd0de5e0df313f83190c9755aca1c,21703,21264,3305,Corte Suprema de Justicia,HIGH,INSTITUTION_HEADER,Sentencia Casación STL,STL-14176/2021,2021.0,9.0,2021-09-15,HIGH,SENTENCE_IDENTIFIER,328,False,DOC_0328,True,,54,9,0,0,6,True,False,False,True
1.record_0 (62).txt,53bef1c50157e0bca749350adf180f7d,0fbf7f9c0add2965ffafd2354cee920ba2ebfe7064f25d215e24dbfe723e828c,99663,97597,15452,Consejo de Estado,HIGH,INSTITUTION_HEADER,Sentencia Contencioso Administrativa,,2017.0,10.0,2017-10-27,HIGH,HEADER_EXPLICIT_DATE,329,False,DOC_0329,True,,237,96,0,0,3,True,False,False,True
3.record_0 (492).txt,541637065dec47beb27b63adab9d1163,86d517ffd5843b3759780c5a1e1442cf3bccfa97937964d617ced535f6ea0e17,19239,18749,2995,Corte Suprema de Justicia,HIGH,INSTITUTION_HEADER,Sentencia Casación STC,STC-8391/2023,2023.0,6.0,2023-06-29,HIGH,SENTENCE_IDENTIFIER,331,False,DOC_0331,True,,48,2,0,0,0,True,False,False,False
2. record_0 (419).txt,5429d0000c70781810f937106e203668,e8720c597028372ba1cd6fa6671c9afa8b2b5ac899ebc9d59b31fbde242488c7,212412,208077,31545,Corte Constitucional,HIGH,OFFICIAL_HEADER_NUMBER,Sentencia de Tutela,T-212/21,2021.0,12.0,2021-12-20,HIGH,SENTENCE_IDENTIFIER,333,False,DOC_0333,True,,886,342,1,1,27,True,True,True,True
1.record_0 (377).txt,545a7a37281356fdacaed589ecc93f8e,81b33eba7da354bf01003e3417f9edf1d63547c3427eb7d213a5742c2e86aae7,184405,180167,28087,Corte Constitucional,MEDIUM,TEXT_MENTION_HEADER,Providencia,,2023.0,,,MEDIUM,HEADER_FIRST_YEAR,334,False,DOC_0334,True,,684,226,0,0,6,True,False,False,True
3.record_0 (595).txt,56231e4efd7ac1f2fab9f6d4099decd3,07fb2fc9d51bc79e8f05decb44bf350b810f4894d6d724d23584dde479b17e8d,29449,28821,4602,Corte Suprema de Justicia,HIGH,INSTITUTION_HEADER,Sentencia Casación STC,STC-100/2022,2022.0,11.0,2022-11-16,HIGH,SENTENCE_IDENTIFIER,340,False,DOC_0340,True,,47,7,0,0,1,True,False,False,True
2. record_0 (1036).txt,56bc1e36600685b506791dac668df0b7,bf70eea8959501e3aa7aecfbf6fd00f2e8b14a3d2d9fbca007cc39dad72a0099,202959,199235,30902,Corte Constitucional,HIGH,OFFICIAL_HEADER_NUMBER,Sentencia de Tutela,T-418/15,2015.0,,,HIGH,SENTENCE_IDENTIFIER,342,False,DOC_0342,True,,690,244,0,0,16,True,False,False,True
1.record_0 (40).txt,56c1bffb0b3f6905c8a2b19842470ad3,b48a3b0439c69e238f7efb72ca2bd48d82436bc27787c42391d6756671a0e9a3,13088,12800,1998,Corte Suprema de Justicia,HIGH,INSTITUTION_HEADER,Sentencia Casación,Rad-43001,2013.0,12.0,2013-12-12,HIGH,HEADER_EXPLICIT_DATE,343,False,DOC_0343,True,,42,2,0,0,0,True,False,False,False
2. record_0 (384).txt,58aa5347c4a75b76c24970aa79b7c8b4,4f8ab569f81483221e9cd48525b70d19773289f6b27ffe954eac689e3d0eb11b,43476,42697,6844,Corte Constitucional,HIGH,OFFICIAL_HEADER_NUMBER,Sentencia de Constitucionalidad,C-136/18,2018.0,8.0,2018-08-10,HIGH,SENTENCE_IDENTIFIER,352,False,DOC_0352,True,,168,11,1,1,4,True,True,True,True
2. record_0 (575).txt,58c63b79d65caee8e7b8b1c78190e926,13c4f3f2088b784793cfeee68f3c3c3a0438d56254fc6cd6f409cd578b7edc59,141757,139234,21325,Corte Constitucional,HIGH,OFFICIAL_HEADER_NUMBER,Sentencia de Constitucionalidad,C-396/20,2020.0,6.0,2020-06-04,HIGH,SENTENCE_IDENTIFIER,353,False,DOC_0353,True,,459,213,0,1,89,True,False,True,True
1.record_0 (458).txt,59299ca6841c212d47f51d2cfdca9e42,58491a03483c6ecd3fa52bd3a41eeb2480c9e27fc269fd555b739815ea94c251,301778,296365,46831,Corte Constitucional,HIGH,OFFICIAL_HEADER_NUMBER,Sentencia de Constitucionalidad,C-222/22,2022.0,11.0,2022-11-03,HIGH,SENTENCE_IDENTIFIER,354,False,DOC_0354,True,,1029,297,0,0,15,True,False,False,True
3.record_0 (1014).txt,59f7f9778e1f329e670de42abbc8161d,93f0cd3c537bcc9d746a0c0215ca1f268509185de271d4b3b0b3b2eb0940cedb,61913,60596,9654,Consejo de Estado,HIGH,INSTITUTION_HEADER,Sentencia Contencioso Administrativa,,2021.0,7.0,2021-07-09,HIGH,HEADER_EXPLICIT_DATE,356,False,DOC_0356,True,,156,28,0,0,1,True,False,False,True
3.record_0 (35).txt,5a038eb1200c6fc6337c9e94eccc4473,095708dca3d24480691c6272a2c480ebc4d37d7f4b39fe26c8bcd814b271787d,4257,4158,664,Corte Constitucional,MEDIUM,TEXT_MENTION_HEADER,Providencia,,2021.0,2.0,2021-02-17,HIGH,HEADER_EXPLICIT_DATE,357,False,DOC_0357,True,,13,5,0,0,0,True,False,False,False
3.record_0 (1335).txt,5a4b10c03e3c1608afa93deb8fc7a060,3bc0fc51c54b6e672b7fd26b4e60370dafd060732d461a5c14fae475362b68cd,129792,127484,20053,Consejo de Estado,HIGH,INSTITUTION_HEADER,Sentencia Contencioso Administrativa,,2016.0,10.0,2016-10-13,HIGH,HEADER_EXPLICIT_DATE,358,False,DOC_0358,True,,295,12,0,0,1,True,False,False,True
2. record_0 (1132).txt,5a9791d60999f192ef4b91f2e6088519,f61b6d6887afce5b56199a44365ccf6cdb6bfbe49a95b9e0be1a87339ac3630a,273498,268601,42010,Corte Constitucional,HIGH,OFFICIAL_HEADER_NUMBER,Sentencia de Tutela,T-124/15,2015.0,,,HIGH,SENTENCE_IDENTIFIER,360,False,DOC_0360,True,,671,161,0,1,12,True,False,True,True
3.record_0 (1946).txt,5b08d181e08c55b42e377dc03f4bbdaf,0fb85651017037eeb67367e5ef16ebd8dfde98e3ae8502e9ffe3a1902995ab30,1109162,1086452,170708,Corte Constitucional,HIGH,OFFICIAL_HEADER_NUMBER,Sentencia de Constitucionalidad,C-007/18,2018.0,1.0,2018-01-24,HIGH,SENTENCE_IDENTIFIER,363,False,DOC_0363,True,,3579,495,0,0,20,True,False,False,True
3.record_0 (338).txt,5bdc078800791fb4eaf788404f906aab,d8974d47494bb9444a2c415e513b471fb732b4f3c511696264e56cbea8619c90,16846,16473,2589,Corte Constitucional,MEDIUM,TEXT_MENTION_HEADER,Providencia,,2023.0,4.0,2023-04-21,HIGH,HEADER_EXPLICIT_DATE,365,False,DOC_0365,True,,73,1,0,0,0,True,False,False,False
2. record_0 (1034).txt,5c6d49e60fbf0309cd439d898f153c1a,0ab7de7dfddbe42af42b005516e4f6763e7c085b655e082bcc7e232d456cfa00,199385,195888,32152,Corte Constitucional,MEDIUM,TEXT_MENTION_HEADER,Providencia,,2002.0,,,MEDIUM,HEADER_FIRST_YEAR,367,False,DOC_0367,True,,724,46,0,0,10,True,False,False,True
1.record_0 (455).txt,5d18d1a28c774aca9d3a053fc4884a5c,8f0cd1fae8d7fc35d4bbad21b1235a2d316f8e34a87ef992253cbb143b94b805,264025,258718,40645,Corte Constitucional,HIGH,OFFICIAL_HEADER_NUMBER,Sentencia de Tutela,T-203/22,2022.0,4.0,2022-04-23,HIGH,SENTENCE_IDENTIFIER,371,False,DOC_0371,True,,1050,33,0,0,1,True,False,False,True
3.record_0 (99).txt,5d25ac840b3f3b51199b47abde76b31b,b724ae47509815cc4266de69d2b10223822090616f8c2729b8fb7b8320c0c35e,41963,41142,6201,Corte Constitucional,MEDIUM,TEXT_MENTION_HEADER,Providencia,,2023.0,1.0,2023-01-22,HIGH,HEADER_EXPLICIT_DATE,372,False,DOC_0372,True,,181,33,0,0,2,True,False,False,True
1.record_0 (268).txt,5d8e6ebca36a65fc60d63ef87593d83b,4fb7ec652d38c56fe9f8444302c20b1943e0eb3355bb495a0d4ec13c22173a2b,323595,317295,49208,Corte Constitucional,HIGH,OFFICIAL_HEADER_NUMBER,Sentencia de Tutela,T-239/18,2018.0,11.0,2018-11-02,HIGH,SENTENCE_IDENTIFIER,375,False,DOC_0375,True,,1151,389,0,0,148,True,False,False,True
3.record_0 (980).txt,5e2d351e71af5c3af0f28ded9fe0d9e3,c00ba70cf74dd6ed660ee92ffe72e692812e277f42f8e70160692f30a294bc81,54129,53105,8137,Corte Constitucional,HIGH,OFFICIAL_HEADER_NUMBER,Auto de Sala Plena/Seguimiento,Auto-138/22,2022.0,7.0,2022-07-03,HIGH,SENTENCE_IDENTIFIER,380,False,DOC_0380,True,,241,29,0,0,0,True,False,False,False
2. record_0 (1291).txt,5eb99d20fd3443e6bff4bb377d2790da,12c7fb921cd899fd83278b409dd9d743f700ce5d7125eb864a7fdcc891fd971c,362842,355836,56932,Corte Constitucional,MEDIUM,TEXT_MENTION_HEADER,Providencia,,2022.0,2.0,2022-02-04,HIGH,HEADER_EXPLICIT_DATE,381,False,DOC_0381,True,,906,387,0,1,55,True,False,True,True
1.record_0 (8).txt,5f13c68c045220c345478e5499440a92,7ca2a61d148792e87309501cf8b39236e052a4e09714c3f13a87f6f629a40948,15108,14785,2255,Corte Suprema de Justicia,HIGH,INSTITUTION_HEADER,Sentencia Casación STC,STC-658/2019,2019.0,9.0,2019-09-21,HIGH,SENTENCE_IDENTIFIER,382,False,DOC_0382,True,,28,3,0,0,0,True,False,False,False
2. record_0 (1216).txt,5f26a2c6e35c5736e22cb747a20d4382,ef2326a98e4dd3249fb9a54223d924387f2c17402679718acb22faca3748c756,357457,349806,56082,Corte Constitucional,HIGH,OFFICIAL_HEADER_NUMBER,Sentencia de Tutela,T-595/13,2013.0,10.0,2013-10-17,HIGH,SENTENCE_IDENTIFIER,383,False,DOC_0383,True,,674,340,0,0,17,True,False,False,True
3.record_0 (366).txt,600237c757877108c6240496957b8c31,d86f5598e2d9c7b9c70021572821791cf55586bb372641da398dcb066a724f5d,35700,34983,5451,Consejo de Estado,HIGH,INSTITUTION_HEADER,Sentencia Contencioso Administrativa,,2020.0,3.0,2020-03-26,HIGH,HEADER_EXPLICIT_DATE,385,False,DOC_0385,True,,98,3,0,0,1,True,False,False,True
2. record_0 (723).txt,60ae2f18ec03d5576dcdd6ef68436c74,533b8c596db117b0dec2b23df13ea9c2fb100baa9b914af0e84a03c235ce06d9,105950,104008,16298,Corte Constitucional,HIGH,OFFICIAL_HEADER_NUMBER,Sentencia de Unificación,SU-659/15,2015.0,6.0,2015-06-14,HIGH,SENTENCE_IDENTIFIER,388,False,DOC_0388,True,,353,72,0,0,2,True,False,False,True
3.record_0 (1279).txt,62214d2a5c51e73926103eafd241e4c4,f240386b285bdfbfaed8198f3f69ae37e9d6375e1e59b218c731b5131e6b228b,194495,190598,29680,Corte Constitucional,HIGH,OFFICIAL_HEADER_NUMBER,Sentencia de Tutela,T-018/21,2021.0,9.0,2021-09-10,HIGH,SENTENCE_IDENTIFIER,393,False,DOC_0393,True,,578,198,11,11,27,True,True,True,True
2. record_0 (772).txt,623d40f436bdfb6c5c9bf3ee1e4a13ef,bfbda5847f30479ddc20b823fcd7c88b4616b70c7612c4103843faa0022a350b,122272,119975,18772,Corte Constitucional,HIGH,OFFICIAL_HEADER_NUMBER,Sentencia de Constitucionalidad,C-326/19,2019.0,12.0,2019-12-03,HIGH,SENTENCE_IDENTIFIER,395,False,DOC_0395,True,,325,97,0,0,7,True,False,False,True
3.record_0 (395).txt,639ceb43319779219f7cc617618f304e,7c6880fb9e380387045927cc6ec9d24b529ea138bdb2a27d500448661420420e,55111,54146,8457,Corte Constitucional,HIGH,OFFICIAL_HEADER_NUMBER,Auto de Sala Plena/Seguimiento,Auto-220/21,2021.0,11.0,2021-11-08,HIGH,SENTENCE_IDENTIFIER,400,False,DOC_0400,True,,167,21,0,0,6,True,False,False,True
2. record_0 (647).txt,63b10c929d44e6ebd0938aaf1a13cbaf,6c4165e44549c9c42f90e383d850f43bd44c714925405ca6604dbd41842a7152,241362,236650,37865,Corte Constitucional,HIGH,OFFICIAL_HEADER_NUMBER,Sentencia de Tutela,T-735/17,2017.0,11.0,2017-11-25,HIGH,SENTENCE_IDENTIFIER,401,False,DOC_0401,True,,778,191,0,1,11,True,False,True,True
1.record_0 (314).txt,6401ac5546d1e94e0f4af4ee1baa0f02,d28904cbf928ef1af4da4cdecfda400685e0e3a28cb4483eccafc46e1f348378,343559,336636,52888,Corte Constitucional,HIGH,OFFICIAL_HEADER_NUMBER,Sentencia de Constitucionalidad,C-438/13,2013.0,,,HIGH,SENTENCE_IDENTIFIER,402,False,DOC_0402,True,,1039,403,0,0,19,True,False,False,True
3.record_0 (277).txt,645fed05db050f2674dc11849a45cb79,0bdfb8f75b659527779e375b3c5b9be9716776529c9164789a383d0300b28416,55719,54468,8318,Corte Constitucional,HIGH,OFFICIAL_HEADER_NUMBER,Auto de Sala Plena/Seguimiento,Auto-1030/22,2022.0,9.0,2022-09-22,HIGH,SENTENCE_IDENTIFIER,404,False,DOC_0404,True,,216,35,0,0,3,True,False,False,True
1.record_0 (121).txt,6480c93635eda41c7f214e4e3deaaa56,1a7af034c6773973c03b2ea074a0b0630ad685cc6e7f6ef19d65581df75c9a0a,64453,62948,10254,Corte Constitucional,HIGH,OFFICIAL_HEADER_NUMBER,Sentencia de Tutela,T-455/21,2021.0,12.0,2021-12-09,HIGH,SENTENCE_IDENTIFIER,405,False,DOC_0405,True,,281,4,0,0,0,True,False,False,False
3.record_0 (298).txt,6543b064f3e96a08b90a0c8d4dec58b5,f2539238e5ba03d61c69d591c2a8e0713d1b71c697b873fc71dc78f5e743798e,58881,57937,9164,Consejo de Estado,HIGH,INSTITUTION_HEADER,Sentencia Contencioso Administrativa,,2020.0,8.0,2020-08-13,HIGH,HEADER_EXPLICIT_DATE,407,False,DOC_0407,True,,133,12,0,0,0,True,False,False,False
2. record_0 (899).txt,661ba1c923c533a249c2f2a360cb616b,7dc4e2d171d63809f0972d8e20e8610ef5e1f7e30e64f97fcbf183d2692aa70a,147526,144174,22908,Corte Constitucional,MEDIUM,TEXT_MENTION_HEADER,Providencia,,2022.0,2.0,2022-02-21,HIGH,HEADER_EXPLICIT_DATE,409,False,DOC_0409,True,,544,128,0,0,9,True,False,False,True
1.record_0 (196).txt,66642c29a48cba1dfc1f6cc5461a3353,9c0a7434c0505b8e76bfed53d9e9abb9775d5060860db717558ee6c907a8ae83,69925,68588,10658,Corte Constitucional,HIGH,OFFICIAL_HEADER_NUMBER,Sentencia de Constitucionalidad,C-056/22,2022.0,6.0,2022-06-18,HIGH,SENTENCE_IDENTIFIER,413,False,DOC_0413,True,,207,29,0,0,4,True,False,False,True
1.record_0 (341).txt,666c6d68a07278cc9dfb07a1771240ff,a2bfd4277db8ea462eab52a471281bdf949f2b5e7d071b652527a97bc59d55ff,180295,176336,27947,Corte Constitucional,HIGH,OFFICIAL_HEADER_NUMBER,Sentencia de Tutela,T-211/19,2019.0,7.0,2019-07-19,HIGH,SENTENCE_IDENTIFIER,414,False,DOC_0414,True,,439,230,0,0,11,True,False,False,True
2. record_0 (375).txt,673e9cdb4bce2da98ab8009bdd704745,fdb750b86c950d6ec28b238ae1d408265c9a83cfbd4bcc1b0e7e7728206f7110,119953,117778,19155,Corte Suprema de Justicia,HIGH,INSTITUTION_HEADER,Sentencia Casación SL,SL-413/2022,2022.0,11.0,2022-11-16,HIGH,SENTENCE_IDENTIFIER,415,False,DOC_0415,True,,252,58,0,1,21,True,False,True,True
3.record_0 (1665).txt,67c1d2de8dcac22bf5c521bfccc4a7a8,124b3a476cde4f4da5b8082bada2d873a80d2323013e0c4f7e92f36967f58b71,292404,286635,45049,Corte Constitucional,HIGH,OFFICIAL_HEADER_NUMBER,Sentencia de Constitucionalidad,C-754/15,2015.0,7.0,2015-07-01,HIGH,SENTENCE_IDENTIFIER,419,False,DOC_0419,True,,974,375,0,0,17,True,False,False,True
2. record_0 (700).txt,67e6d746e2bca25271de9524b9adbfe1,4a3f3d63d66c13cab9fa2681eb747989c46c5d164c69edfa1129f31a40919d3c,174633,171270,26083,Corte Constitucional,HIGH,OFFICIAL_HEADER_NUMBER,Sentencia de Constitucionalidad,C-038/21,2021.0,6.0,2021-06-11,HIGH,SENTENCE_IDENTIFIER,421,False,DOC_0421,True,,711,298,0,0,80,True,False,False,True
1.record_0 (456).txt,681b5101d8e11fdd7102a2e96397780d,1598c18321389a10bad82364dfd51f0f4ec0d96ff16a338d594cc67a0d47d144,492323,480549,75253,Corte Constitucional,HIGH,OFFICIAL_HEADER_NUMBER,Sentencia de Unificación,SU-180/22,2022.0,3.0,2022-03-11,HIGH,SENTENCE_IDENTIFIER,422,False,DOC_0422,True,,1150,36,0,0,4,True,False,False,True
3.record_0 (1056).txt,681d70f1cdd131e0bdbf4d3df3c3139f,e52be5ce180cce10d34914def1a0ede7f6efbdf2ac60869476c0054b93674a32,178619,175157,27275,Corte Suprema de Justicia,HIGH,INSTITUTION_HEADER,Providencia,,2020.0,9.0,2020-09-22,HIGH,HEADER_EXPLICIT_DATE,423,False,DOC_0423,True,,527,11,0,0,0,True,False,False,False
3.record_0 (334).txt,684903c8832e23fa818de45b4ccb10a8,afb4a5a60852fc9bf4578cb92b52e9b6221852094aa23ba5332ad7d4aa0acab9,15857,15543,2518,Corte Suprema de Justicia,HIGH,INSTITUTION_HEADER,Sentencia Casación STC,STC-11460/2022,2022.0,6.0,2022-06-14,HIGH,SENTENCE_IDENTIFIER,424,False,DOC_0424,True,,54,6,0,1,4,True,False,True,True
3.record_0 (228).txt,6937e69db972b87423f809845efa4b7a,03d242998403bf99a9df1342228623f3d4e6c6b1b0ec697ad44327591125f620,38909,38078,5974,Corte Constitucional,MEDIUM,TEXT_MENTION_HEADER,Providencia,,2021.0,5.0,2021-05-14,HIGH,HEADER_EXPLICIT_DATE,427,False,DOC_0427,True,,99,20,0,0,1,True,False,False,True
1.record_0 (230).txt,69688bd27d7d40f228c421bc7644a531,2e1a5b574d2f4a16d60c57b8fdcf09a5e5700bdff5e523f0da6f9422516a2113,97193,94710,14591,Corte Constitucional,HIGH,OFFICIAL_HEADER_NUMBER,Auto de Sala Plena/Seguimiento,Auto-742/22,2022.0,8.0,2022-08-10,HIGH,SENTENCE_IDENTIFIER,428,False,DOC_0428,True,,358,66,0,0,3,True,False,False,True
1.record_0 (257).txt,6a0fc209dc507b87778d6d036a6f5a00,3dc3d85dfe49b3e5bba43ea4ba712464b06593d89bf619c487a8be63b52173d3,387008,378937,59164,Corte Constitucional,HIGH,OFFICIAL_HEADER_NUMBER,Sentencia de Tutela,T-140/21,2021.0,10.0,2021-10-13,HIGH,SENTENCE_IDENTIFIER,431,False,DOC_0431,True,,1433,649,0,1,108,True,False,True,True
2. record_0 (531).txt,6a54ba98bbf783c9796bfde5c13686b3,3b5e2c16078f46e6bd4a6a2f8838f5e8065d8b48c93fa2af608f9fbb77ab6a3f,65526,64289,9847,Corte Constitucional,MEDIUM,TEXT_MENTION_HEADER,Providencia,,2010.0,8.0,2010-08-05,HIGH,HEADER_EXPLICIT_DATE,432,False,DOC_0432,True,,175,41,0,0,4,True,False,False,True
1.record_0 (532).txt,6a7b32750b9512dc1ae6e37fc107cc97,949ab904c4c78518ee50882afe3ced78c249771b74c051baec379a5ce63e6ecd,1444400,1413800,218867,Corte Constitucional,HIGH,OFFICIAL_HEADER_NUMBER,Sentencia de Constitucionalidad,C-055/22,2022.0,5.0,2022-05-10,HIGH,SENTENCE_IDENTIFIER,435,False,DOC_0435,True,,3991,959,0,1,69,True,False,True,True
2. record_0 (362).txt,6ac89342718d5bcf2f78b54d61dfc442,ebff58ebef9e070feeac922cb7909ea83ce58805e60d8251a9681510aa03ff57,210766,206506,31962,Corte Constitucional,HIGH,OFFICIAL_HEADER_NUMBER,Sentencia de Unificación,SU-048/22,2022.0,2.0,2022-02-01,HIGH,SENTENCE_IDENTIFIER,437,False,DOC_0437,True,,806,64,0,0,0,True,False,False,False
2. record_0 (385).txt,6b45ac36a2bbc8ade38de4f24355d18e,0d72ccb7ffe5600d5b008a8768b1d1ffd7c0959fd1d143eeca208e77618b958a,44959,43971,7022,Consejo de Estado,HIGH,INSTITUTION_HEADER,Sentencia Contencioso Administrativa,,2002.0,9.0,2002-09-19,HIGH,HEADER_EXPLICIT_DATE,440,False,DOC_0440,True,,116,25,0,0,1,True,False,False,True
3.record_0 (422).txt,6b9effc33a453b478b691055646363a1,8fbec4cacca976254f63602030906d90e72a44988a30fad8e7da64ecb04164a4,58241,56898,8573,Corte Constitucional,MEDIUM,TEXT_MENTION_HEADER,Providencia,,2022.0,2.0,2022-02-12,HIGH,HEADER_EXPLICIT_DATE,441,False,DOC_0441,True,,253,37,0,0,3,True,False,False,True
1.record_0 (321).txt,6bd11c5a8f238553d24506eef924f6ea,cbfe77a60133a3718c45d38125609406c9551447b6819692c7f7ebdf2f21c1e9,146338,143288,23138,Corte Constitucional,HIGH,OFFICIAL_HEADER_NUMBER,Sentencia de Tutela,T-368/20,2020.0,6.0,2020-06-14,HIGH,SENTENCE_IDENTIFIER,445,False,DOC_0445,True,,449,100,0,0,7,True,False,False,True
3.record_0 (14).txt,6bf8570bb6f8d82e95cdbab7b44c46a6,e22f4f44d55147fe1acd11c5ce4c785757ee4f1ab877b8953508ad8835c7b942,6881,6729,1068,Corte Constitucional,HIGH,OFFICIAL_HEADER_NUMBER,Sentencia de Unificación,SU-091/23,2023.0,,,HIGH,SENTENCE_IDENTIFIER,446,False,DOC_0446,True,,25,18,0,0,1,True,False,False,True
3.record_0 (325).txt,6cf36b4181816934aac3665e17cf7a2d,03d1dc245527f12b094a3577ee4fd9fef1e117515935c2edf7ce5d2579bb704a,16414,16098,2432,Corte Constitucional,HIGH,OFFICIAL_HEADER_NUMBER,Auto de Sala Plena/Seguimiento,Auto-060/22,2022.0,11.0,2022-11-29,HIGH,SENTENCE_IDENTIFIER,451,False,DOC_0451,True,,56,1,0,0,0,True,False,False,False
3.record_0 (903).txt,6d0184c8a1f74bcdfa13a9ba8a03046b,2f90f692632ec36837d81a1f21c98982d14c4629dfb36727c117207be3487c7d,97661,95213,14430,Corte Constitucional,HIGH,OFFICIAL_HEADER_NUMBER,Auto de Sala Plena/Seguimiento,Auto-644/22,2022.0,4.0,2022-04-29,HIGH,SENTENCE_IDENTIFIER,452,False,DOC_0452,True,,323,46,0,0,1,True,False,False,True
3.record_0 (210).txt,6d58f1d956276f0023a331134d4f8c9d,113f8d23ff1b7f0dadb0cdaa4e80874b5677e316cb6f9945a3026ca210f1f5ca,68105,66616,10624,Corte Constitucional,MEDIUM,TEXT_MENTION_HEADER,Providencia,,2019.0,1.0,2019-01-31,HIGH,HEADER_EXPLICIT_DATE,454,False,DOC_0454,True,,215,66,0,0,1,True,False,False,True
3.record_0 (571).txt,6d745098938df0377848e83b53aa1979,3018a4fbad1312f3b9cf4d33295c0afcfb06f22ff0c71689b42910bca8ef950f,47611,46377,7267,Corte Constitucional,HIGH,OFFICIAL_HEADER_NUMBER,Sentencia de Constitucionalidad,C-205/22,2022.0,2.0,2022-02-03,HIGH,SENTENCE_IDENTIFIER,456,False,DOC_0456,True,,136,11,0,0,0,True,False,False,False
3.record_0 (1540).txt,6f417989ba487140ca360fd1c00fcb2b,de33e1c6165429a1c9954ffde636be121cbe9051a341443ea75063565e200ab8,183508,179714,28563,Consejo de Estado,HIGH,INSTITUTION_HEADER,Sentencia Contencioso Administrativa,,2014.0,7.0,2014-07-03,HIGH,HEADER_EXPLICIT_DATE,460,False,DOC_0460,True,,543,10,0,0,1,True,False,False,True
3.record_0 (299).txt,74ad36867423a0f96bad7f93ee06dfdb,7b4c7893d03744a1900929307697fc6d6d8110df862db1b1c50235f8e7207092,53824,52760,7977,Corte Constitucional,HIGH,OFFICIAL_HEADER_NUMBER,Auto de Sala Plena/Seguimiento,Auto-636/22,2022.0,10.0,2022-10-10,HIGH,SENTENCE_IDENTIFIER,480,False,DOC_0480,True,,258,45,0,0,2,True,False,False,True
3.record_0 (341).txt,759b6b8f55b6483ce7f90def3a49f8e0,9c397ddc73976b5b0c216ec8aaa3e84838d571998cc850f13ad9617cf16c92fb,47350,46325,7094,Corte Constitucional,MEDIUM,TEXT_MENTION_HEADER,Providencia,,2020.0,6.0,2020-06-05,HIGH,HEADER_EXPLICIT_DATE,482,False,DOC_0482,True,,204,22,0,0,1,True,False,False,True
2. record_0 (832).txt,75a5d1001f7a67f3440452d4260f07ae,463d2ab06e3ce4e20d3aa2a027860af9dd45213b4e396982e9b44c0cf07cd2bb,132989,130534,20328,Corte Constitucional,HIGH,OFFICIAL_HEADER_NUMBER,Sentencia de Constitucionalidad,C-776/10,2010.0,4.0,2010-04-08,HIGH,SENTENCE_IDENTIFIER,483,False,DOC_0483,True,,406,163,0,0,15,True,False,False,True
3.record_0 (1548).txt,76e55b48270153c123a2951e371c1212,e0e04f4a4cfd60ce5498919606c67228722320244a9c2bd2b3a6377c98b283e7,365224,357570,54931,Corte Constitucional,MEDIUM,TEXT_MENTION_HEADER,Providencia,,2020.0,3.0,2020-03-16,HIGH,HEADER_EXPLICIT_DATE,486,False,DOC_0486,True,,903,24,0,0,5,True,False,False,True
1.record_0 (12).txt,77e90906f57987c71ddc06604a84c9a3,b9f5cd84775a2b2d3f1d2582fffece4dc181b2bc2943ffd2702f53ed4da657ec,5815,5632,803,Consejo de Estado,HIGH,INSTITUTION_HEADER,Sentencia Contencioso Administrativa,,2015.0,,,MEDIUM,HEADER_FIRST_YEAR,488,False,DOC_0488,True,,68,2,0,0,0,True,False,False,False
1.record_0 (133).txt,78529b9231903ee8617d50b82e2f8933,34f1f6dea4ecfdf86460ee276d287786319c1530e5319eb6d8a288d14b7889f0,98078,96027,14798,Corte Constitucional,HIGH,OFFICIAL_HEADER_NUMBER,Auto de Sala Plena/Seguimiento,Auto-877/22,2022.0,9.0,2022-09-09,HIGH,SENTENCE_IDENTIFIER,491,False,DOC_0491,True,,561,129,0,0,4,True,False,False,True
2. record_0 (1289).txt,786a09d186796aa0547ea4c00b98471a,54bffe26d4ca2252fd6a983f562adceb128a10c45c36e555d4a55b6cd1b89523,368044,361267,56234,Corte Constitucional,MEDIUM,TEXT_MENTION_HEADER,Providencia,,2022.0,5.0,2022-05-20,HIGH,HEADER_EXPLICIT_DATE,492,False,DOC_0492,True,,2100,679,0,2,131,True,False,True,True
3.record_0 (1456).txt,7871faa0f33157a0ffa81a23a17e5034,bfbc58662530f6d9a1e859ca9fce7abf6b1c710092d22b780ebd3c60bf74d151,144939,142332,23240,Consejo de Estado,HIGH,INSTITUTION_HEADER,Sentencia Contencioso Administrativa,,,,,LOW,NONE,493,False,DOC_0493,True,,441,67,0,0,9,True,False,False,True
3.record_0 (887).txt,79fa8afe9da5489721e3643e784a04a6,09c1142e42cf52aa9b9bbd9ff43d14b668de1f3683dcba77a8e5529fa376d25c,45471,44578,6999,Corte Constitucional,MEDIUM,TEXT_MENTION_HEADER,Providencia,,2021.0,9.0,2021-09-14,HIGH,HEADER_EXPLICIT_DATE,495,False,DOC_0495,True,,200,26,0,0,0,True,False,False,False
3.record_0 (97).txt,7a200fc1baa0a7edb8ebd9e25b2ec2b4,0077575d8791751bc99f6a7271ed35369ff8f5777d52624b1071522bccd74d40,24244,23760,3777,Consejo de Estado,HIGH,INSTITUTION_HEADER,Sentencia Contencioso Administrativa,,2020.0,12.0,2020-12-09,HIGH,HEADER_EXPLICIT_DATE,496,False,DOC_0496,True,,71,23,0,0,0,True,False,False,False
3.record_0 (1663).txt,7a2d3ca013b364fc765636e6649db4a4,4f1202433151d858ab4d435cf240e6b0d5cd8a98f43a355494d129b506e07893,497723,487901,74936,Corte Constitucional,HIGH,OFFICIAL_HEADER_NUMBER,Sentencia de Tutela,T-719/2003,2003.0,,,HIGH,SENTENCE_IDENTIFIER,497,False,DOC_0497,True,,1321,57,0,0,3,True,False,False,True
3.record_0 (601).txt,7a40c006c2d0fed3506d5d02bc6cd6be,8bf296e90cb8d20527fdfe1d9bb890d2a285126bef0b91da3a8591f301616ddc,29282,28594,4574,Corte Suprema de Justicia,HIGH,INSTITUTION_HEADER,Sentencia Casación STC,STC-7888/2023,2023.0,3.0,2023-03-31,HIGH,SENTENCE_IDENTIFIER,498,False,DOC_0498,True,,63,21,0,1,2,True,False,True,True
2. record_0 (189).txt,7a92b8570200d4dbb2d3f49a64111228,050d3d07f84c7cca3fb80f561a38a309c27ebd3947a7f79100008af301bbbd36,114883,112816,18075,Corte Constitucional,HIGH,OFFICIAL_HEADER_NUMBER,Sentencia de Tutela,T-289/21,2021.0,5.0,2021-05-19,HIGH,SENTENCE_IDENTIFIER,501,False,DOC_0501,True,,339,111,0,0,6,True,False,False,True
2. record_0 (323).txt,7e07d812fc6591016847c8def710d757,06bba34ef653fefa70e8b0f4a0160fb072de710dcd754a3ffe79af7c87c1bb15,31987,31413,4955,Corte Constitucional,HIGH,OFFICIAL_HEADER_NUMBER,Auto de Sala Plena/Seguimiento,Auto-109/19,2019.0,2.0,2019-02-13,HIGH,SENTENCE_IDENTIFIER,511,False,DOC_0511,True,,77,25,0,1,3,True,False,True,True
1.record_0 (177).txt,7e56c8b3020029936c038f1ee055c1c5,e7c6075f7e39adb16d617557223409beb5d095188f74939b59e508c58abeef05,354160,346593,55042,Corte Suprema de Justicia,HIGH,INSTITUTION_HEADER,Sentencia Casación SP,SP-5831/2016,2016.0,2.0,2016-02-02,HIGH,SENTENCE_IDENTIFIER,513,False,DOC_0513,True,,1331,326,0,2,14,True,False,True,True
2. record_0 (1039).txt,7eb5f4359c3ef61c99a5f78f9e410eeb,419b2a8515ea62642f1b7ffdbb4f1543186222ddba3c84534d11568e22ad04d1,222501,217622,35033,Corte Constitucional,HIGH,OFFICIAL_HEADER_NUMBER,Sentencia de Constitucionalidad,C-047/17,2017.0,4.0,2017-04-02,HIGH,SENTENCE_IDENTIFIER,514,False,DOC_0514,True,,684,9,0,0,2,True,False,False,True
2. record_0 (952).txt,7f3f1f0a7892907526e2e7c582abefce,a16aebe72377e6d478ad402a9a85dea013e7249d251679b7a03feafb9731ad71,141244,138046,21813,Corte Constitucional,MEDIUM,TEXT_MENTION_HEADER,Providencia,,2020.0,2.0,2020-02-19,HIGH,HEADER_EXPLICIT_DATE,515,False,DOC_0515,True,,624,97,0,0,2,True,False,False,True
3.record_0 (1462).txt,8002ec0b8ddf66c4df677d8dfd533125,4ce25dd4e13edd2b93950ed8d2e146febd84efc362f2b45feafe8bec6881f29e,142531,140043,22061,Corte Constitucional,HIGH,OFFICIAL_HEADER_NUMBER,Sentencia de Tutela,T-026/22,2022.0,2.0,2022-02-15,HIGH,SENTENCE_IDENTIFIER,517,False,DOC_0517,True,,386,92,0,0,4,True,False,False,True
3.record_0 (553).txt,80c1288f72d7d550627eb00cff122268,93c7810162e00460097fed3202b80f8c68d05b86eaffba2e4c2d93465a924752,24653,24230,3743,Corte Suprema de Justicia,HIGH,INSTITUTION_HEADER,Sentencia Casación STP,STP-1153/2024,2024.0,12.0,2024-12-13,HIGH,SENTENCE_IDENTIFIER,519,False,DOC_0519,True,,58,10,0,0,4,True,False,False,True
3.record_0 (317).txt,82555f4ed94f107109a40378a7615c80,ec3c363316f43282fa2d616dcf9564b1987b841b662e0a450e9536a9298bccaf,16669,16374,2647,Corte Suprema de Justicia,HIGH,INSTITUTION_HEADER,Sentencia Casación STP,STP-12333/2019,2019.0,3.0,2019-03-15,HIGH,SENTENCE_IDENTIFIER,523,False,DOC_0523,True,,59,2,0,0,0,True,False,False,False
2. record_0 (516).txt,82b9294e19b2b9a858e920aaccfb4919,1dcb90f6261b5cffa386be1c5b47e172963cc49c7d177f2b4048fbc9ba662d30,65592,64349,10012,Consejo de Estado,HIGH,INSTITUTION_HEADER,Sentencia Contencioso Administrativa,,2017.0,6.0,2017-06-30,HIGH,HEADER_EXPLICIT_DATE,524,False,DOC_0524,True,,177,61,0,0,6,True,False,False,True
2. record_0 (343).txt,83c44d38049b9dc171985649a219b078,9dda713db6dac4318c7b8cf184ec0d98a9632c8e7e32f6847884f0b512d2630e,101166,98817,15890,Corte Constitucional,HIGH,OFFICIAL_HEADER_NUMBER,Sentencia de Tutela,T-370/20,2020.0,6.0,2020-06-26,HIGH,SENTENCE_IDENTIFIER,525,False,DOC_0525,True,,332,71,0,0,1,True,False,False,True
3.record_0 (238).txt,83d3b12e815e82ada93da39e1dbfffaf,ec3bfc177a722a24364a3eca2982e52b60bd5b6f0fb43926faa4b9ddcf6fe0de,14043,13754,2214,Corte Suprema de Justicia,HIGH,INSTITUTION_HEADER,Sentencia Casación STL,STL-8257/2021,2021.0,5.0,2021-05-07,HIGH,SENTENCE_IDENTIFIER,526,False,DOC_0526,True,,52,3,0,0,0,True,False,False,False
1.record_0 (336).txt,841d4fa752c456a3c14b78a1dabdecd8,b89314c948dd8d6652e41f3e2c7840af61811d44787d0c03bc298e90ce40098a,149773,146279,22191,Corte Constitucional,MEDIUM,TEXT_MENTION_HEADER,Providencia,,2023.0,7.0,2023-07-17,HIGH,HEADER_EXPLICIT_DATE,527,False,DOC_0527,True,,448,94,0,1,3,True,False,True,True
3.record_0 (512).txt,842fd979ad7425a1c9b74a79f90b20ed,1b2df22223ab7134cc96a7776266f740b01023d66543d1695ca314b86de22cfa,66521,65052,9852,Corte Constitucional,HIGH,OFFICIAL_HEADER_NUMBER,Auto de Sala Plena/Seguimiento,Auto-029/22,2022.0,6.0,2022-06-08,HIGH,SENTENCE_IDENTIFIER,528,False,DOC_0528,True,,251,47,0,0,3,True,False,False,True
2. record_0 (331).txt,850ba87d4c0f8f9a901785b9141cd084,80c14c9a9e3252256c09879ec21b46418555276a446d4d9f0cb83de0ef6dc825,103298,101345,16332,Corte Constitucional,HIGH,OFFICIAL_HEADER_NUMBER,Sentencia de Tutela,T-473/14,2014.0,12.0,2014-12-05,HIGH,SENTENCE_IDENTIFIER,531,False,DOC_0531,True,,299,71,3,3,8,True,True,True,True
1.record_0 (3).txt,8621c2a55a06535f91d7d22a97a0c5e2,02838a9d1f38ef0b323be796d60d7bd5ee1f2b919e688074a362de82069fdea2,6038,5945,939,Corte Constitucional,MEDIUM,TEXT_MENTION_HEADER,Providencia,,2023.0,12.0,2023-12-14,HIGH,HEADER_EXPLICIT_DATE,538,False,DOC_0538,True,,21,3,0,0,0,True,False,False,False
2. record_0 (328).txt,864adbb4928907dda8396bec6278fdc8,4e84b65bc082d1f919f5aa1b66bd31e93d674a36fdeb848137e1f49a5bb024a3,30838,30271,4761,Corte Constitucional,HIGH,OFFICIAL_HEADER_NUMBER,Auto de Sala Plena/Seguimiento,Auto-927/22,2022.0,5.0,2022-05-19,HIGH,SENTENCE_IDENTIFIER,539,False,DOC_0539,True,,167,23,0,0,0,True,False,False,False
3.record_0 (1543).txt,865f2133e29a10ea5efc23460926813a,77ee05c3e0dbb923b3b6217bc4751bd15df791aa2d5623e9022d32e57f26ed63,167567,164236,25513,Corte Suprema de Justicia,HIGH,INSTITUTION_HEADER,Providencia,,2020.0,9.0,2020-09-22,HIGH,HEADER_EXPLICIT_DATE,540,False,DOC_0540,True,,527,16,0,0,0,True,False,False,False
3.record_0 (1221).txt,86f9eea496477e30802f4d9c16feb6af,bc29d0efdeb23bce59c0b507f401e0cc20275f98a8583e9e64b5f366bf2e087d,87920,86242,13723,Corte Constitucional,HIGH,OFFICIAL_HEADER_NUMBER,Auto de Sala Plena/Seguimiento,Auto-531/16,2016.0,,,HIGH,SENTENCE_IDENTIFIER,543,False,DOC_0543,True,,334,18,0,0,1,True,False,False,True
2. record_0 (223).txt,878e13315ce22c8b724e6a6c41878d95,19d02dfa3b1aef3993117751554042e44bb03bf5f1b0e40c4abc2e4e78f09127,82844,81173,13234,Consejo de Estado,HIGH,INSTITUTION_HEADER,Sentencia Contencioso Administrativa,,2002.0,6.0,2002-06-05,HIGH,HEADER_EXPLICIT_DATE,545,False,DOC_0545,True,,218,60,0,0,5,True,False,False,True
3.record_0 (784).txt,8803183ded9037a796b05ec775c102df,5e5a4bbef45085c347ac6d1842112f16dc03cc715f1930c8d9d6495d7a795913,69113,67507,10376,Corte Constitucional,MEDIUM,TEXT_MENTION_HEADER,Providencia,,2021.0,6.0,2021-06-30,HIGH,HEADER_EXPLICIT_DATE,546,False,DOC_0546,True,,285,50,0,0,1,True,False,False,True
2. record_0 (1105).txt,882baa0ddb30dab05f02b09d08f4a5d2,ca2de0827b9d2afd44fdce046ea3aa247adef9e6b140777e92f7d90bb3e20a49,362329,355076,55574,Consejo de Estado,HIGH,INSTITUTION_HEADER,Sentencia Contencioso Administrativa,,2018.0,3.0,2018-03-09,HIGH,HEADER_EXPLICIT_DATE,547,False,DOC_0547,True,,1033,33,0,0,0,True,False,False,False
3.record_0 (964).txt,895453219b762ea84dd6cf282ffc1e99,ee33be40a788251616cfdb2a37e7d390e08c0a39ce40f3d620a39f159a0644b0,57324,56009,8546,Corte Constitucional,HIGH,OFFICIAL_HEADER_NUMBER,Auto de Sala Plena/Seguimiento,Auto-1852/22,2022.0,11.0,2022-11-11,HIGH,SENTENCE_IDENTIFIER,549,False,DOC_0549,True,,198,29,2,2,4,True,True,True,True
3.record_0 (1122).txt,8a33158e0d5740460e4ee1569fdfeca6,ddf9c326052180baf1731417416cc600ef2fe2874c9446c32e8e7184859fbdd1,69196,67730,10440,Corte Constitucional,HIGH,OFFICIAL_HEADER_NUMBER,Auto de Sala Plena/Seguimiento,Auto-814/22,2022.0,9.0,2022-09-15,HIGH,SENTENCE_IDENTIFIER,553,False,DOC_0553,True,,219,37,0,0,0,True,False,False,False
2. record_0 (1022).txt,8a41bb53fadb7b29c6f4613e9fa0f2ba,a70291e11f2887c231956bbe67dcc20cf979f629cfbdce307dbe87d1ae2f23d7,160977,157446,24841,Corte Constitucional,MEDIUM,TEXT_MENTION_HEADER,Providencia,,2021.0,1.0,2021-01-22,HIGH,HEADER_EXPLICIT_DATE,554,False,DOC_0554,True,,513,73,0,0,25,True,False,False,True
1.record_0 (160).txt,8af992c5d92705e04fabd84c02c23db9,cee8250c7afaa97a2fe43b94735e80f0eaa5c1f813763a4a27d1c0c87643d7a0,50373,49402,7717,Corte Constitucional,HIGH,OFFICIAL_HEADER_NUMBER,Sentencia de Tutela,T-426/21,2021.0,9.0,2021-09-04,HIGH,SENTENCE_IDENTIFIER,558,False,DOC_0558,True,,187,49,0,0,4,True,False,False,True
1.record_0 (494).txt,8b0a45af0c61857418086984e83eb980,4a3f5e5f50fe02bf7ecf2261e042c7a609b13d3b4021f1356218b15516ad9607,340974,333751,52552,Corte Constitucional,HIGH,OFFICIAL_HEADER_NUMBER,Sentencia de Unificación,SU-424/21,2021.0,9.0,2021-09-08,HIGH,SENTENCE_IDENTIFIER,559,False,DOC_0559,True,,1522,73,0,0,37,True,False,False,True
3.record_0 (164).txt,8b34aea08a0f65135ea417fa422bcdba,9a52b666c0f46eff5c2d81baaac76e15b09efab651105f297d0d27cb7e6b28cc,11971,11681,1871,Corte Suprema de Justicia,HIGH,INSTITUTION_HEADER,Sentencia Casación STC,STC-12125/2023,2023.0,9.0,2023-09-12,HIGH,SENTENCE_IDENTIFIER,560,False,DOC_0560,True,,35,3,0,0,0,True,False,False,False
2. record_0 (109).txt,8b54abad8a033ea02a06fcd4fe6c3397,7c43c3bd2903e9fb3e62ef697cb5e5f79f0bdc0d974785afa29c1c69bd67b33c,12768,12536,1967,Corte Suprema de Justicia,HIGH,INSTITUTION_HEADER,Sentencia Casación STC,STC-12233/2022,2022.0,5.0,2022-05-07,HIGH,SENTENCE_IDENTIFIER,561,False,DOC_0561,True,,39,10,1,1,1,True,True,True,True
3.record_0 (1737).txt,8c10b5a60bdc500d15c2e7184b8e56b4,28e165f6f0c443ebebcdbbf3a827f5968fc910630d558323d5cf0539ecd9d0bc,222555,218184,34331,Corte Constitucional,HIGH,OFFICIAL_HEADER_NUMBER,Sentencia de Tutela,T-357/22,2022.0,11.0,2022-11-06,HIGH,SENTENCE_IDENTIFIER,563,False,DOC_0563,True,,950,82,0,0,3,True,False,False,True
3.record_0 (482).txt,8c35c1e87caf1659c9bde6c22ed21e5b,e5aa76ec79e61d05ae1ac0cba02a999997684e3944910e2bb5eda26e54a7b424,24705,24189,3755,Corte Suprema de Justicia,HIGH,INSTITUTION_HEADER,Sentencia Casación STL,STL-1970/2022,2022.0,1.0,2022-01-12,HIGH,SENTENCE_IDENTIFIER,565,False,DOC_0565,True,,63,2,0,0,0,True,False,False,False
2. record_0 (542).txt,8c5463bf3bf669b80c0ca7c81f5e1578,1adf2ce5043ef6b91adb5e59900594a4dd4130c8a6d05e40bafd3205d2bad143,57431,56105,8450,Corte Constitucional,MEDIUM,TEXT_MENTION_HEADER,Providencia,,2023.0,3.0,2023-03-23,HIGH,HEADER_EXPLICIT_DATE,566,False,DOC_0566,True,,291,59,0,0,3,True,False,False,True
3.record_0 (1378).txt,8c78ecbb525c3e43df3368dcdadf0db3,b6c6fd3e7506040eb9f22179ad479bd26d3260fd9c7551188b4f99398c12cc2c,130957,128813,20441,Corte Constitucional,HIGH,OFFICIAL_HEADER_NUMBER,Sentencia de Constitucionalidad,C-349/20,2020.0,5.0,2020-05-30,HIGH,SENTENCE_IDENTIFIER,567,False,DOC_0567,True,,426,68,0,0,13,True,False,False,True
3.record_0 (951).txt,8cfdc72adba0ee7de5ca69ca5daabc7b,76a2b329e75e7d39df7d893768de279a4d5acee1973a573b1efdf6fd191c9df9,58368,57190,8994,Corte Constitucional,HIGH,OFFICIAL_HEADER_NUMBER,Sentencia de Constitucionalidad,C-345/22,2022.0,,,HIGH,SENTENCE_IDENTIFIER,569,False,DOC_0569,True,,210,23,0,0,7,True,False,False,True
2. record_0 (861).txt,8d2289354199cc0a24bb57a87ea2c00b,7d68da08d91c2855e0f6112c070b67a122ab127503bdfa4da3e081c1dd29d739,270861,265400,41458,Corte Constitucional,HIGH,OFFICIAL_HEADER_NUMBER,Sentencia de Unificación,SU-599/19,2019.0,7.0,2019-07-06,HIGH,SENTENCE_IDENTIFIER,570,False,DOC_0570,True,,771,322,0,0,17,True,False,False,True
3.record_0 (209).txt,8e1bcc94cd782db3b8c7fef677eb8039,84030d35031488d5527eb9d2eabacbf634a5d33530fe5139024b4c25d3943702,36109,35386,5498,Corte Constitucional,MEDIUM,TEXT_MENTION_HEADER,Providencia,,2020.0,8.0,2020-08-25,HIGH,HEADER_EXPLICIT_DATE,572,False,DOC_0572,True,,111,30,0,0,1,True,False,False,True
2. record_0 (713).txt,8e28cc63abee821fa671496f8a12ba9a,51450c852ca0947b8621d6d876b128c86a185427fd07f76a5dc30a0b0037bda6,92554,89983,14059,Corte Constitucional,HIGH,OFFICIAL_HEADER_NUMBER,Auto de Sala Plena/Seguimiento,Auto-1064/22,2022.0,9.0,2022-09-01,HIGH,SENTENCE_IDENTIFIER,573,False,DOC_0573,True,,304,74,0,0,3,True,False,False,True
3.record_0 (107).txt,8f6d20fab53e755172cfa610ec3247da,07b23829b17ebd3ba0ca8e51bbe708b4bd5295bfda322973f5450adb4b06e8d7,125882,122839,19755,Consejo de Estado,HIGH,INSTITUTION_HEADER,Sentencia Contencioso Administrativa,,2020.0,12.0,2020-12-09,HIGH,HEADER_EXPLICIT_DATE,574,False,DOC_0574,True,,389,85,0,0,2,True,False,False,True
1.record_0 (167).txt,8f8214b326aef3aa3ac4a2286b959c7c,60894a5a89e7e2446d56018fac21c7413c6d3963e5505283127b81ad64bf3f30,209994,204851,32458,Corte Constitucional,HIGH,OFFICIAL_HEADER_NUMBER,Sentencia de Tutela,T-400/22,2022.0,9.0,2022-09-09,HIGH,SENTENCE_IDENTIFIER,576,False,DOC_0576,True,,618,228,0,0,36,True,False,False,True
2. record_0 (565).txt,8f8ab45f362a7a017eb7dc268ed38332,8d61c12a8a09cb7fa48bbbce8a2669a603589648c7028124beafbfed42e87690,197823,193374,30746,Corte Constitucional,HIGH,OFFICIAL_HEADER_NUMBER,Sentencia de Tutela,T-967/14,2014.0,11.0,2014-11-28,HIGH,SENTENCE_IDENTIFIER,577,False,DOC_0577,True,,730,271,2,2,19,True,True,True,True
3.record_0 (1500).txt,901804d4d099c1ed1ecf909483e2b436,0809373ed984f99ce6810de83c45df16111f05cc1f596bea3046e7bcdc7a2cec,176601,173027,26777,Corte Constitucional,HIGH,OFFICIAL_HEADER_NUMBER,Sentencia de Constitucionalidad,C-248/19,2019.0,,,HIGH,SENTENCE_IDENTIFIER,581,False,DOC_0581,True,,571,58,0,0,6,True,False,False,True
2. record_0 (761).txt,90edff03f7bf20ceb70130a286b9baa0,b9adbce61eaa96dee35b777f498d85b83526fb4813a4162217fc427f9cd2d682,106134,103893,16172,Corte Constitucional,HIGH,OFFICIAL_HEADER_NUMBER,Sentencia de Unificación,SU-109/22,2022.0,3.0,2022-03-18,HIGH,SENTENCE_IDENTIFIER,585,False,DOC_0585,True,,439,22,0,0,1,True,False,False,True
1.record_0 (4).txt,922c9106bd2ee72491e7010b15716518,13385c322c06861debd8809d7e92ed6cf5a2cc932c0e5dc5f1c374b5bc5ecc63,3866,3771,470,Consejo de Estado,HIGH,INSTITUTION_HEADER,Sentencia Contencioso Administrativa,,2006.0,,,MEDIUM,HEADER_FIRST_YEAR,591,False,DOC_0591,True,,11,1,0,0,0,True,False,False,False
3.record_0 (1618).txt,9270d4057bc826b31540cb190b56505e,0fbb81c8087ca092a58a10a2dc6a3907cd5654a0cb4d5e9a3efd09c61e00c139,223409,218993,33977,Corte Suprema de Justicia,HIGH,INSTITUTION_HEADER,Providencia,,2020.0,9.0,2020-09-22,HIGH,HEADER_EXPLICIT_DATE,592,False,DOC_0592,True,,608,13,0,0,0,True,False,False,False
2. record_0 (1040).txt,92e050dc42fdf2a2dd8d9337526df3e8,87927943eebb6ce860f8a6f0f88f4870acbd7b92a887c1387184a08a3ba967d8,251689,246977,38098,Corte Constitucional,HIGH,OFFICIAL_HEADER_NUMBER,Sentencia de Constitucionalidad,C-257/16,2016.0,,,HIGH,SENTENCE_IDENTIFIER,596,False,DOC_0596,True,,656,255,0,0,9,True,False,False,True
3.record_0 (253).txt,93780d5bcbcb09a85c717baabe791a95,e5b96a9fee0245ba2166b75a860fa359f07a05588b5b692cccb2b74f97ea3efc,26299,25764,4125,Corte Suprema de Justicia,HIGH,INSTITUTION_HEADER,Sentencia Casación STP,STP-1398/2024,2024.0,2.0,2024-02-23,HIGH,SENTENCE_IDENTIFIER,602,False,DOC_0602,True,,71,2,0,0,2,True,False,False,True
2. record_0 (249).txt,94155817f2f543a86d137cd3726cccd6,754b8972e2987a016de1a0cab85982e5214464e1bb3dd35f231ce776ae1f9e01,25828,25348,4035,Consejo de Estado,HIGH,INSTITUTION_HEADER,Sentencia Contencioso Administrativa,,2020.0,7.0,2020-07-03,HIGH,HEADER_EXPLICIT_DATE,607,False,DOC_0607,True,,68,3,0,0,0,True,False,False,False
2. record_0 (1204).txt,946c4e6338d7c6476b0b2d2ac9d13186,e7b2e78405a475a03fce6d3b05d25b9ae1c515ee076dd0d32733a6dc8bc6050a,214551,210011,33394,Corte Suprema de Justicia,HIGH,INSTITUTION_HEADER,Providencia,,2022.0,6.0,2022-06-29,HIGH,HEADER_EXPLICIT_DATE,608,False,DOC_0608,True,,1174,156,0,0,3,True,False,False,True
1.record_0 (29).txt,94bfaa798f504b4041996725976a538c,0409d4726916c7929556b574a1a88af1d2baad83f3c7951d5280e5f1265de835,10155,9936,1608,Corte Suprema de Justicia,HIGH,INSTITUTION_HEADER,Sentencia Casación STC,STC-1050/2021,2021.0,9.0,2021-09-08,HIGH,SENTENCE_IDENTIFIER,609,False,DOC_0609,True,,33,7,0,0,0,True,False,False,False
3.record_0 (1763).txt,9569bf1e9063f350e8cfae9dc6578de0,ffadcb9ec57b4cb6b59fbb3f9d398cf5f9bb50ed9e3ab1c6952852d4073cf25b,401203,393893,61528,Corte Constitucional,HIGH,OFFICIAL_HEADER_NUMBER,Auto de Sala Plena/Seguimiento,Auto-173/14,2014.0,,,HIGH,SENTENCE_IDENTIFIER,612,False,DOC_0612,True,,1081,325,0,0,21,True,False,False,True
3.record_0 (1831).txt,963cea17a29bb524345ffd2650539760,5894e150a2ad4e1074e66c3c5741f54526b1c10308a8a70e1fb417defbe7aeba,415383,405227,63466,Corte Constitucional,HIGH,OFFICIAL_HEADER_NUMBER,Sentencia de Tutela,T-454/22,2022.0,2.0,2022-02-04,HIGH,SENTENCE_IDENTIFIER,613,False,DOC_0613,True,,1285,30,0,0,4,True,False,False,True
1.record_0 (35).txt,9646fbd0a354305b00c92d5eb2b2747d,77304b2f5e89b868375127511d203285091bb035e088367e36f8e82d8d7ac5e8,8728,8592,1330,Corte Suprema de Justicia,HIGH,INSTITUTION_HEADER,Sentencia Casación STC,STC-11086/2023,2023.0,5.0,2023-05-30,HIGH,SENTENCE_IDENTIFIER,614,False,DOC_0614,True,,32,3,0,0,0,True,False,False,False
2. record_0 (642).txt,96f70b8f8ef6f5b2e4cc8cd83f78e0f3,e04a30581ef2483499681507cfec5a4674f9bd747aef8d4982cf68504e370cdf,77878,76410,11661,Corte Constitucional,MEDIUM,TEXT_MENTION_HEADER,Providencia,,2021.0,3.0,2021-03-17,HIGH,HEADER_EXPLICIT_DATE,616,False,DOC_0616,True,,324,47,0,0,3,True,False,False,True
1.record_0 (181).txt,97cbbe42344e14b58e15495fadbb7824,a20774ebd0d9ccec9f33141f9f8f2f223324dfcb832670ef82f35d263b0cb972,299648,294363,46146,Corte Constitucional,HIGH,OFFICIAL_HEADER_NUMBER,Sentencia de Tutela,T-344/20,2020.0,1.0,2020-01-21,HIGH,SENTENCE_IDENTIFIER,618,False,DOC_0618,True,,767,264,2,2,28,True,True,True,True
2. record_0 (714).txt,97f85ea2175c84240a78b78e515382f8,7161be7c62ac072605bb99143e3ccd53a416aa472a194553887c89681c741e20,172238,168551,26897,Corte Constitucional,MEDIUM,TEXT_MENTION_HEADER,Providencia,,2020.0,1.0,2020-01-02,HIGH,HEADER_EXPLICIT_DATE,619,False,DOC_0619,True,,534,148,9,9,27,True,True,True,True
1.record_0 (247).txt,982fd3b28ed46aaedc710f7556744d99,24cc78d7248c89cd57584a96e6cbd588fe480bfb026bfd7f7aa16cd6ac3dc1c0,95536,93704,14813,Corte Constitucional,HIGH,OFFICIAL_HEADER_NUMBER,Sentencia de Tutela,T-590/17,2017.0,6.0,2017-06-16,HIGH,SENTENCE_IDENTIFIER,620,False,DOC_0620,True,,268,57,0,0,2,True,False,False,True
3.record_0 (111).txt,9839624f816dfc6020bd52c7334ed6d5,33a9496961683faa6193b100cfe9d398ba46c78c75f043fd48eeea25894e65f0,17767,17404,2699,Corte Suprema de Justicia,HIGH,INSTITUTION_HEADER,Sentencia Casación STC,STC-12195/2022,2022.0,7.0,2022-07-28,HIGH,SENTENCE_IDENTIFIER,621,False,DOC_0621,True,,39,3,0,0,0,True,False,False,False
2. record_0 (64).txt,9843f035b0f4ebfdb45ede18cf4072f3,c32f38b94781f46a97aea58bb730717310a9f8dd47c86d4498aa332472155227,106014,103790,16570,Corte Constitucional,MEDIUM,TEXT_MENTION_HEADER,Providencia,,2019.0,8.0,2019-08-08,HIGH,HEADER_EXPLICIT_DATE,622,False,DOC_0622,True,,337,117,0,0,4,True,False,False,True
4. (92).txt,98765a93c996384348713a4f49491a0b,64d5008f8ab848c9762d5f190b10badbe267fed0a624135eb9d7c74f8b791f57,308759,302597,46488,Corte Constitucional,HIGH,OFFICIAL_HEADER_NUMBER,Sentencia de Constitucionalidad,C-608/17,2017.0,,,HIGH,SENTENCE_IDENTIFIER,623,False,DOC_0623,True,,1026,43,0,0,5,True,False,False,True
2. record_0 (1296).txt,991c6d5d6946aae71345ac82806802c9,4c36517bb41056fd49de143f99fabb9242be5acf1776df301f61cc59c98afdb1,644573,631650,97763,Corte Constitucional,MEDIUM,TEXT_MENTION_HEADER,Providencia,,2004.0,,,MEDIUM,HEADER_FIRST_YEAR,626,False,DOC_0626,True,,3849,181,0,1,15,True,False,True,True
3.record_0 (1875).txt,9a4ebad1c4a552f28f60681643bc82e0,088dd29fa40dd59a1a20f13119bfb81800c23d1b8beb8f0f03fb97cb1fac781d,535157,524361,79931,Corte Constitucional,HIGH,OFFICIAL_HEADER_NUMBER,Sentencia de Constitucionalidad,C-013/18,2018.0,5.0,2018-05-29,HIGH,SENTENCE_IDENTIFIER,630,False,DOC_0630,True,,1893,105,0,0,11,True,False,False,True
3.record_0 (268).txt,9b3bf0345166e6f79bc48b189d4c1c06,f0e33ed399261b8f1d03ea4fbdb9f7f68dd2915c455acb1967243dc54faa574e,58317,56957,8645,Corte Constitucional,HIGH,OFFICIAL_HEADER_NUMBER,Auto de Sala Plena/Seguimiento,Auto-565/22,2022.0,12.0,2022-12-06,HIGH,SENTENCE_IDENTIFIER,631,False,DOC_0631,True,,214,35,0,0,3,True,False,False,True
3.record_0 (379).txt,9bd62fbc8aaa3ccc4c3360ced559e64a,0fb4bdbf2d5de4ab50398e423f353adc2478c04d4110cff4ef86c0e198d66323,53923,52570,7934,Corte Constitucional,MEDIUM,TEXT_MENTION_HEADER,Providencia,,2021.0,10.0,2021-10-22,HIGH,HEADER_EXPLICIT_DATE,634,False,DOC_0634,True,,215,40,0,0,3,True,False,False,True
1.record_0 (82).txt,9c34eae6da0e08b40621ee6561be5bba,f30d2a2b46b54b6c92bda2aaa294d07ba5b62b03ceae02ca46b358c0eccca86d,44409,43552,6922,Corte Constitucional,MEDIUM,TEXT_MENTION_HEADER,Providencia,,2023.0,8.0,2023-08-25,HIGH,HEADER_EXPLICIT_DATE,635,False,DOC_0635,True,,212,23,0,0,2,True,False,False,True
3.record_0 (471).txt,9c4b2e4cf4a6dc6318f5c03372a9b575,94112be7ddec10f5695ba05cc6c3e8a1888f510a49ee6940b7aab04ac9e9e994,21918,21522,3425,Corte Suprema de Justicia,HIGH,INSTITUTION_HEADER,Sentencia Casación STP,STP-10788/2021,2021.0,6.0,2021-06-23,HIGH,SENTENCE_IDENTIFIER,636,False,DOC_0636,True,,66,2,0,0,0,True,False,False,False
3.record_0 (1848).txt,9cb9ac7ce8dc1a8c07d905aaf2d963fa,ad0565678aa4193ae04ae30d46a3c27dc275133836d54a84a450b8c622bb012d,418216,408323,64000,Corte Constitucional,HIGH,OFFICIAL_HEADER_NUMBER,Sentencia de Constitucionalidad,C-089/22,2022.0,8.0,2022-08-25,HIGH,SENTENCE_IDENTIFIER,637,False,DOC_0637,True,,1615,172,0,0,1,True,False,False,True
3.record_0 (1916).txt,9d0106ef6ac698e264853ae76a5c425f,8ccb4ccff2b5745ea9a5b0835be67dab4254e3a19395f08614e559b39d31f441,524952,515886,79504,Corte Constitucional,HIGH,OFFICIAL_HEADER_NUMBER,Sentencia de Unificación,SU-016/21,2021.0,4.0,2021-04-25,HIGH,SENTENCE_IDENTIFIER,638,False,DOC_0638,True,,1611,243,0,0,30,True,False,False,True
3.record_0 (487).txt,9d2135b0f2f113645108a5c8a66b9c16,d210ca559936e1a700dc5d7e7c1c2c84d18025fd847ce2034501b7a5e764fb5b,21106,20693,3309,Corte Suprema de Justicia,HIGH,INSTITUTION_HEADER,Sentencia Casación STL,STL-11242/2022,2022.0,7.0,2022-07-19,HIGH,SENTENCE_IDENTIFIER,639,False,DOC_0639,True,,52,6,0,0,0,True,False,False,False
3.record_0 (1185).txt,9df6e40dcc05e10e24e3ac4266795f72,3289f6330252da3d673ad9450ab4065e9f9c67db5a0c33e1f805def959a3f215,82389,80703,13081,Corte Constitucional,HIGH,OFFICIAL_HEADER_NUMBER,Sentencia de Tutela,T-739/09,2009.0,4.0,2009-04-27,HIGH,SENTENCE_IDENTIFIER,641,False,DOC_0641,True,,221,7,0,0,2,True,False,False,True
3.record_0 (1295).txt,9e677971a56283ba74a2055553bbea1e,3ad9675c2f6ad6fb01d7d218e31e7dd3dd51659ab7f0eb1a1b5e09d2ebed4f66,94985,93288,14772,Corte Constitucional,MEDIUM,TEXT_MENTION_HEADER,Providencia,,2022.0,5.0,2022-05-12,HIGH,HEADER_EXPLICIT_DATE,643,False,DOC_0643,True,,412,40,0,0,4,True,False,False,True
1.record_0 (16).txt,9eb575144d7f59f2c4029befa220bd33,fef99ad2cf2c585b727cb4f97676055ba4fd511e940afc9aa2cce39bf86aba04,6753,6606,1029,Corte Constitucional,MEDIUM,TEXT_MENTION_HEADER,Providencia,,2018.0,3.0,2018-03-09,HIGH,HEADER_EXPLICIT_DATE,646,False,DOC_0646,True,,27,1,0,0,0,True,False,False,False
3.record_0 (1024).txt,9f3e79cb82fcbba423da1abdf86b9335,067acf5605aad8cfbe925d4f384edf5fa3ccee9a81b9502d15ac5f15510cb43f,60898,59765,8657,Corte Constitucional,HIGH,OFFICIAL_HEADER_NUMBER,Auto de Sala Plena/Seguimiento,Auto-723/22,2022.0,6.0,2022-06-13,HIGH,SENTENCE_IDENTIFIER,648,False,DOC_0648,True,,265,36,0,0,1,True,False,False,True
2. record_0 (825).txt,9fbe181a6800da133038f1cb883d1ff6,ed5656b9c78f276a9bfd56f14bfa4313bb677367a711bc078cf4475202335012,213525,209523,33597,Corte Suprema de Justicia,HIGH,INSTITUTION_HEADER,Providencia,,2022.0,11.0,2022-11-23,HIGH,HEADER_EXPLICIT_DATE,651,False,DOC_0651,True,,769,141,2,2,13,True,True,True,True
3.record_0 (212).txt,9ff7bd74780306699c2ca7a636de5a09,bac1bfe6713fc930b4615373e2096811dbcb67868c7d6de496dc429276af713f,78260,76701,11914,Corte Constitucional,MEDIUM,TEXT_MENTION_HEADER,Providencia,,2021.0,7.0,2021-07-28,HIGH,HEADER_EXPLICIT_DATE,652,False,DOC_0652,True,,284,50,0,0,0,True,False,False,False
3.record_0 (1854).txt,a048c3ec60e13f03e4912cb5294dc3fc,adb06ac0b90611b53fd343130efa8e1cacabd38016bdc381d39a276ba55843c1,405339,397054,60697,Corte Constitucional,HIGH,OFFICIAL_HEADER_NUMBER,Auto de Sala Plena/Seguimiento,Auto-894/22,2022.0,11.0,2022-11-29,HIGH,SENTENCE_IDENTIFIER,653,False,DOC_0653,True,,2247,152,0,0,4,True,False,False,True
3.record_0 (777).txt,a0d8d55313f657925224812619aea5cb,6510c25f05105b8cd559c657b55aeb3ae6d044d869d4481738e2cb6dd2941b3c,68727,67355,11100,Corte Suprema de Justicia,HIGH,INSTITUTION_HEADER,Sentencia Casación SP,SP-3261/2020,2020.0,1.0,2020-01-30,HIGH,SENTENCE_IDENTIFIER,656,False,DOC_0656,True,,283,62,0,1,2,True,False,True,True
3.record_0 (727).txt,a0f613c20e3731d852719fd4e912b0b9,50509f7707a6061e86ee0adb26019616f7c7d60667795f3048995f8ad1c05602,40642,39896,6205,Corte Suprema de Justicia,HIGH,INSTITUTION_HEADER,Providencia,,2014.0,8.0,2014-08-29,HIGH,HEADER_EXPLICIT_DATE,657,False,DOC_0657,True,,124,27,0,0,0,True,False,False,False
1.record_0 (381).txt,a17e9aecf8ec583ff15ece3d4cc6f85d,43f1adb97993563d19148c7385a8ca657f54b5376f620e2257ae9af9892f16f3,209066,204854,32096,Corte Constitucional,HIGH,OFFICIAL_HEADER_NUMBER,Sentencia de Tutela,T-718/17,2017.0,6.0,2017-06-30,HIGH,SENTENCE_IDENTIFIER,660,False,DOC_0660,True,,727,308,0,0,11,True,False,False,True
2. record_0 (706).txt,a26363e88757858bf60b6a0a518b6908,ef11e4d294fcf63e6e93e95807de4647bb803fa8293addd6a6c8de873c2b2483,97122,95110,15329,Consejo de Estado,HIGH,INSTITUTION_HEADER,Sentencia Contencioso Administrativa,,2019.0,12.0,2019-12-10,HIGH,HEADER_EXPLICIT_DATE,663,False,DOC_0663,True,,265,94,0,0,5,True,False,False,True
2. record_0 (835).txt,a3af3520e9c4fd123e6202ab938fe066,734cf88a35222b29eafe781b4adc3b4ccb37512a449e1570694ae2b0e13bc416,125723,123359,20168,Consejo de Estado,HIGH,INSTITUTION_HEADER,Sentencia Contencioso Administrativa,,2015.0,12.0,2015-12-11,HIGH,HEADER_EXPLICIT_DATE,664,False,DOC_0664,True,,260,76,0,0,5,True,False,False,True
1.record_0 (465).txt,a4e094bc68b369ee7ce140ede0a50369,f6007e6fbe019d934f4eeba906c3047deb791313b20fb71c19f3efbaf5f7823f,258001,252160,40480,Corte Constitucional,MEDIUM,TEXT_MENTION_HEADER,Providencia,,2023.0,2.0,2023-02-08,HIGH,HEADER_EXPLICIT_DATE,669,False,DOC_0669,True,,824,260,0,0,28,True,False,False,True
1.record_0 (365).txt,a5e013fbfcafe86bcae53a38e3dcc562,1648d3ccf6752164c99fdcb52f4d75be3fe597169f346d711d88847304564537,169247,165576,26739,Corte Constitucional,HIGH,OFFICIAL_HEADER_NUMBER,Sentencia de Tutela,T-225/22,2022.0,4.0,2022-04-09,HIGH,SENTENCE_IDENTIFIER,672,False,DOC_0672,True,,550,60,0,1,5,True,False,True,True
3.record_0 (655).txt,a60ec6a590e5de421fe7d8723f27b071,e6b6fd94938bef28bbc3e660749a065af738dcc25e175402325f63c1e6244e3f,62848,61441,9596,Corte Constitucional,MEDIUM,TEXT_MENTION_HEADER,Providencia,,2022.0,7.0,2022-07-14,HIGH,HEADER_EXPLICIT_DATE,673,False,DOC_0673,True,,176,21,0,0,3,True,False,False,True
1.record_0 (241).txt,a62772f019769444d3c93ebc3f79d5b8,745b01512d7419e0de2b736608239b0da800f4b5aea568b66752c58d74432571,287346,282151,42336,Consejo de Estado,HIGH,INSTITUTION_HEADER,Sentencia Contencioso Administrativa,,2021.0,4.0,2021-04-28,HIGH,HEADER_EXPLICIT_DATE,674,False,DOC_0674,True,,708,15,0,0,0,True,False,False,False
3.record_0 (1255).txt,a706e565b3f071808289ca3ddd31616b,caa1655f1c1244262a08b20e7f961fc5320ef29c8008a1466af313a320c2361a,183626,179724,28747,Corte Constitucional,MEDIUM,TEXT_MENTION_HEADER,Providencia,,2023.0,,,MEDIUM,HEADER_FIRST_YEAR,677,False,DOC_0677,True,,583,124,0,0,9,True,False,False,True
3.record_0 (1267).txt,a7b39d3be207f120ad359d035e8febe0,e5aeb06569792f95c46e5375fdfca738ff12efea994fbe56b6fc93de26b87f9f,99997,98216,15827,Corte Constitucional,HIGH,OFFICIAL_HEADER_NUMBER,Sentencia de Tutela,T-122/17,2017.0,8.0,2017-08-31,HIGH,SENTENCE_IDENTIFIER,680,False,DOC_0680,True,,301,12,0,1,3,True,False,True,True
2. record_0 (515).txt,a7f6906fa167fe31fe1255ec6ddce932,e016f1f4e2a455bb8de95a72e64cfa79c1c81a47acf479734ff044a798589487,227241,221914,35894,Corte Constitucional,HIGH,OFFICIAL_HEADER_NUMBER,Sentencia de Tutela,T-843/11,2011.0,12.0,2011-12-03,HIGH,SENTENCE_IDENTIFIER,683,False,DOC_0683,True,,486,184,0,0,24,True,False,False,True
2. record_0 (452).txt,a7fcfafb687770f09b31cfb925ab9121,812376925888234218543e6659ac31e3822addb6f22850e8bd3c71a99f767dd9,247364,242285,38530,Corte Constitucional,HIGH,OFFICIAL_HEADER_NUMBER,Sentencia de Constitucionalidad,C-117/21,2021.0,9.0,2021-09-28,HIGH,SENTENCE_IDENTIFIER,685,False,DOC_0685,True,,780,213,0,0,37,True,False,False,True
3.record_0 (699).txt,a86b000ba6cfe23c0dda256391ef8a3d,f0e69e5fc9fdf1f64667c4862b9c0710f63d8aa95a835106e955e3ebec5159cf,31298,30732,4739,Corte Constitucional,MEDIUM,TEXT_MENTION_HEADER,Providencia,,2022.0,10.0,2022-10-25,HIGH,HEADER_EXPLICIT_DATE,686,False,DOC_0686,True,,166,17,0,0,0,True,False,False,False
3.record_0 (29).txt,a8f4e40eb9e2a04292c9afae3f395b43,ab0ccba2dad3d13281627c9b360c3355cd96bdbf1dd8278d0f6039a52dcea14b,2827,2772,461,Corte Constitucional,MEDIUM,TEXT_MENTION_HEADER,Providencia,,2021.0,9.0,2021-09-02,HIGH,HEADER_EXPLICIT_DATE,687,False,DOC_0687,True,,9,2,0,0,0,True,False,False,False
2. record_0 (1193).txt,a9eac6777a4f7fdc2187958959ff6862,0732fa2e32ea5a7256750e799c398f8997df3472d4c95a6ebca9969afb63972a,296912,290612,45680,Corte Suprema de Justicia,HIGH,INSTITUTION_HEADER,Providencia,,2020.0,9.0,2020-09-22,HIGH,HEADER_EXPLICIT_DATE,691,False,DOC_0691,True,,855,15,0,0,0,True,False,False,False
3.record_0 (490).txt,a9f2da7f7497ae08653c0b4783d841a1,70cdc62620979c60acf1fc89ac336a5f1563167448ab8c8bb8c62dbd74e83b14,41807,40948,6233,Corte Constitucional,MEDIUM,TEXT_MENTION_HEADER,Providencia,,2022.0,6.0,2022-06-05,HIGH,HEADER_EXPLICIT_DATE,692,False,DOC_0692,True,,168,17,0,0,0,True,False,False,False
1.record_0 (530).txt,aa5ca6009f3e03ec197a1d5401eafe81,e12c53898a9d4e4d7bb5ef5f0f52cd023c4e0d509a33bde3c60021128b53fc53,493571,483623,77043,Corte Constitucional,HIGH,OFFICIAL_HEADER_NUMBER,Sentencia de Tutela,T-410/21,2021.0,12.0,2021-12-16,HIGH,SENTENCE_IDENTIFIER,694,False,DOC_0694,True,,1597,489,1,1,40,True,True,True,True
1.record_0 (27).txt,aac6f538e80a3b3e9270b2a3fc8ea373,673cb0d750151bb49e695e69005c3adcc956a74708c9554969f5b5e885618719,8776,8635,1320,Corte Constitucional,HIGH,OFFICIAL_HEADER_NUMBER,Auto de Sala Plena/Seguimiento,Auto-125/20,2020.0,2.0,2020-02-07,HIGH,SENTENCE_IDENTIFIER,696,False,DOC_0696,True,,34,4,0,0,0,True,False,False,False
1.record_0 (423).txt,aad0d103a279fc28388f0a608fd3cde9,c7dc12b454271bbed66a6a0d10fb7cb1181e606e4b0677b3facd6c5265b51125,248595,243741,38057,Corte Constitucional,HIGH,OFFICIAL_HEADER_NUMBER,Sentencia de Constitucionalidad,C-085/16,2016.0,,,HIGH,SENTENCE_IDENTIFIER,697,False,DOC_0697,True,,650,79,0,1,2,True,False,True,True
3.record_0 (141).txt,ab04eb024eb82450b45d96b6734480cd,d6b25cf05b597b80c68f2493f1c2a286a83ee7c6b8b07e0342556962f149dc99,12293,12042,1850,Corte Suprema de Justicia,HIGH,INSTITUTION_HEADER,Sentencia Casación STL,STL-11911/2022,2022.0,7.0,2022-07-06,HIGH,SENTENCE_IDENTIFIER,698,False,DOC_0698,True,,44,2,0,0,1,True,False,False,True
3.record_0 (469).txt,abd8073bd043851a1d11a983c28ded17,bf51fbd36b93ce0fb91798c230e34e0eac3d68b4bbe6cb449266ecd195d3684d,18318,17961,2815,Corte Constitucional,MEDIUM,TEXT_MENTION_HEADER,Providencia,,2020.0,7.0,2020-07-30,HIGH,HEADER_EXPLICIT_DATE,700,False,DOC_0700,True,,68,2,0,0,0,True,False,False,False
1.record_0 (41).txt,abf9138b3f9b8ec8fb135086c68dfaab,3d5521f82a12cd358470d66021308a6b9efcb5eb790e16fac419c64e8be3ab46,15503,15206,2372,Corte Suprema de Justicia,HIGH,INSTITUTION_HEADER,Sentencia Casación STC,STC-2283/2020,2020.0,11.0,2020-11-19,HIGH,SENTENCE_IDENTIFIER,701,False,DOC_0701,True,,41,12,0,0,0,True,False,False,False
1.record_0 (339).txt,ac1631b8421b89b39449b4717c42a460,4a228d89e100ccca4c956763e5a62464e342a2ed4ba51d0f02e4ab7e25e74a2b,149251,146375,23220,Corte Constitucional,MEDIUM,TEXT_MENTION_HEADER,Providencia,,2022.0,11.0,2022-11-23,HIGH,HEADER_EXPLICIT_DATE,702,False,DOC_0702,True,,691,145,2,2,9,True,True,True,True
3.record_0 (521).txt,ac44ae13e28eb9a7cecc403357a2c05a,f6836af30ddc4db55e180b08bfad47ed3b2c71d87b5e498c832fbe468a9f5de4,69196,67861,10759,Consejo de Estado,HIGH,INSTITUTION_HEADER,Sentencia Contencioso Administrativa,,2020.0,3.0,2020-03-25,HIGH,HEADER_EXPLICIT_DATE,703,False,DOC_0703,True,,178,55,0,0,6,True,False,False,True
3.record_0 (634).txt,ac4cf52c1bacb339f2245bda78e4e54f,9d710de1b54631e8e7c4faa598d16db56165d8c2b65375153ce7d2e555392b14,49123,48175,7574,Corte Constitucional,MEDIUM,TEXT_MENTION_HEADER,Providencia,,2021.0,9.0,2021-09-02,HIGH,HEADER_EXPLICIT_DATE,704,False,DOC_0704,True,,265,9,0,0,0,True,False,False,False
1.record_0 (60).txt,ac7ccb1a986ee6349064909d065fe115,a26ccb4d64a1ad23aeab9e56b4e9bacb1174c23d7d5eebfe2e6b0924c814a7ef,174779,171247,27112,Corte Constitucional,HIGH,OFFICIAL_HEADER_NUMBER,Sentencia de Tutela,T-145/17,2017.0,7.0,2017-07-25,HIGH,SENTENCE_IDENTIFIER,706,False,DOC_0706,True,,485,214,1,1,22,True,True,True,True
1.record_0 (126).txt,ad0a45276084a24108ca125a8dff4104,4fe73418c4a74424ad54c1b0bd303ec8b4c168ec5e358c2314dbfee39f6e01bb,81112,79362,12282,Corte Suprema de Justicia,HIGH,INSTITUTION_HEADER,Providencia,,2017.0,8.0,2017-08-22,HIGH,HEADER_EXPLICIT_DATE,707,False,DOC_0707,True,,249,68,0,0,8,True,False,False,True
3.record_0 (1552).txt,adfeda0cd3bfb05004953819daffaeab,b5318a684ea3cfcfb88c2f8f1677108eceaf4fba1dab2c5b9d8fda203a354f29,344842,336953,52995,Corte Constitucional,HIGH,OFFICIAL_HEADER_NUMBER,Sentencia de Constitucionalidad,C-256/22,2022.0,11.0,2022-11-10,HIGH,SENTENCE_IDENTIFIER,710,False,DOC_0710,True,,1004,347,0,0,27,True,False,False,True
2. record_0 (724).txt,ae507b9fa5ef8771f1f0e378ba365ff4,1fb42b1de505284fa5a71639851aadbb96aed945491f9bd9d527b7a1e021bcb6,109290,107244,16653,Corte Constitucional,HIGH,OFFICIAL_HEADER_NUMBER,Sentencia de Tutela,T-089/19,2019.0,8.0,2019-08-02,HIGH,SENTENCE_IDENTIFIER,711,False,DOC_0711,True,,350,10,0,0,0,True,False,False,False
2. record_0 (427).txt,ae765a76cb215d1c1d0f98029ab621ac,893756ead9e0ca8379ffc57f64ae12649c46d799774ac38769af1518a0b8f15b,44091,43358,6605,Corte Constitucional,MEDIUM,TEXT_MENTION_HEADER,Providencia,,2022.0,3.0,2022-03-29,HIGH,HEADER_EXPLICIT_DATE,713,False,DOC_0713,True,,191,24,0,0,1,True,False,False,True
3.record_0 (1251).txt,aeef644d13fe2b6dd11ecc3d8b24ab37,6901512871c60d0b9a96c15a8c57f7356339c21c6fea52dc996c03a57ae3fe1a,86200,83944,13082,Corte Constitucional,HIGH,OFFICIAL_HEADER_NUMBER,Auto de Sala Plena/Seguimiento,Auto-311/22,2022.0,1.0,2022-01-22,HIGH,SENTENCE_IDENTIFIER,717,False,DOC_0717,True,,319,46,0,0,0,True,False,False,False
1.record_0 (284).txt,b0da326aa618e87ed74cf901907146a1,99ad40e7bbf8f9e72b34ecea607b66249fa164ace28c16b4e9aa9643e3267b22,134931,132327,21691,Corte Constitucional,HIGH,OFFICIAL_HEADER_NUMBER,Sentencia de Tutela,T-841/11,2011.0,,,HIGH,SENTENCE_IDENTIFIER,721,False,DOC_0721,True,,355,87,0,0,3,True,False,False,True
1.record_0 (176).txt,b182e9e05edd805318cc7b56fb11c48e,2ca99b3789e84d168287b60903fc57dda2ed1fff15d1efc52de63fd0fb3a06ca,63198,62022,9815,Corte Constitucional,HIGH,OFFICIAL_HEADER_NUMBER,Auto de Sala Plena/Seguimiento,Auto-1256/22,2022.0,2.0,2022-02-23,HIGH,SENTENCE_IDENTIFIER,723,False,DOC_0723,True,,215,38,0,0,0,True,False,False,False
4. (61).txt,b275adb476c66332fb92f515dba868a2,154358f1bb68b77d87cf79cadf94e8cd3f5b9147d3476d453d21bd3f8b300f16,139508,136857,21752,Corte Constitucional,MEDIUM,TEXT_MENTION_HEADER,Providencia,,2015.0,2.0,2015-02-12,HIGH,HEADER_EXPLICIT_DATE,725,False,DOC_0725,True,,513,20,0,0,1,True,False,False,True
2. record_0 (884).txt,b286605d1b482d732f519866e46622ce,5ecf2c573888e318ceec71f8f96e6a59c7cac2eae2d681fc0e3cd66379945ce3,126059,123436,19793,Corte Constitucional,MEDIUM,TEXT_MENTION_HEADER,Providencia,,2022.0,9.0,2022-09-29,HIGH,HEADER_EXPLICIT_DATE,726,False,DOC_0726,True,,376,120,1,1,7,True,True,True,True
2. record_0 (1030).txt,b2bec14ec75fa881febe5785da45bdeb,8dc8a6db26456dd8a9b0aee18249d78109bc5514e182c1e440597d48a13f8ec2,948677,931932,144876,Corte Constitucional,MEDIUM,TEXT_MENTION_HEADER,Providencia,,2019.0,3.0,2019-03-18,HIGH,HEADER_EXPLICIT_DATE,727,False,DOC_0727,True,,4080,329,0,1,7,True,False,True,True
3.record_0 (1541).txt,b2ebce0c75be3919be85221922f51e77,f4b994cdbc3e51e819d493f8950985c4cb2993f0c71dc2edda7b910a0f74d0b9,155897,150954,23042,Corte Constitucional,HIGH,OFFICIAL_HEADER_NUMBER,Sentencia de Tutela,T-416/21,2021.0,4.0,2021-04-21,HIGH,SENTENCE_IDENTIFIER,729,False,DOC_0729,True,,624,126,0,0,19,True,False,False,True
3.record_0 (541).txt,b3041c0abbdd2e38311d775789dd6e2f,972db4189fc869a035de155724830d7032fdcbe19a6bfa5a34cf98eee66ba280,25069,24602,4042,Corte Suprema de Justicia,HIGH,INSTITUTION_HEADER,Sentencia Casación STL,STL-8906/2021,2021.0,6.0,2021-06-23,HIGH,SENTENCE_IDENTIFIER,730,False,DOC_0730,True,,53,4,0,3,3,True,False,True,True
2. record_0 (144).txt,b305aa47e78a10230495122d54ba27ad,1ef71f236dd12253a3c2d199d9fa0767d1c4a560163fb629c3111a02cfbada98,30083,29431,4729,Corte Suprema de Justicia,HIGH,INSTITUTION_HEADER,Sentencia Casación STC,STC-6429/2023,2023.0,5.0,2023-05-04,HIGH,SENTENCE_IDENTIFIER,731,False,DOC_0731,True,,88,28,0,0,1,True,False,False,True
4. (100).txt,b3502bcac91271292ead1d3b648d976d,5140fe8321a9aabef5130cc6461584d07b98eb0086425120cf7be0b2ecf088f8,281859,276645,44045,Corte Constitucional,HIGH,OFFICIAL_HEADER_NUMBER,Sentencia de Tutela,T-109/21,2021.0,4.0,2021-04-15,HIGH,SENTENCE_IDENTIFIER,734,False,DOC_0734,True,,702,166,1,1,61,True,True,True,True
3.record_0 (409).txt,b3522a0f1cba0801e9062966ad98ded0,91813ae011973eb941c22da9278c272cd541692131a314fb9df90db8a2a610c9,18009,17657,2854,Corte Constitucional,MEDIUM,TEXT_MENTION_HEADER,Providencia,,2021.0,9.0,2021-09-07,HIGH,HEADER_EXPLICIT_DATE,735,False,DOC_0735,True,,62,1,0,0,0,True,False,False,False
2. record_0 (484).txt,b43edaa9f84f16d126f0828da718043d,d7900b9d59049474ce74f41ec55aad43c25781485b6a1156bb9ac22d47442750,282179,277310,42968,Corte Constitucional,HIGH,OFFICIAL_HEADER_NUMBER,Sentencia de Constitucionalidad,C-179/20,2020.0,3.0,2020-03-22,HIGH,SENTENCE_IDENTIFIER,736,False,DOC_0736,True,,886,152,0,1,12,True,False,True,True
1.record_0 (87).txt,b4ee2af3d15906e3d59eefc3ed9ec66c,5d3da4c35c43f63afee8bc028c7c7935990fe264d40d2494fb12123d939ea588,27080,26616,4200,Corte Constitucional,HIGH,OFFICIAL_HEADER_NUMBER,Auto de Sala Plena/Seguimiento,Auto-472/22,2022.0,2.0,2022-02-01,HIGH,SENTENCE_IDENTIFIER,740,False,DOC_0740,True,,86,1,0,0,0,True,False,False,False
3.record_0 (1612).txt,b588295eadb2a1502e115409979d74c7,01936e05f1c6f4b8d1d55b65c1c03980ed0f1161e29fd3667c86edf72f12f2e7,212088,207753,32800,Corte Constitucional,HIGH,OFFICIAL_HEADER_NUMBER,Sentencia de Unificación,SU-355/22,2022.0,8.0,2022-08-04,HIGH,SENTENCE_IDENTIFIER,741,False,DOC_0741,True,,741,5,0,0,0,True,False,False,False
1.record_0 (344).txt,b68bb7fedeeaa4dd77b8b39fddc81698,10c70d5f8d12da7866bc088e3a0ca13a7bfca6ce746a77e0745bf7decdf2dc89,173955,170599,26794,Corte Constitucional,HIGH,OFFICIAL_HEADER_NUMBER,Sentencia de Constitucionalidad,C-538/19,2019.0,5.0,2019-05-16,HIGH,SENTENCE_IDENTIFIER,746,False,DOC_0746,True,,538,206,0,0,13,True,False,False,True
1.record_0 (280).txt,b6c939157476f43849267cca78c6ecaa,bc161be8b28d5756882ac229e284fe5532f37923d95c7a95970d06b0e3bebb4b,116194,113851,17341,Corte Constitucional,HIGH,OFFICIAL_HEADER_NUMBER,Auto de Sala Plena/Seguimiento,Auto-444/22,2022.0,9.0,2022-09-27,HIGH,SENTENCE_IDENTIFIER,747,False,DOC_0747,True,,600,194,3,4,12,True,True,True,True
2. record_0 (316).txt,b7482dcad4f45dddd36b70271da202dd,c9c51df50209997fe7eddb5a16efc5a2215202597c5412e5a51f276e89f6a959,154634,150794,24401,Corte Constitucional,MEDIUM,TEXT_MENTION_HEADER,Providencia,,2022.0,8.0,2022-08-04,HIGH,HEADER_EXPLICIT_DATE,748,False,DOC_0748,True,,512,40,0,1,2,True,False,True,True
1.record_0 (323).txt,b76b84b66580b12a713c2fcc3f3a8782,a6b71dcf73503196f314de70214092f9fec43af478ce9276d3d5a482da561330,158471,155130,23674,Corte Constitucional,MEDIUM,TEXT_MENTION_HEADER,Providencia,,2016.0,12.0,2016-12-07,HIGH,HEADER_EXPLICIT_DATE,749,False,DOC_0749,True,,522,288,0,0,9,True,False,False,True
3.record_0 (1457).txt,b776d414778941d3718ce593c08434b0,dc07a46b52c8070246a191374e92f26670b782a6cb92e5bb5fe0f2a28d28265d,155263,152243,23667,Corte Suprema de Justicia,HIGH,INSTITUTION_HEADER,Providencia,,2020.0,9.0,2020-09-22,HIGH,HEADER_EXPLICIT_DATE,750,False,DOC_0750,True,,472,11,0,0,0,True,False,False,False
1.record_0 (467).txt,b7d58bdf2b0175dc11f665945aeea3aa,2615c80f2056543f8c6a2ba47c1f3b476dccfb77d4715506bd035a3dd3cab411,394000,387248,59368,Corte Constitucional,HIGH,OFFICIAL_HEADER_NUMBER,Sentencia de Tutela,T-025/04,2004.0,,,HIGH,SENTENCE_IDENTIFIER,751,False,DOC_0751,True,,1068,44,0,0,10,True,False,False,True
3.record_0 (1712).txt,b80f8c6ae975dfd852debfa88d343f1d,2d5179ed6f86c015316dc968fb82a915c8f3d9708b64f97a3a4d9e0dd0cea51b,242797,237464,36905,Corte Constitucional,HIGH,OFFICIAL_HEADER_NUMBER,Sentencia de Constitucionalidad,C-119/21,2021.0,,,HIGH,SENTENCE_IDENTIFIER,752,False,DOC_0752,True,,706,35,0,0,8,True,False,False,True
3.record_0 (1333).txt,b85de75ce04263365666f849a1f43bb6,968c85d48e6fc38cf87e04f2b3ba69cfca9930e5a219e731b63a2a8f79a044c7,111311,109108,17305,Corte Constitucional,HIGH,OFFICIAL_HEADER_NUMBER,Sentencia de Tutela,T-366/21,2021.0,4.0,2021-04-30,HIGH,SENTENCE_IDENTIFIER,754,False,DOC_0754,True,,269,8,0,0,2,True,False,False,True
3.record_0 (959).txt,b8ea0f4f231b7dcc168e73a585f50b88,70f8e31d7574bcb6369be5c0fab7555f3eeac961cfe903f9d180754ba324fa66,52642,51803,7903,Corte Constitucional,MEDIUM,TEXT_MENTION_HEADER,Providencia,,2020.0,9.0,2020-09-17,HIGH,HEADER_EXPLICIT_DATE,757,False,DOC_0757,True,,234,17,0,0,0,True,False,False,False
3.record_0 (144).txt,b9c2c6941180c7f45006e31f844b0521,4cf6339062e7ecdabc46fbf2ef3b6c07fb05b24f77983c35898ab82aa6f2c48c,11036,10837,1685,Corte Constitucional,MEDIUM,TEXT_MENTION_HEADER,Providencia,,2019.0,12.0,2019-12-16,HIGH,HEADER_EXPLICIT_DATE,760,False,DOC_0760,True,,20,2,0,0,0,True,False,False,False
2. record_0 (1339).txt,baade02cf12d0bab84b2ab0574030848,07eb4021f7412fa445236a134fa3d74284d3afe268cc9b9426e8d2e796384c9e,481290,472103,74987,Corte Constitucional,HIGH,OFFICIAL_HEADER_NUMBER,Sentencia de Constitucionalidad,C-088/20,2020.0,5.0,2020-05-13,HIGH,SENTENCE_IDENTIFIER,763,False,DOC_0763,True,,1499,515,0,0,22,True,False,False,True
3.record_0 (939).txt,bb3ae2eb0e2102451d5ee6be48d2e427,610a7e9d0a0de6ea55841a6d1eaddef7801f870675b165ecfee58f709e2e804e,110030,107915,17116,Consejo de Estado,HIGH,INSTITUTION_HEADER,Sentencia Contencioso Administrativa,,2008.0,9.0,2008-09-09,HIGH,HEADER_EXPLICIT_DATE,765,False,DOC_0765,True,,273,101,0,0,5,True,False,False,True
4. (46).txt,bc709cb0478cec285bc31400cc9daf5c,94add662604fb6c485804131d04f9ba9f881e6153c3fec7979a50b00edd34c17,361418,355353,54811,Corte Constitucional,HIGH,OFFICIAL_HEADER_NUMBER,Auto de Sala Plena/Seguimiento,Auto-098/13,2013.0,,,HIGH,SENTENCE_IDENTIFIER,770,False,DOC_0770,True,,1049,588,0,0,31,True,False,False,True
3.record_0 (1082).txt,bc72c22a2252d371b368ec1252868b89,bd8a13ccd308324a3d1326e2fddd1a5be33a0de84a6d162d9a144b89c83c1d9d,71402,69979,11226,Corte Constitucional,HIGH,OFFICIAL_HEADER_NUMBER,Sentencia de Constitucionalidad,C-055/22,2022.0,,,HIGH,SENTENCE_IDENTIFIER,771,False,DOC_0771,True,,198,42,0,0,3,True,False,False,True
2. record_0 (725).txt,bd075a58f51a99e7d46a821349d3e94e,8063769d6597da7faf91213fd972fa22640cdbdd953dd28854a6e247429b7cec,198464,194830,30178,Corte Constitucional,HIGH,OFFICIAL_HEADER_NUMBER,Sentencia de Tutela,T-126/18,2018.0,,,HIGH,SENTENCE_IDENTIFIER,775,False,DOC_0775,True,,622,205,0,0,4,True,False,False,True
1.record_0 (68).txt,bd8c41b2ea89dcc8ba1d9906714a042d,86acc2af84505dfce8d1748ef234578d2415cfea1abf5d7df9eca2ce1e852ded,290126,283766,43754,Corte Constitucional,MEDIUM,TEXT_MENTION_HEADER,Providencia,,2020.0,5.0,2020-05-22,HIGH,HEADER_EXPLICIT_DATE,779,False,DOC_0779,True,,922,299,0,0,14,True,False,False,True
3.record_0 (682).txt,beabfe2140628eae541e85fc0559ea0d,afdc73ec65891cf1f9aa1ba8d318e82380dadcddb5727ed7e0056c22f5e51059,33254,32636,5249,Corte Suprema de Justicia,HIGH,INSTITUTION_HEADER,Sentencia Casación SP,SP-8064/2017,2017.0,9.0,2017-09-06,HIGH,SENTENCE_IDENTIFIER,784,False,DOC_0784,True,,92,32,1,1,3,True,True,True,True
2. record_0 (439).txt,bf0bb1e2d840170586f1b474a18a0f8c,1a54fee167fde1aa82cae0d3e9baabdf6539f1ee21c32b5f0606a3e77becf839,234482,229724,36556,Corte Constitucional,HIGH,OFFICIAL_HEADER_NUMBER,Sentencia de Unificación,SU-349/22,2022.0,10.0,2022-10-14,HIGH,SENTENCE_IDENTIFIER,785,False,DOC_0785,True,,739,304,4,6,61,True,True,True,True
3.record_0 (1708).txt,c028d98febfd8465a83a84a722018932,0806bce9619075080be11d9183dadadf8fdde0f845b7ab9635339677f99e24b6,745860,731684,113888,Corte Constitucional,HIGH,OFFICIAL_HEADER_NUMBER,Sentencia de Constitucionalidad,C-032/21,2021.0,7.0,2021-07-12,HIGH,SENTENCE_IDENTIFIER,790,False,DOC_0790,True,,3024,120,2,2,53,True,True,True,True
2. record_0 (1097).txt,c0bba356fb6aa43c8d5cab03ade3a4ff,2a621a548f92ea4bbd7e0fc3969ee29d71a2b5052e2aeaddc5707f85fd34d81e,212163,207633,32379,Corte Constitucional,HIGH,OFFICIAL_HEADER_NUMBER,Sentencia de Constitucionalidad,C-163/21,2021.0,6.0,2021-06-12,HIGH,SENTENCE_IDENTIFIER,793,False,DOC_0793,True,,807,78,0,0,2,True,False,False,True
3.record_0 (377).txt,c1418257d4f7eb6d65df418095d479ba,39c662317ea49f344b4bb54b4652cb87020a0e00481fb0ac20fa9e7376c3694d,59237,57969,8890,Corte Constitucional,MEDIUM,TEXT_MENTION_HEADER,Providencia,,2021.0,8.0,2021-08-12,HIGH,HEADER_EXPLICIT_DATE,795,False,DOC_0795,True,,260,45,0,0,3,True,False,False,True
3.record_0 (1660).txt,c214928dbc01360d0145c0418a543e96,979c6e3fff59e78ff38ddd09f286b2337297b4e58b82a694d8ad58680205b571,250040,245410,38402,Corte Constitucional,HIGH,OFFICIAL_HEADER_NUMBER,Sentencia de Tutela,T-398/19,2019.0,,,HIGH,SENTENCE_IDENTIFIER,798,False,DOC_0798,True,,983,263,0,0,10,True,False,False,True
2. record_0 (395).txt,c33480de569392e8cfe7f7e8dd2686cb,cd2094ef5def441d9e40dd04304869413fb2a84af96f97da7f4377a3ea355728,119135,116580,18850,Corte Constitucional,HIGH,OFFICIAL_HEADER_NUMBER,Sentencia de Tutela,T-434/14,2014.0,9.0,2014-09-20,HIGH,SENTENCE_IDENTIFIER,799,False,DOC_0799,True,,336,160,0,0,9,True,False,False,True
1.record_0 (559).txt,c4d08945ee58cb2604ae17990b7a9925,ebcacf2bb0d47429402b5bc67f0fffab345a50ccfd144b3d8d14992facef46ed,1862417,1823294,281203,Corte Constitucional,HIGH,OFFICIAL_HEADER_NUMBER,Sentencia de Unificación,SU-020/22,2022.0,8.0,2022-08-30,HIGH,SENTENCE_IDENTIFIER,803,False,DOC_0803,True,,5961,439,0,1,39,True,False,True,True
3.record_0 (310).txt,c5bf31807b2d7d4215b9e5a7c6549175,63b5a1e71c7452e88b54e891ea2c49a76270d3ed48ac19ba9bb4caaab8310b24,78966,77315,11862,Corte Constitucional,MEDIUM,TEXT_MENTION_HEADER,Providencia,,2021.0,5.0,2021-05-24,HIGH,HEADER_EXPLICIT_DATE,805,False,DOC_0805,True,,246,54,0,0,0,True,False,False,False
3.record_0 (100).txt,c6738d69dcaa58f1a9e4d59d69eb8f59,f0bf1663f5424918871d843a4dfb087ef99fa4cf9e47f5175241c5d0c13772a5,58321,57323,8968,Corte Suprema de Justicia,HIGH,INSTITUTION_HEADER,Sentencia Casación SP,SP-4544/2021,2021.0,4.0,2021-04-05,HIGH,SENTENCE_IDENTIFIER,806,False,DOC_0806,True,,154,44,0,0,1,True,False,False,True
3.record_0 (333).txt,c702d7318be18b212e3fe2cdde698fc7,2a4075ebaab502bafd09255aea626c57dcc061be2ade5ff280a132cca151a2d0,137337,134896,21222,Corte Constitucional,HIGH,OFFICIAL_HEADER_NUMBER,Sentencia de Tutela,T-280/22,2022.0,8.0,2022-08-23,HIGH,SENTENCE_IDENTIFIER,810,False,DOC_0810,True,,756,45,0,0,1,True,False,False,True
1.record_0 (69).txt,c7c771b1c3a8dd94f46ed9af302791ce,984fcd4b5ac7c8346d5644efd99ef24587b507f75280a6e6cd027d6b1b48c8fa,209468,205391,32371,Corte Constitucional,MEDIUM,TEXT_MENTION_HEADER,Providencia,,2022.0,8.0,2022-08-11,HIGH,HEADER_EXPLICIT_DATE,813,False,DOC_0813,True,,815,140,0,0,12,True,False,False,True
2. record_0 (998).txt,c7d1eb690dcfd6d56f541c193e8e7952,9e641c47d6a3a8f00ba43eeb4b814da95b39683c7e630f8893806a29895be024,167425,164432,25636,Corte Constitucional,HIGH,OFFICIAL_HEADER_NUMBER,Sentencia de Tutela,T-115/20,2020.0,10.0,2020-10-18,HIGH,SENTENCE_IDENTIFIER,814,False,DOC_0814,True,,725,180,0,1,9,True,False,True,True
3.record_0 (271).txt,c889aa24807bbdc04dd2efff75c13f07,99b3f901354d266c642693f8d3aaac49929d41f244fda143ceb27bcd55ce04fc,26232,25658,4094,Corte Constitucional,HIGH,OFFICIAL_HEADER_NUMBER,Sentencia de Tutela,T-338/18,2018.0,2.0,2018-02-10,HIGH,SENTENCE_IDENTIFIER,817,False,DOC_0817,True,,56,7,0,0,0,True,False,False,False
1.record_0 (380).txt,c97f8173c01a8d26788435a5103d213c,666ee0d5ae9a3fa848169730f85bcd2953bb6cda8a1db89ff3f25dc7729843cf,248362,243288,39036,Corte Constitucional,HIGH,OFFICIAL_HEADER_NUMBER,Sentencia de Tutela,T-462/18,2018.0,7.0,2018-07-25,HIGH,SENTENCE_IDENTIFIER,819,False,DOC_0819,True,,634,214,0,0,18,True,False,False,True
3.record_0 (996).txt,c9aa804bbcd300bb116545996e4d1783,b2ae0a2e16780d1be6d305d69b5be499fdacb0af8653d95037ee8eb3141d8481,65668,64493,9984,Corte Constitucional,HIGH,OFFICIAL_HEADER_NUMBER,Sentencia de Constitucionalidad,C-053/23,2023.0,3.0,2023-03-30,HIGH,SENTENCE_IDENTIFIER,821,False,DOC_0821,True,,210,13,0,0,2,True,False,False,True
2. record_0 (264).txt,ca0aba85e36d30e3e9a4fc0299a1e763,dc6174a60d5c2aa54e6d9bc2e0489ec6867fd2d76aacbc4854a3dbae6ad8adac,48227,47176,7118,Corte Constitucional,MEDIUM,TEXT_MENTION_HEADER,Providencia,,2019.0,9.0,2019-09-20,HIGH,HEADER_EXPLICIT_DATE,822,False,DOC_0822,True,,209,67,0,0,2,True,False,False,True
3.record_0 (227).txt,caed8b030fd8efa2d660765f718db147,3e47375ebecfe13eb5f10d73b92aa621442129fc9b023086e30fca3f39f5a8c9,13809,13520,2137,Corte Constitucional,MEDIUM,TEXT_MENTION_HEADER,Providencia,,2022.0,10.0,2022-10-12,HIGH,HEADER_EXPLICIT_DATE,824,False,DOC_0824,True,,34,4,0,0,0,True,False,False,False
3.record_0 (686).txt,cc2d1b191644d5213ef539c51333805a,1adf1f62f9e7eab4169c7bf3ffc049e87bb6310bd054b91e9426a9cd09fc123e,34808,34107,5602,Corte Suprema de Justicia,HIGH,INSTITUTION_HEADER,Providencia,,2017.0,12.0,2017-12-28,HIGH,HEADER_EXPLICIT_DATE,826,False,DOC_0826,True,,84,11,0,0,1,True,False,False,True
3.record_0 (330).txt,cd66ca6f1bd7608b1770af5d917d02a9,ddd755f792e6862ee7cb6a61f869d44bdc34ca45e050beb7f93bbd25b0c26cf5,16736,16456,2586,Corte Suprema de Justicia,HIGH,INSTITUTION_HEADER,Sentencia Casación STP,STP-7429/2022,2022.0,4.0,2022-04-26,HIGH,SENTENCE_IDENTIFIER,831,False,DOC_0831,True,,57,5,0,0,0,True,False,False,False
3.record_0 (1172).txt,ce5cc20d0f6d4846e6fa88bc43e6e3b0,2debc1d6489daf1bc44d97190d19bacd204657da232d06760a90862c977b37ca,67745,66483,9818,Corte Suprema de Justicia,HIGH,INSTITUTION_HEADER,Providencia,,2022.0,,,MEDIUM,HEADER_FIRST_YEAR,834,False,DOC_0834,True,,432,40,0,0,4,True,False,False,True
2. record_0 (222).txt,cee4d01b0196ba653fa111cb5c49e218,430b9ac0ab0d7c69bc9997cdf57277b7fe98c7053d2e1f185ee80d022f3c3336,41892,40708,6757,Corte Suprema de Justicia,HIGH,INSTITUTION_HEADER,Sentencia Casación SP,SP-2190/2015,2015.0,11.0,2015-11-17,HIGH,SENTENCE_IDENTIFIER,841,False,DOC_0841,True,,176,84,0,0,2,True,False,False,True
3.record_0 (1866).txt,cee8efd57d4c5735f3313a33dcca6c60,8b7dd72343359f7b2d00478243ce0dbe98ef1cf1b1610227852691c4d5431890,363996,356488,59783,Corte Constitucional,MEDIUM,TEXT_MENTION_HEADER,Providencia,,2022.0,10.0,2022-10-28,HIGH,HEADER_EXPLICIT_DATE,842,False,DOC_0842,True,,1775,73,0,0,4,True,False,False,True
2. record_0 (337).txt,ceeb8c00ac6fdb3543ae2d6cb7d3cc6b,0a9c98f93686776f8a048c9fd9c02484f6e34b9ed6e6f3dca5efb021d0918841,123416,120654,18973,Corte Constitucional,MEDIUM,TEXT_MENTION_HEADER,Providencia,,2022.0,11.0,2022-11-03,HIGH,HEADER_EXPLICIT_DATE,843,False,DOC_0843,True,,464,127,0,0,7,True,False,False,True
1.record_0 (144).txt,cf00068970484c04768540a15c44ae67,d09f7d5e5a6f6d6967455e9062c3a58e1d5b1e51fd41f208eb9a87b161e5d716,170815,167661,26483,Corte Constitucional,HIGH,OFFICIAL_HEADER_NUMBER,Sentencia de Tutela,T-093/19,2019.0,,,HIGH,SENTENCE_IDENTIFIER,844,False,DOC_0844,True,,629,155,2,2,16,True,True,True,True
1.record_0 (174).txt,d046370b72d5df8f950ff5086b783509,f5e50900eff89667afe0c9889c12e5dd1ff8a59b8c2984b32ab47e17fe672408,111880,109729,17068,Corte Constitucional,HIGH,OFFICIAL_HEADER_NUMBER,Sentencia de Tutela,T-356/21,2021.0,9.0,2021-09-17,HIGH,SENTENCE_IDENTIFIER,849,False,DOC_0849,True,,356,110,0,0,6,True,False,False,True
2. record_0 (474).txt,d0c35a6f6a1c8444d56b1de8884b567b,7e4faa330cfa3e9b08a398e3f17abe718ee02020d63af301d097fad37bf4e963,51154,50065,7851,Corte Constitucional,HIGH,OFFICIAL_HEADER_NUMBER,Auto de Sala Plena/Seguimiento,Auto-321/15,2015.0,,,HIGH,SENTENCE_IDENTIFIER,852,False,DOC_0852,True,,131,11,0,0,0,True,False,False,False
3.record_0 (70).txt,d1fafbc5f5428eb2212aceba47a2e228,f80dd3e9f772a179f5f20b5f06b2c283ac4d52ee1ec2f5d17d56956f6a2ed6af,8116,7957,1264,Corte Suprema de Justicia,HIGH,INSTITUTION_HEADER,Sentencia Casación STP,STP-7416/2019,2019.0,5.0,2019-05-14,HIGH,SENTENCE_IDENTIFIER,859,False,DOC_0859,True,,38,2,0,0,0,True,False,False,False
1.record_0 (286).txt,d201b672b7a815a91f5e73d8a7029f5a,a64953b31b0e12b2316cf55d91bbd3240dc311e59cc641c7e807d48c2267489e,705344,692545,103125,Corte Constitucional,HIGH,OFFICIAL_HEADER_NUMBER,Auto de Sala Plena/Seguimiento,Auto-237/08,2008.0,4.0,2008-04-14,HIGH,SENTENCE_IDENTIFIER,860,False,DOC_0860,True,,1936,1137,1,4,182,True,True,True,True
1.record_0 (95).txt,d3f4cc4e7248dd918d4dafd7486248e2,3c667b12a6587b45ff95187c0e19b43b7ca9a87a4e401c7d05fdb0e2b2a59cce,102877,100653,15567,Corte Constitucional,HIGH,OFFICIAL_HEADER_NUMBER,Auto de Sala Plena/Seguimiento,Auto-333/15,2015.0,,,HIGH,SENTENCE_IDENTIFIER,868,False,DOC_0868,True,,348,67,0,0,1,True,False,False,True
2. record_0 (501).txt,d4600616dff250934bf1216d92821c75,f712b1c13dbd47ed88d649ebfdfee614339a8c96a2d5f6d84ce9d06c8df04ebd,168035,164316,25639,Corte Constitucional,HIGH,OFFICIAL_HEADER_NUMBER,Sentencia de Tutela,T-387/20,2020.0,3.0,2020-03-21,HIGH,SENTENCE_IDENTIFIER,869,False,DOC_0869,True,,691,119,0,0,4,True,False,False,True
3.record_0 (1538).txt,d51098e3fb0c154bd373096b9f852487,1b4d351002ca108d2cd8362f5833463ff67eb2eb42df3cf7b1c3a9e82524e186,312806,305910,48371,Corte Constitucional,HIGH,OFFICIAL_HEADER_NUMBER,Sentencia de Tutela,T-351/21,2021.0,7.0,2021-07-31,HIGH,SENTENCE_IDENTIFIER,874,False,DOC_0874,True,,1545,107,0,0,2,True,False,False,True
1.record_0 (283).txt,d5507126adfcffef2e08d5194cc34661,caf7862f257384a337b931a8725624c52f99b5950ab7f395d18a7248243ce32e,135862,133470,20450,Corte Suprema de Justicia,HIGH,INSTITUTION_HEADER,Providencia,,2017.0,7.0,2017-07-21,HIGH,HEADER_EXPLICIT_DATE,875,False,DOC_0875,True,,433,110,0,0,6,True,False,False,True
3.record_0 (1550).txt,d59aaef98dc121b5a70f86e1486d5e51,16f2537c2d68045c1347f72bc2a553b0c4008061301193bd31991fdc094afd07,180461,176570,27255,Corte Constitucional,HIGH,OFFICIAL_HEADER_NUMBER,Sentencia de Tutela,T-245/22,2022.0,7.0,2022-07-01,HIGH,SENTENCE_IDENTIFIER,877,False,DOC_0877,True,,557,56,0,0,3,True,False,False,True
1.record_0 (195).txt,d687f02963a7d44fc078c14e9b4c318d,a3726fd53730db10a1cf790788485cef73da54481f100762e7abbf9914012ae0,61709,60474,9725,Corte Suprema de Justicia,HIGH,INSTITUTION_HEADER,Sentencia Casación SP,SP-1167/2022,2022.0,10.0,2022-10-31,HIGH,SENTENCE_IDENTIFIER,883,False,DOC_0883,True,,304,74,1,1,7,True,True,True,True
2. record_0 (325).txt,d6d222ddce0d923960a0a0c7cf69a8b1,1a466c4ebede1c165e51ec3e86f92920e6fffb34f414279a4c8100d3254bcc88,31069,30436,4633,Corte Constitucional,MEDIUM,TEXT_MENTION_HEADER,Providencia,,2019.0,10.0,2019-10-15,HIGH,HEADER_EXPLICIT_DATE,884,False,DOC_0884,True,,142,2,0,0,0,True,False,False,False
3.record_0 (1703).txt,d73d3e8480b35f20d141501cb0affda8,31ae20139bdb771f8d777539942065077a4463fefb95b11edfb872f72d564453,277779,271828,42028,Corte Constitucional,HIGH,OFFICIAL_HEADER_NUMBER,Sentencia de Constitucionalidad,C-418/20,2020.0,5.0,2020-05-06,HIGH,SENTENCE_IDENTIFIER,886,False,DOC_0886,True,,863,32,0,0,7,True,False,False,True
3.record_0 (656).txt,d90a9df360cadcdf5a781bc11dde81fb,ee4579ae0945425a514962d832e95b40fa2188f44178c79b715ceeea0786d3d7,64605,63178,9723,Corte Constitucional,MEDIUM,TEXT_MENTION_HEADER,Providencia,,2021.0,8.0,2021-08-05,HIGH,HEADER_EXPLICIT_DATE,888,False,DOC_0888,True,,207,33,0,0,1,True,False,False,True
2. record_0 (833).txt,d9e6dd14ff90a1c9f5024e25b030dbdd,a6d1e2b449aea5f3a286312d6a4724ded55fdc2e7bc27aa5e52dd1f4d3649118,129598,127050,20324,Consejo de Estado,HIGH,INSTITUTION_HEADER,Sentencia Contencioso Administrativa,,2010.0,10.0,2010-10-12,HIGH,HEADER_EXPLICIT_DATE,891,False,DOC_0891,True,,441,61,0,0,6,True,False,False,True
3.record_0 (1762).txt,da23503965afe07727a62533bc1d1d1b,5b58c7bd0e25d7f8c63d9bc04a76221c788d2c621144b6621943c0d733053670,334453,328122,50438,Corte Constitucional,HIGH,OFFICIAL_HEADER_NUMBER,Sentencia de Constitucionalidad,C-041/17,2017.0,,,HIGH,SENTENCE_IDENTIFIER,893,False,DOC_0893,True,,1135,115,0,0,7,True,False,False,True
3.record_0 (1348).txt,da66604ec7157fe8efaf3a8245936c50,339ecc7df60e92f959b07bceae1aa6a2211aef9588049d11dfcd2d8c42e53a1d,229940,225275,36092,Corte Constitucional,MEDIUM,TEXT_MENTION_HEADER,Providencia,,2022.0,3.0,2022-03-07,HIGH,HEADER_EXPLICIT_DATE,894,False,DOC_0894,True,,720,158,0,0,10,True,False,False,True
3.record_0 (600).txt,dc4236637bb44320e856f917a9ebb3a0,1a2d148c01505dd79879d5c35dba270896a0f44b27f8821fb7e396ef2ae2d4a3,28748,28115,4456,Corte Constitucional,MEDIUM,TEXT_MENTION_HEADER,Providencia,,2024.0,,,MEDIUM,HEADER_FIRST_YEAR,898,False,DOC_0898,True,,76,27,0,1,4,True,False,True,True
3.record_0 (1181).txt,dc5f8568f98b398c31db9e789003e29d,2a0b26b20a175ed1f6e274d966811da757e8207561aa7c8df92ee1bc5d71802d,85660,83808,12992,Corte Constitucional,HIGH,OFFICIAL_HEADER_NUMBER,Auto de Sala Plena/Seguimiento,Auto-1907/22,2022.0,8.0,2022-08-16,HIGH,SENTENCE_IDENTIFIER,899,False,DOC_0899,True,,359,57,0,0,2,True,False,False,True
2. record_0 (1192).txt,dcefedbbc8db582134597b0f788cd67a,b7d24d818d73521e8f8d662e5074ec00d8522f2a0d3e0432f7076f17e2f7c84d,274617,268101,42121,Corte Constitucional,HIGH,OFFICIAL_HEADER_NUMBER,Sentencia de Tutela,T-275/21,2021.0,1.0,2021-01-07,HIGH,SENTENCE_IDENTIFIER,902,False,DOC_0902,True,,1123,132,0,0,2,True,False,False,True
3.record_0 (679).txt,de275dfc0270b7b2a8f917a349b1d98d,a1f7543de6162d6113904963dfc85e50a7817c88a253a6d12232983459aabf7f,32445,31824,5001,Consejo de Estado,HIGH,INSTITUTION_HEADER,Sentencia Contencioso Administrativa,,2014.0,2.0,2014-02-26,HIGH,HEADER_EXPLICIT_DATE,905,False,DOC_0905,True,,99,19,0,0,1,True,False,False,True
3.record_0 (1206).txt,deaa12e50db05512f046892c6888056a,afb95fc3b419523a5fc887a58257409ec2e0fbb06363f4b2ac9afe3f6c28e5d8,84438,82633,12728,Corte Constitucional,HIGH,OFFICIAL_HEADER_NUMBER,Auto de Sala Plena/Seguimiento,Auto-903/22,2022.0,3.0,2022-03-12,HIGH,SENTENCE_IDENTIFIER,909,False,DOC_0909,True,,312,50,2,2,6,True,True,True,True
2. record_0 (469).txt,decf1447b3c6b5e4858a700b159adb97,cf86993b0ad72cfa35e3f35e9e6c15ea35943ef87d8b0a7799c36e2e9a39b2e6,145626,142538,23164,Corte Constitucional,MEDIUM,TEXT_MENTION_HEADER,Providencia,,2021.0,11.0,2021-11-08,HIGH,HEADER_EXPLICIT_DATE,910,False,DOC_0910,True,,546,65,1,1,4,True,True,True,True
2. record_0 (902).txt,dffedb26b65b1f6e26910bc380642f9f,5d3bd6c073c995d0de1c7f1db1639bac879ef9280aaa137a5d4c32d813e233ae,131281,128461,20490,Corte Constitucional,HIGH,OFFICIAL_HEADER_NUMBER,Sentencia de Tutela,T-419/19,2019.0,1.0,2019-01-18,HIGH,SENTENCE_IDENTIFIER,914,False,DOC_0914,True,,384,145,0,0,9,True,False,False,True
2. record_0 (1098).txt,e0337bf8c1fe67865f100a4ae007a161,533840d8688993f3733ff40be76af0206f1484f08297bb7d6d43edc0701e7664,216545,212463,33706,Corte Constitucional,HIGH,OFFICIAL_HEADER_NUMBER,Sentencia de Unificación,SU-201/21,2021.0,3.0,2021-03-17,HIGH,SENTENCE_IDENTIFIER,916,False,DOC_0916,True,,983,94,9,9,28,True,True,True,True
1.record_0 (154).txt,e0409122958c129ec73b607cdbd85884,30857e48f0ba04454e147def69c45e1253b0d4c49838a7b7fa68d2285fc4f134,211021,206644,32589,Corte Constitucional,HIGH,OFFICIAL_HEADER_NUMBER,Sentencia de Tutela,T-878/14,2014.0,6.0,2014-06-03,HIGH,SENTENCE_IDENTIFIER,917,False,DOC_0917,True,,786,404,3,5,54,True,True,True,True
3.record_0 (589).txt,e08f4197f42bbc1a445cc26b861c7b36,7fbdcda9dfa20bc40b4b215af25b5e16f0b4dc383c9f5822a6d2dfb478a604e7,27205,26529,4085,Corte Suprema de Justicia,HIGH,INSTITUTION_HEADER,Sentencia Casación STC,STC-366/2020,2020.0,10.0,2020-10-22,HIGH,SENTENCE_IDENTIFIER,918,False,DOC_0918,True,,102,20,1,1,7,True,True,True,True
1.record_0 (114).txt,e0a9163888cef73532496215ceed2e03,a360e51a8106757454b2392268846ce7dc93e127aaaf7fa20a031931567fe7c4,159481,156559,25047,Corte Constitucional,MEDIUM,TEXT_MENTION_HEADER,Providencia,,2022.0,11.0,2022-11-25,HIGH,HEADER_EXPLICIT_DATE,919,False,DOC_0919,True,,606,201,3,3,45,True,True,True,True
2. record_0 (304).txt,e0bde90a5eafcef48d1dda48f2043429,48630b618bf92934175858f50ae2196a11cd741115b275b619284d7bbf33928e,29654,29147,4394,Corte Constitucional,HIGH,OFFICIAL_HEADER_NUMBER,Auto de Sala Plena/Seguimiento,Auto-382/22,2022.0,1.0,2022-01-27,HIGH,SENTENCE_IDENTIFIER,920,False,DOC_0920,True,,129,12,0,0,2,True,False,False,True
2. record_0 (463).txt,e132eb8b8761d3a057050199b23e7ea6,9edb0a2b7a68096a46389bd3afed23d4b3b6018c743ccdbdb1dec140a050076b,92738,90529,14001,Corte Constitucional,HIGH,OFFICIAL_HEADER_NUMBER,Sentencia de Tutela,T-357/21,2021.0,7.0,2021-07-29,HIGH,SENTENCE_IDENTIFIER,922,False,DOC_0922,True,,325,41,0,0,0,True,False,False,False
3.record_0 (399).txt,e2e871447bf54f51f0e2e7c0aa8aa2b7,a23d46fc80d2fb6c78a32c4d75afeafe3a0c97106fc602a27a69c6b0ac42f249,17663,17301,2810,Consejo de Estado,HIGH,INSTITUTION_HEADER,Sentencia Contencioso Administrativa,,2016.0,8.0,2016-08-05,HIGH,HEADER_EXPLICIT_DATE,929,False,DOC_0929,True,,68,2,0,0,1,True,False,False,True
2. record_0 (958).txt,e409e727efdaf54c0ff13a14ca63a4cc,adc23586f61f58a9584445a54bfcacfe37341c89f33d30e0ed4780a042c3f7b5,163874,160349,25348,Corte Constitucional,HIGH,OFFICIAL_HEADER_NUMBER,Sentencia de Unificación,SU-080/20,2020.0,2.0,2020-02-14,HIGH,SENTENCE_IDENTIFIER,931,False,DOC_0931,True,,435,146,1,2,27,True,True,True,True
3.record_0 (1203).txt,e45bfcd54481066091b2d7d42b04bce5,5bab4eb1811e346ab0b3d562a1b8fe256a038e1b7c39a7bf298f0c44008975cd,159643,156453,24290,Corte Suprema de Justicia,HIGH,INSTITUTION_HEADER,Providencia,,2020.0,9.0,2020-09-22,HIGH,HEADER_EXPLICIT_DATE,932,False,DOC_0932,True,,470,11,0,0,0,True,False,False,False
3.record_0 (1117).txt,e4c4f29a9ae330fd37c91838bcbb6f4d,83dfac12ab630958e248466903ef1a8587a4220fb2c3ff1c3b8b0f7db7c0b610,74771,73306,11364,Corte Suprema de Justicia,HIGH,INSTITUTION_HEADER,Providencia,,2020.0,9.0,2020-09-22,HIGH,HEADER_EXPLICIT_DATE,933,False,DOC_0933,True,,172,2,0,0,0,True,False,False,False
3.record_0 (1015).txt,e4d97a015824ac6e6cd3db79e34d757b,086cd355c4c45d9c52ab41b6688255eb62ad10789f98520750b5425f3818be3b,63784,62775,9814,Corte Constitucional,MEDIUM,TEXT_MENTION_HEADER,Providencia,,2017.0,,,MEDIUM,HEADER_FIRST_YEAR,934,False,DOC_0934,True,,183,22,0,0,13,True,False,False,True
3.record_0 (130).txt,e55d92318f995a1ff9aa08453819d99c,3e05fe680e8eaae7c930749af51d511a4d3f87d04b3867747cf2afa6a46b171a,43575,42649,6543,Corte Constitucional,MEDIUM,TEXT_MENTION_HEADER,Providencia,,2019.0,2.0,2019-02-19,HIGH,HEADER_EXPLICIT_DATE,935,False,DOC_0935,True,,163,38,0,0,0,True,False,False,False
3.record_0 (1410).txt,e563f073d86df452bcc790e3a6c26b5b,ec44c5a5ebe5723193083f23852986b1e97a584c1c5b9bbe0850e1b365579061,131825,128864,19662,Corte Constitucional,MEDIUM,TEXT_MENTION_HEADER,Providencia,,2022.0,7.0,2022-07-01,HIGH,HEADER_EXPLICIT_DATE,936,False,DOC_0936,True,,446,29,0,0,1,True,False,False,True
3.record_0 (1574).txt,e59e63d1af3b8059d77a9e5b88244ab5,b9718dce1da5e6629e2ecc6aa279727dcc8aae6f6260d9b17236f653f5a73b90,217802,213683,33553,Corte Constitucional,HIGH,OFFICIAL_HEADER_NUMBER,Sentencia de Constitucionalidad,C-091/17,2017.0,12.0,2017-12-01,HIGH,SENTENCE_IDENTIFIER,938,False,DOC_0938,True,,786,116,0,0,11,True,False,False,True
2. record_0 (743).txt,e5a70f3bb016e7d759b99b7bad4894fd,a4774f7009b0b0bef72b14aa296622ffe389ab6b8626f948c84ac646ac5372f8,99873,97817,15255,Corte Constitucional,HIGH,OFFICIAL_HEADER_NUMBER,Auto de Sala Plena/Seguimiento,Auto-248/20,2020.0,4.0,2020-04-08,HIGH,SENTENCE_IDENTIFIER,939,False,DOC_0939,True,,452,188,0,1,9,True,False,True,True
3.record_0 (376).txt,e68c2af9090dae82296ec874c48d17ae,75866ceb56f3ff78ac8e27e5627882a9473b952dbd08b8acfa2e6ee79a2004c4,52562,51569,8097,Corte Constitucional,MEDIUM,TEXT_MENTION_HEADER,Providencia,,2021.0,7.0,2021-07-19,HIGH,HEADER_EXPLICIT_DATE,941,False,DOC_0941,True,,159,33,0,0,1,True,False,False,True
3.record_0 (814).txt,e6c8accd303e4e2feeaa19252dae0ef9,1589f98b409d33dff4282d5a3ce45043c680068f177bb3367720764947d8414c,116457,113980,17684,Corte Constitucional,HIGH,OFFICIAL_HEADER_NUMBER,Auto de Sala Plena/Seguimiento,Auto-926/22,2022.0,9.0,2022-09-03,HIGH,SENTENCE_IDENTIFIER,942,False,DOC_0942,True,,453,73,0,0,2,True,False,False,True
3.record_0 (614).txt,e7482de9122ce2a513d82be0ad870078,a92f0d7b7e11a9acf8b6d8f9f36796444b2199e9f61b0675c31ced3b2c939d40,102580,100102,15660,Corte Constitucional,HIGH,OFFICIAL_HEADER_NUMBER,Sentencia de Constitucionalidad,C-163/22,2022.0,9.0,2022-09-06,HIGH,SENTENCE_IDENTIFIER,944,False,DOC_0944,True,,456,9,0,0,0,True,False,False,False
3.record_0 (641).txt,e7d941d1fddfd78f2f56198c862d533b,3ab396ece26b7357d8fc920be01e9eada82ddb1d7c525fdd3cf8dc5f227d0ef6,30553,29793,4757,Corte Suprema de Justicia,HIGH,INSTITUTION_HEADER,Sentencia Casación STC,STC-6840/2022,2022.0,3.0,2022-03-24,HIGH,SENTENCE_IDENTIFIER,947,False,DOC_0947,True,,75,1,0,0,0,True,False,False,False
1.record_0 (66).txt,e7ffa0c458694785fa542ca586140b74,0742727c040fc11be5a182ac5b76548f3720cd28a087f90f5d4429c82e9cfdbc,176799,173394,27692,Corte Constitucional,MEDIUM,TEXT_MENTION_HEADER,Providencia,,2022.0,3.0,2022-03-25,HIGH,HEADER_EXPLICIT_DATE,948,False,DOC_0948,True,,681,161,0,0,2,True,False,False,True
3.record_0 (461).txt,e88443753b678346a4c6a97f8b9c613c,c4289ce4ac23703690c04132f128ab3b6839f1f9779eb535e57d3d8aca8bd3b2,16956,16697,2494,Consejo de Estado,HIGH,INSTITUTION_HEADER,Sentencia Contencioso Administrativa,,2015.0,10.0,2015-10-20,HIGH,HEADER_EXPLICIT_DATE,949,False,DOC_0949,True,,153,1,0,0,0,True,False,False,False
3.record_0 (874).txt,e8a6b4a626e3a855e2fe60f0a8bad848,2d34ea4dfa0c33bfbea15a4a0ab25f1e2a913f1c5499ee6230b2619636175219,43273,42556,6594,Corte Constitucional,HIGH,OFFICIAL_HEADER_NUMBER,Auto de Sala Plena/Seguimiento,Auto-148/20,2020.0,,,HIGH,SENTENCE_IDENTIFIER,950,False,DOC_0950,True,,150,35,0,0,1,True,False,False,True
2. record_0 (401).txt,ea441004d6d6c997aedd799f32a326a8,aa6c86b73090aa65bad293438d5bc3efa58c337864e813a6dae76a8e19ddd9fb,82610,81012,12918,Corte Constitucional,HIGH,OFFICIAL_HEADER_NUMBER,Sentencia de Tutela,T-372/20,2020.0,11.0,2020-11-28,HIGH,SENTENCE_IDENTIFIER,957,False,DOC_0957,True,,281,36,23,24,37,True,True,True,True
3.record_0 (786).txt,ea5cd8542fa99183554417e56a4c7199,9ea2a01795f31b915cfff91203f6d9bd2f4ecabca2b6cb7bbf869b2389bde359,36044,35363,5591,Corte Constitucional,MEDIUM,TEXT_MENTION_HEADER,Providencia,,2023.0,8.0,2023-08-16,HIGH,HEADER_EXPLICIT_DATE,960,False,DOC_0960,True,,167,11,0,0,1,True,False,False,True
3.record_0 (1565).txt,eacbf72946958e06d63f3e7ffaf2a2fe,345d6ce2ee28a74c2d90dc044e0e4270c17c25d29d0cf0ebcbce4c6b06ed041c,418943,409974,61721,Corte Constitucional,MEDIUM,TEXT_MENTION_HEADER,Providencia,,2005.0,,,MEDIUM,HEADER_FIRST_YEAR,961,False,DOC_0961,True,,2102,211,0,0,3,True,False,False,True
3.record_0 (1153).txt,eae14d1e72471424bfbe67ba96ecc671,77cf7e62ed33676daedcd610ee750190ed87f2887d237cb299d97d82fe4e7e09,143311,140422,21850,Corte Suprema de Justicia,HIGH,INSTITUTION_HEADER,Providencia,,2020.0,9.0,2020-09-22,HIGH,HEADER_EXPLICIT_DATE,962,False,DOC_0962,True,,449,11,0,0,0,True,False,False,False
3.record_0 (725).txt,ec0530af9d184ba3d193748d5ea96222,c2754f3f6782533f1457ee6659e5c05caf0fd38ea5b65a81b9ee57dd945405ed,88053,86238,13498,Corte Constitucional,HIGH,OFFICIAL_HEADER_NUMBER,Sentencia de Tutela,T-263/18,2018.0,12.0,2018-12-05,HIGH,SENTENCE_IDENTIFIER,968,False,DOC_0968,True,,321,90,0,0,4,True,False,False,True
2. record_0 (1122).txt,ed55fe7d0c945c9fad9b32c1b691264c,7ee715d7cfd692a7b2806906a01982326523a375cdde9ed16a3a6c556756082e,204757,200762,32178,Corte Suprema de Justicia,HIGH,INSTITUTION_HEADER,Providencia,,2022.0,8.0,2022-08-24,HIGH,HEADER_EXPLICIT_DATE,972,False,DOC_0972,True,,629,192,3,3,15,True,True,True,True
2. record_0 (471).txt,edfa83683aadfc15a88732733d103d8c,1d09ed42a380c17e2580a94fc8c5958acca5469f8a8ace86df34a68fa11de7e3,53168,52141,7971,Corte Constitucional,MEDIUM,TEXT_MENTION_HEADER,Providencia,,2023.0,5.0,2023-05-15,HIGH,HEADER_EXPLICIT_DATE,975,False,DOC_0975,True,,223,38,0,0,1,True,False,False,True
1.record_0 (404).txt,eef23d4026c2854f1f192a5a0d73f1d0,381c1b63547d08ee514743b03d53b8c60ea1f8bc7e271a0f47c27815b3e7a21a,231323,226693,35941,Corte Constitucional,HIGH,OFFICIAL_HEADER_NUMBER,Sentencia de Tutela,T-236/21,2021.0,10.0,2021-10-25,HIGH,SENTENCE_IDENTIFIER,977,False,DOC_0977,True,,737,303,0,0,14,True,False,False,True
3.record_0 (1220).txt,efcb5e6fb2cc7ec19a024fd0d7eee535,901221b44c3d14eb907c524a522860311b6c65d621bec1296348401764b27f91,100087,98298,15447,Corte Constitucional,HIGH,OFFICIAL_HEADER_NUMBER,Sentencia de Constitucionalidad,C-017/19,2019.0,6.0,2019-06-26,HIGH,SENTENCE_IDENTIFIER,979,False,DOC_0979,True,,284,26,5,5,17,True,True,True,True
2. record_0 (85).txt,f0802c5ca984005d9602a2bedd457158,4d2838a888f2ae1eb9e66c2f8860a1970bbc4deef200f4bf50d67860b9fb3bcd,185805,182449,28973,Corte Constitucional,HIGH,OFFICIAL_HEADER_NUMBER,Sentencia de Constitucionalidad,C-297/16,2016.0,9.0,2016-09-30,HIGH,SENTENCE_IDENTIFIER,982,False,DOC_0982,True,,665,297,0,0,23,True,False,False,True
3.record_0 (1544).txt,f15d15af7dfc2f7051119265b823de99,b9e1660105e4c3248abe6d366972b65b3202eff1124ab76050ae0a96acebfbb9,546988,536067,84551,Corte Constitucional,HIGH,OFFICIAL_HEADER_NUMBER,Sentencia de Unificación,SU-157/22,2022.0,10.0,2022-10-29,HIGH,SENTENCE_IDENTIFIER,986,False,DOC_0986,True,,1873,82,0,1,12,True,False,True,True
1.record_0 (229).txt,f16ca462ce6391e87a954f8d06cd2882,7c3ff442a1724a930a9813861ab4de198f38270cd15ffae18599d41da8711a50,179001,174446,26809,Corte Constitucional,HIGH,OFFICIAL_HEADER_NUMBER,Sentencia de Tutela,T-344/22,2022.0,10.0,2022-10-05,HIGH,SENTENCE_IDENTIFIER,987,False,DOC_0987,True,,493,91,0,0,4,True,False,False,True
2. record_0 (550).txt,f1820120d227cd9cb77c9db7d14cd1e7,09dfe55f7fc6937b9e490f9ec64379025e795810b8f032f918affc27a6b27a04,61785,60521,9698,Corte Constitucional,HIGH,OFFICIAL_HEADER_NUMBER,Auto de Sala Plena/Seguimiento,Auto-213/15,2015.0,12.0,2015-12-15,HIGH,SENTENCE_IDENTIFIER,988,False,DOC_0988,True,,218,22,1,1,2,True,True,True,True
3.record_0 (1396).txt,f18a451aaf513a6e22394dbe2efbe918,7230aff571af66399dc9bb38116a9024137d494c86d1a6fdacddf46c8674adb7,135619,132929,20235,Corte Constitucional,MEDIUM,TEXT_MENTION_HEADER,Providencia,,2016.0,11.0,2016-11-24,HIGH,HEADER_EXPLICIT_DATE,989,False,DOC_0989,True,,616,34,0,0,3,True,False,False,True
2. record_0 (1266).txt,f1aab7b52590baa637c08be3011565fa,e0226238bde6e81f2fe53e8b12e946a97b9265474eec462a505f0c8e60ae6f41,665743,652827,102146,Corte Constitucional,HIGH,OFFICIAL_HEADER_NUMBER,Sentencia de Tutela,T-362/20,2020.0,1.0,2020-01-16,HIGH,SENTENCE_IDENTIFIER,990,False,DOC_0990,True,,2319,288,0,0,54,True,False,False,True
3.record_0 (225).txt,f1e6148deec2e408c7cadcbb548448f5,957c6814116b91b0c65f890287e8527872820250b5d5167272dfbd98064eac85,61538,60216,9302,Corte Constitucional,HIGH,OFFICIAL_HEADER_NUMBER,Auto de Sala Plena/Seguimiento,Auto-1850/2022,2022.0,3.0,2022-03-24,HIGH,SENTENCE_IDENTIFIER,991,False,DOC_0991,True,,239,49,0,0,2,True,False,False,True
4. (8).txt,f23b91614e36ec4b62ee6f1a0643f6a3,e6c88c09aca4c4195667bca53a258035be398533921d45bc4653d0e8ecd5833f,33867,33208,5264,Corte Constitucional,MEDIUM,TEXT_MENTION_HEADER,Providencia,,2020.0,8.0,2020-08-13,HIGH,HEADER_EXPLICIT_DATE,992,False,DOC_0992,True,,155,8,0,0,0,True,False,False,False
1.record_0 (315).txt,f282454b4480543e987f4fac95958661,7c565538b3bef2e6053213e71c5bc023f8f1e7b94f4d9695026b4b85d2641891,322695,315668,52240,Consejo de Estado,HIGH,INSTITUTION_HEADER,Sentencia Contencioso Administrativa,,2003.0,11.0,2003-11-06,HIGH,HEADER_EXPLICIT_DATE,993,False,DOC_0993,True,,927,303,0,0,17,True,False,False,True
3.record_0 (114).txt,f3a9901a74cd0d53c9aad551fc910464,d6d439b94fc7ed5426c57c1041e4ea5f16046b8af4e4c98b6e5f7fffb492454d,18334,17973,2864,Corte Suprema de Justicia,HIGH,INSTITUTION_HEADER,Sentencia Casación STL,STL-2835/2022,2022.0,11.0,2022-11-16,HIGH,SENTENCE_IDENTIFIER,998,False,DOC_0998,True,,40,6,0,0,3,True,False,False,True
1.record_0 (211).txt,f40aff8ba31481ac895d074f284b33bb,2363c4a03d7c69fbf0495735ce4dd88ca867991f8d17af381c0bf4b7dd772010,82364,80803,12345,Corte Constitucional,HIGH,OFFICIAL_HEADER_NUMBER,Auto de Sala Plena/Seguimiento,Auto-443/15,2015.0,,,HIGH,SENTENCE_IDENTIFIER,1000,False,DOC_1000,True,,246,147,0,1,6,True,False,True,True
3.record_0 (1397).txt,f4517d7a6125e597778f085aaef4456c,bfc6fffe400f0ba7ec198374917e7d331cb94d9432dce11e41d36ab7249a041f,269731,264421,41285,Corte Constitucional,HIGH,OFFICIAL_HEADER_NUMBER,Sentencia de Tutela,T-128/22,2022.0,5.0,2022-05-10,HIGH,SENTENCE_IDENTIFIER,1001,False,DOC_1001,True,,1105,104,0,0,11,True,False,False,True
2. record_0 (762).txt,f5891cc4c5d5e9a8c0e07a977df462aa,1f92bcc4a9a52b10ea4a24f077f104d6290fb8dc7a0584ff1575acdb7a1a2ff5,284491,279604,44045,Corte Constitucional,HIGH,OFFICIAL_HEADER_NUMBER,Sentencia de Tutela,T-462/21,2021.0,5.0,2021-05-15,HIGH,SENTENCE_IDENTIFIER,1005,False,DOC_1005,True,,1127,205,16,19,91,True,True,True,True
3.record_0 (140).txt,f61495481485b7772aae912590fd680c,24d4e7040c3465e4db6cb3fee729711000900199d537f04fb7aa7231d57649ff,11768,11500,1808,Corte Suprema de Justicia,HIGH,INSTITUTION_HEADER,Sentencia Casación STL,STL-14702/2022,2022.0,9.0,2022-09-14,HIGH,SENTENCE_IDENTIFIER,1008,False,DOC_1008,True,,44,1,0,0,0,True,False,False,False
3.record_0 (1306).txt,f8c515275f5465d07a51b90fec17d87c,b964311bb371dcc527178dbd24c79ce49c2aacf98f26e37612ecb44ae48dbfc9,235167,230792,36230,Corte Constitucional,HIGH,OFFICIAL_HEADER_NUMBER,Sentencia de Constitucionalidad,C-659/16,2016.0,3.0,2016-03-04,HIGH,SENTENCE_IDENTIFIER,1014,False,DOC_1014,True,,639,237,0,0,18,True,False,False,True
2. record_0 (319).txt,f8ed8a63a79d2098ee4cbc3e35de6b15,527fe11ee305f5dbbef2c38fab5abcc94ff90c98efaa8063ac9abe18174b0aa5,85046,83034,13352,Corte Suprema de Justicia,HIGH,INSTITUTION_HEADER,Providencia,,2023.0,4.0,2023-04-19,HIGH,HEADER_EXPLICIT_DATE,1015,False,DOC_1015,True,,396,62,0,0,2,True,False,False,True
3.record_0 (122).txt,fa7446ad61d49cd50b1bdd6a7220164c,d9e1df9c2b7af25407935671c5b316adfdd8ff8942e1478e9f0fbc0ac68e170f,41501,40692,6160,Corte Constitucional,MEDIUM,TEXT_MENTION_HEADER,Providencia,,2023.0,7.0,2023-07-26,HIGH,HEADER_EXPLICIT_DATE,1022,False,DOC_1022,True,,133,24,0,0,1,True,False,False,True
2. record_0 (434).txt,fb781675faacc407f1d61bccf49df191,72440d3dbeda5cf797b3a5b879daba07b87dc171b27fdb4203dba02fca3e801d,87778,85939,14045,Corte Constitucional,MEDIUM,TEXT_MENTION_HEADER,Providencia,,2001.0,3.0,2001-03-22,HIGH,HEADER_EXPLICIT_DATE,1025,False,DOC_1025,True,,242,75,0,0,8,True,False,False,True
3.record_0 (453).txt,fba2d1fc0adceac61b3f206f72157da5,885889a593c03b765dfbfb20b775782724f45c79067fe5f4163b61958706cc21,55627,54404,8512,Corte Constitucional,HIGH,OFFICIAL_HEADER_NUMBER,Auto de Sala Plena/Seguimiento,Auto-1909/22,2022.0,2.0,2022-02-22,HIGH,SENTENCE_IDENTIFIER,1026,False,DOC_1026,True,,208,37,0,0,1,True,False,False,True
2. record_0 (834).txt,fbb57c8ee7488783ace535c70155237b,f9627d14bd172b8ea1c66f2efaf4031de5bde7fe8e2174d1ceaea12efa12d86b,121084,118706,19531,Consejo de Estado,HIGH,INSTITUTION_HEADER,Sentencia Contencioso Administrativa,,2008.0,9.0,2008-09-09,HIGH,HEADER_EXPLICIT_DATE,1027,False,DOC_1027,True,,298,99,0,0,5,True,False,False,True
3.record_0 (787).txt,fd0b77d4e934c504a7022ab04a8c3ae2,1a2b1fa550b10dd70cee7d9106e72f76c07f34c53e54abd870cb054a03079904,41961,41180,6087,Corte Constitucional,MEDIUM,TEXT_MENTION_HEADER,Providencia,,2022.0,6.0,2022-06-16,HIGH,HEADER_EXPLICIT_DATE,1029,False,DOC_1029,True,,173,22,0,0,0,True,False,False,False
3.record_0 (1211).txt,fe00139978ca061e19aeeaad237ccca9,f98d76ae4bd59a4598a862920ac06da136477ce517988ea14d5ee589af2bcf20,81081,78667,12755,Corte Constitucional,MEDIUM,TEXT_MENTION_HEADER,Providencia,,2023.0,5.0,2023-05-04,HIGH,HEADER_EXPLICIT_DATE,1031,False,DOC_1031,True,,431,9,0,0,0,True,False,False,False
