target_term,document_id,court,decision_year,sentence_id,context_before,matched_token,context_after,full_sentence
cairo,DOC_0013,Corte Constitucional,2012.0,DOC_0013_S00226,pa. c) Cita declaraciones de la delegación estadounidense en la Conferencia del,Cairo,y en “un encuentro de la Comisión de las Naciones Unidas sobre el Estado de la,"Sin embargo, estas interpretaciones no reflejan el consenso alcanzado en la mencionada Conferencia”. b) Cita declaraciones del Consejo Presidencial de la Unión Europea y de la Comisión Europea y una resolución de la Asamblea Parlamentaria del Consejo de Europa. c) Cita declaraciones de la delegación estadounidense en la Conferencia del Cairo y en “un encuentro de la Comisión de las Naciones Unidas sobre el Estado de la Mujer”. d) Cita declaraciones del Primer Ministro Canadiense respecto del “Plan de Salud Materna del Grupo de los 8”. e) Respecto de las preocupaciones expresadas por organismos de vigilancia de tratados sobre derechos humanos ratificados por Colombia debido a la penalización absoluta del aborto en nuestro país antes de la sentencia C-355 de 2006[2] -que fueron mencionadas en la sentencia T-585 de 2010- “(…) el Procurador General de la Nación debe reiterar que estas recomendaciones no permiten inferir que la despenalización del aborto en circunstancias excepcionales (…) lleve al reconocimiento del llamado derecho fundamental al aborto o del derecho a la interrupción voluntaria del embarazo”."
cairo,DOC_0013,Corte Constitucional,2012.0,DOC_0013_S00616,enso alcanzado en la Conferencia Internacional sobre Población y Desarrollo del,Cairo,", en declaraciones del Consejo Presidencial de la Unión Europea y de la Comisión","Justifica tal afirmación con base en una interpretación del consenso alcanzado en la Conferencia Internacional sobre Población y Desarrollo del Cairo, en declaraciones del Consejo Presidencial de la Unión Europea y de la Comisión Europea, en una resolución de la Asamblea Parlamentaria del Consejo de Europa, en declaraciones de la delegación estadounidense en la Conferencia del Cairo y en “un encuentro de la Comisión de las Naciones Unidas sobre el Estado de la Mujer” y en declaraciones del Primer Ministro Canadiense respecto del “Plan de Salud Materna del Grupo de los 8”."
cairo,DOC_0013,Corte Constitucional,2012.0,DOC_0013_S00758,que en el caso de la Conferencia Internacional sobre Población y Desarrollo del,Cairo,se hace una interpretación personal de cuál fue el consenso alcanzado. [67] Ver,"La inexequibilidad de la prohibición total del aborto. [59] Ver el fundamento jurídico número 19 de la sentencia T-585 de 2010. [60] Al respecto ver, por ejemplo, las sentencias T-002 de 1992, T-028 de 1994, SU-111 de 1997, SU-225 de 1998, T-881 de 2002, T-227 de 2003, T-859 de 2003 y T-860 de 2003, entre otras. [61] Párrafo 11, Observación General número 24 “La mujer y la salud”. [62] Ver al respecto la sentencia C-728 de 2009 y en el caso de la IVE la sentencia T-388 de 2009. [63] Considerando número 9. [64] Se refiere a las Observaciones a Colombia del Comité de Derechos Humanos, encargado de monitorear el cumplimiento del Pacto de Derechos Civiles y Políticos del 5 de mayo de 1997 y del 26 de mayo de 2004; Observaciones a Colombia del Comité para la eliminación de la discriminación contra la mujer, encargado de monitorear la CEDAW del 3 de febrero de 1999; Recomendaciones a Colombia del Comité de Derechos del niño/a, encargado de monitorear la Convención por los Derechos del Niño /a del 16 de octubre de 2000 y Recomendaciones a Colombia del Comité Interamericano de Derechos Humanos del 26 de febrero de 1999. [65] Fundamento jurídico número 19 de la sentencia T-585 de 2010. [66] Nótese que en el caso de la Conferencia Internacional sobre Población y Desarrollo del Cairo se hace una interpretación personal de cuál fue el consenso alcanzado. [67] Ver fundamento jurídico número 31 de la sentencia T-585 de 2010. [68] En este sentido ver el auto 234 de 2009 en el que se indicó “El análisis efectuado en precedencia permite concluir que, si en gracia de discusión se admitiera la existencia de un error en la sentencia T-1263 de 2008, de todas maneras sería claro que éste no tendría repercusiones sustanciales sobre la decisión, pues evidentemente no modificaría el sentido del fallo, ni alteraría su contenido, ni confundiría al lector en relación con cuál fue la decisión que se adoptó”. [69] En la sentencia T-209 de 2008 se ordenó: “Quinto.- Comunicar a la Superintendencia de Salud lo aquí resuelto, para que en ejercicio de sus competencias, investiguen y si es del caso sancionen, las posibles faltas en que se pudo incurrir en este caso por Coomeva EPS y las IPS de su red, así como el Hospital Universitario Erasmo Meoz de Cúcuta, entidad pública, por el incumplimiento de las disposiciones previstas en el Decreto 4444 de 2007."
patrimonio,DOC_0015,Corte Constitucional,2017.0,DOC_0015_S01051,"ole, origen nacional, étnico o social, nacionalidad, edad, situación económica,",patrimonio,", estado civil, nacimiento o cualquier otra condición ‘Puesto que sobre [tales d","La Corte Interamericana al referirse a las cláusulas de igualdad y no discriminación como categorías propias del ius cogens dijo textualmente que, “no son admisibles los tratos discriminatorios en perjuicio de ninguna persona por motivos de género, raza, color, idioma, religión o convicción, opinión política o de otra índole, origen nacional, étnico o social, nacionalidad, edad, situación económica, patrimonio, estado civil, nacimiento o cualquier otra condición ‘Puesto que sobre [tales derechos] descansa todo el andamiaje jurídico del orden público nacional e internacional y es un principio fundamental que permea todo ordenamiento jurídico’ (Corte IDH, Opinión Consultiva OC-18/03 del 17 de septiembre de 2003."
dependencia,DOC_0024,Corte Constitucional,2021.0,DOC_0024_S00069,"ujeres a la justicia, por ejemplo: “[L]as dinámicas socioeconómicas generan una",dependencia,de las mujeres hacia sus parejas.,"Esta situación conlleva, a su vez, a la ineficacia de las acciones y recursos establecidos para sancionar la violencia en la familia.[34] Adicionalmente, existen otras causas sociales y culturales que obstaculizan el acceso de las mujeres a la justicia, por ejemplo: “[L]as dinámicas socioeconómicas generan una dependencia de las mujeres hacia sus parejas."
dependencia,DOC_0029,Corte Constitucional,2023.0,DOC_0029_S00333,", especialmente cuando su materialización involucra vínculos de subordinación o",dependencia,y pueden dar lugar a reproducir asimetrías de poder generadas por estereotipos,"En ese orden deberá, igualmente, adoptar medidas para evitar situaciones de violencia generalizada de derechos que propenda por la garantía de no repetición. · Los derechos fundamentales de las mujeres deben ser respetados tanto por los poderes públicos, como por los particulares en relación con otros particulares, especialmente cuando su materialización involucra vínculos de subordinación o dependencia y pueden dar lugar a reproducir asimetrías de poder generadas por estereotipos o prejuicios de género que provocan situaciones de indefensión, violencia y/o discriminación. · Todos los actores del mundo del trabajo, sea en el sector público o en el privado, tienen obligaciones dirigidas a garantizar un entorno de trabajo de cero tolerancia frente a la violencia de género-en todas y cada una de sus manifestaciones–, así como a facilitar la prevención de esta clase de comportamientos, combatirlos y sancionarlos. · El análisis centrado en el género es una herramienta o instrumento crítico al que resulta preciso acudir-a la manera de quien se vale de una lupa o lente de aumento– con el fin de agudizar la mirada para reconocer que en la realidad la violencia contra las mujeres no puede considerarse un hecho aislado, sino que tiene una dimensión sistémica, que reproduce en todas las esferas de la existencia de las mujeres-incluso en el mundo del trabajo– asimetrías de poder derivadas de un modelo de sociedad machista y patriarcal que impregna la cultura y se acepta sin cuestionarse, porque se encuentra profundamente arraigado en la cosmovisión hegemónica. · La obligación de no discriminar no solo se predica de las autoridades estatales en todos los niveles y jerarquías, sino que, en vista de la asimetría de poder que generan las actuaciones basadas en estereotipos de género, cobijan también a quienes en la esfera privada-por ejemplo, en el mundo del trabajo–, están en la posibilidad de afectar los derechos de las mujeres, propiciándoles un trato desigual, sin que exista justificación jurídica. · La creación de protocolos de atención, que incluyan rutas y procedimientos claros y efectivos para el trámite de las posibles denuncias de acoso laboral y sexual, justamente para rodear a las mujeres que deciden defenderse o buscar ayuda, atención o reparación lo que, no sin frecuencia, muchas veces se ve correspondido “con impunidad y revictimización”, es una medida que ha reconocido la Corte como idónea para garantizar la dimensión objetiva de los derechos fundamentales en casos de violencia de genero. · En el marco de las denuncias presentadas por situaciones relacionadas con acoso sexual en el entorno laboral, la empleadora está obligada a respetar el principio de presunción de inocencia del presunto agresor, sin perder de vista que la violencia sexual contra las mujeres es un fenómeno que genera múltiples afectaciones a la vida de una persona, lo que implica que en el proceso de investigación y sanción de estas conductas deban observarse reglas especiales para evitar atentar contra la intimidad o generar circunstancias re-victimizantes. · Las autoridades estatales y los particulares tienen la obligación de atender casos de violencia y/o discriminación contra las mujeres por motivos de género de manera célere y efectiva con apego a los principios de diligencia y corresponsabilidad."
dependencia,DOC_0029,Corte Constitucional,2023.0,DOC_0029_S00387,"ervicios a otras dependencias, de forma tal que no volvió a existir relación de",dependencia,de ningún tipo entre esta y el señor [Fernando]”[244]; iii) se le indicó que el,"Igualmente, aseguró la actora, que su denuncia se sustentó en conductas que desplegaba el señor Fernando en el marco de la relación de trabajo que mantenían en la empresa Ogilvy & Mather Colombia S.A.S. tales como: “las insinuaciones, miradas lascivas y concupiscentes, comentarios homófobos, gestos con connotación sexual, contactos físicos innecesarios, presión para asistir a reuniones innecesarias a solas en la oficina, y amenazas que afectaron negativamente [su] trabajo al no aceptar [las] pretensiones”[243]. (iv) Posterior a la queja presentada la empresa accionada adoptó distintas conductas para atender la misma, entre las que se destacan: i) se le recomendó a la accionante pedir vacaciones o continuar trabajando de forma remota; ii) la actora “fue asignada en el año 2019 a prestar servicios a otras dependencias, de forma tal que no volvió a existir relación de dependencia de ningún tipo entre esta y el señor [Fernando]”[244]; iii) se le indicó que el proceso para dar trámite a su denuncia “no [era] fácil de resolver”[245] y que por lo tanto la oficina de recursos humanos en México sería la encargada de adelantar la investigación correspondiente; y iv) se le ofreció la oportunidad de trasladarse a la ciudad de Miami (Estados Unidos). (v) Ante la denuncia presentada por la tutelante, la accionada se abstuvo de activar un protocolo institucional de atención para asuntos relacionados con acoso sexual al interior de la compañía, sobre la base de considerar que “no existe la obligación legal alguna para las empresas empleadoras de construir un protocolo de prevención y trámite de casos de violencias de género”[246]."
dependencia,DOC_0029,Corte Constitucional,2023.0,DOC_0029_S00395,e que la accionante no hubiese radicado una denuncia de carácter formal ante la,dependencia,"de la compañía prevista, en principio, para el efecto, no excusaba a un directi","Ello, sobre la base de que su presunto agresor era ahora su superior jerárquico y, para lo que resultada especialmente relevante, continuaba en el marco de la relación laboral que mantenían en Ogilvy & Mather, desplegando respecto de ella, acciones tales como: “insinuaciones, miradas lascivas y concupiscentes, comentarios homófobos, gestos con connotación sexual, contactos físicos innecesarios, presión para asistir a reuniones innecesarias a solas en la oficina, amenazas que afectaron negativamente mi trabajo al no aceptar sus pretensiones”[257]. 10.11.6 En ese orden, el hecho de que la accionante no hubiese radicado una denuncia de carácter formal ante la dependencia de la compañía prevista, en principio, para el efecto, no excusaba a un directivo de la más alta categoría de darle el trámite y el alcance propio de una situación de tan extrema gravedad, como lo puede ser el acoso sexual a una mujer, particularmente, cuando los actos denunciados por esta provienen de quien tiene la condición de superior jerárquico y que, por lo tanto, llevan a configurar una situación de dependencia y subordinación propias de las relaciones de trabajo. 10.11.7 Sobre el particular, consideró la Corte mediante sentencia T-140 de 2021 que los derechos fundamentales de las mujeres deben ser garantizados tanto en el ámbito público como el privado en relación con otros particulares, especialmente cuando su materialización involucra vínculos de subordinación o dependencia y pueden dar lugar a reproducir asimetrías de poder generadas por estereotipos o prejuicios de género que provocan situaciones de indefensión, violencia y/o discriminación. 10.11.8 Adicionalmente y para lo que interesa al presente asunto, en la referida providencia este Tribunal explicó que en el marco de las denuncias presentadas por situaciones relacionadas con acoso sexual en el entorno laboral, es deber de la empleadora adelantar el correspondiente proceso de investigación, y sanción de orden disciplinario de manera célere y efectiva con apego a los principios de diligencia y corresponsabilidad."
dependencia,DOC_0029,Corte Constitucional,2023.0,DOC_0029_S00407,"rse desigualdades y generarse situaciones de indefensión, de subordinación o de",dependencia,", como ocurrió en este caso. 10.11.23 En suma, a juicio de la Sala, la empresa d","Se insiste, las medidas adoptadas no fueron oportunas y las existentes no estuvieron orientadas a reestablecer la situación de zozobra y angustia que, aseveró la accionante, protagonizaba en razón no solo del hecho originario de acoso sexual del que presuntamente fue víctima sino de otras acciones desplegadas por su presunto acosador en el curso normal de su relación de trabajo dentro la de compaña tutelada. 10.11.21 En consecuencia y en plena correspondencia con los parámetros de interpretación fijados en el marco de la sentencia T-140 de 2021, la Sala concluye que en esta oportunidad la empresa accionada omitió el deber que le exigía la ley y la jurisprudencia constitucional en relación con investigar y sancionar la situación de acoso sexual y laboral que denunció la accionante. 10.11.22 Todo esto llevó a que en el caso concreto de la señora Marcela la empresa accionada no adoptara una conducta tendiente a eliminar las asimetrías de poder presentes en las relaciones entre particulares en las que suelen producirse desigualdades y generarse situaciones de indefensión, de subordinación o de dependencia, como ocurrió en este caso. 10.11.23 En suma, a juicio de la Sala, la empresa desatendió sus deberes constitucionales y legales, al no mostrar la debida diligencia y corresponsabilidad en el asunto, lo que se tradujo en que la denunciante de un presunto caso de agresión sexual no contó con una ruta clara y confiable de atención y acompañamiento, ni con un ambiente digno para desempeñarse laboralmente."
patrimonio,DOC_0032,Corte Constitucional,,DOC_0032_S00263,"son agentes de cambio y, por ello, pueden influir en el futuro, la cultura y su",patrimonio,.,"También se resaltó que las mujeres indígenas son agentes de cambio y, por ello, pueden influir en el futuro, la cultura y su patrimonio."
dependencia,DOC_0032,Corte Constitucional,,DOC_0032_S00704,arduas restringen la autonomía económica de las mujeres indígenas y aumentan su,dependencia,.,"Respecto a la violencia estructural que enfrentan las mujeres indígenas indicó que una clara manifestación son “(…) las desigualdades en el acceso a la educación, la salud, el saneamiento, los bienes y servicios públicos, que se agudizan con las distancias físicas, la pobreza y la falta de dominio del castellano [, así como,] El limitado acceso al mercado laboral y al empleo formal, así como la sobrecarga en las labores domésticas y de cuidado, a veces en condiciones muy arduas restringen la autonomía económica de las mujeres indígenas y aumentan su dependencia."
patrimonio,DOC_0032,Corte Constitucional,,DOC_0032_S00791,"una vida sin violencias, participar en los asuntos internos, tener derecho a un",patrimonio,", a decidir sobre sus cuerpos y a no ser objeto de prácticas que las vulneran (S","Entre los intereses de las mujeres están el vivir una vida sin violencias, participar en los asuntos internos, tener derecho a un patrimonio, a decidir sobre sus cuerpos y a no ser objeto de prácticas que las vulneran (Sierra, 1997)."
dependencia,DOC_0045,Corte Constitucional,2021.0,DOC_0045_S00285,u identidad de género tienden a ser caracterizadas “por su supuesta debilidad y,dependencia,”.,"Luis Ernesto Vargas Silva. [64] Ejemplos de ello se evidencian en el hecho de que, durante muchos siglos, el hombre fue “distinguido por su presunta independencia, racionalidad, capacidad para la adopción de importantes decisiones, asunción de grandes responsabilidades y el trabajo fuera de casa”, mientras que la mujer, la niña, la adolescente y las personas que se identifican con ellas por su identidad de género tienden a ser caracterizadas “por su supuesta debilidad y dependencia”."
femicidio,DOC_0045,Corte Constitucional,2021.0,DOC_0045_S00301,"0. [86] Ahora, si bien es cierto que la traducción literal de dicho vocablo es “",femicidio,"”, en el ámbito latinoamericano esta traducción no ha sido ampliamente aceptada","Ver, Ferrer Pérez, Victoria A y Bosch Fiol, Esperanza, “El papel del movimiento feminista en la consideración social de la violencia de contra las mujeres: el caso de España”, en Revista Labrys Estudos Feministas, junho/ dezembro 2006, vol 10. [86] Ahora, si bien es cierto que la traducción literal de dicho vocablo es “femicidio”, en el ámbito latinoamericano esta traducción no ha sido ampliamente aceptada por su semejanza lingüística con el “homicidio”, concepto que se refiere a la muerte de una mujer, sin razones ni motivaciones especiales."
femicidio,DOC_0045,Corte Constitucional,2021.0,DOC_0045_S00308,"Ver, a este respecto, Munevar M., María Inés, “Delito de",femicidio,.,"Ver, a este respecto, Munevar M., María Inés, “Delito de femicidio."
viena,DOC_0061,Corte Constitucional,2022.0,DOC_0061_S01759,de conformidad con lo estipulado en los Planes de Acción de las Conferencias de,Viena,", Cairo y Beijing, por violencia económica, se entiende cualquier acción u omisi","Para efectos de la presente ley, y de conformidad con lo estipulado en los Planes de Acción de las Conferencias de Viena, Cairo y Beijing, por violencia económica, se entiende cualquier acción u omisión orientada al abuso económico, el control abusivo de las finanzas, recompensas o castigos monetarios a las mujeres por razón de su condición social, económica o política."
cairo,DOC_0061,Corte Constitucional,2022.0,DOC_0061_S01759,"ormidad con lo estipulado en los Planes de Acción de las Conferencias de Viena,",Cairo,"y Beijing, por violencia económica, se entiende cualquier acción u omisión orie","Para efectos de la presente ley, y de conformidad con lo estipulado en los Planes de Acción de las Conferencias de Viena, Cairo y Beijing, por violencia económica, se entiende cualquier acción u omisión orientada al abuso económico, el control abusivo de las finanzas, recompensas o castigos monetarios a las mujeres por razón de su condición social, económica o política."
femicidio,DOC_0076,Corte Constitucional,2021.0,DOC_0076_S00416,contra la violencia en las mujeres y reforma el Código Penal para tipificar el,femicidio,y sancionar los hechos de violencia contra la mujer. 24 de octubre de 2013. [12,"Ley 82, que adopta medidas de prevención contra la violencia en las mujeres y reforma el Código Penal para tipificar el femicidio y sancionar los hechos de violencia contra la mujer. 24 de octubre de 2013. [120] Republica de Perú."
dependencia,DOC_0089,Corte Constitucional,2009.0,DOC_0089_S00444,? ¿Cuántas familias se verían beneficiadas y en qué tiempo estarían superada su,dependencia,"a la asistencia estatal, con los ajustes diseñados para la política pública de","Teniendo en cuenta lo anterior, la Corte Constitucional considera que respecto de la Atención Humanitaria de Emergencia, Acción Social no ha respondido las siguientes cuestiones: Teniendo en cuenta que si la población desplazada no cuenta con mecanismos de política específicos para ofrecer soluciones de estabilización socioeconómica, debe prestar ayuda humanitaria de emergencia para garantizar el derecho a la subsistencia de la población desplazada, ¿qué mecanismos ha diseñado para ajustar la política pública de atención humanitaria de emergencia y garantizar que esta sea oportuna, adecuada, integral, igualitaria y de calidad en los términos definidos en el Auto 008? ¿Qué mecanismos ha diseñado para articular la política de atención humanitaria de emergencia y las políticas de tierras, vivienda y generación de ingresos, que pretenden garantizar una estabilización socioeconómica? ¿En qué medida los mecanismos diseñados para ajustar la política pública de atención humanitaria de emergencia garantizan el enfoque diferencial que deben tener los programas según las condiciones de la población desplazada más vulnerable? ¿Cómo ha aplicado las presunciones que realizan los Autos 092 de 2008, 251 de 2008, 004 de 2009, 005 de 2009 y 006 de 2009 en materia de atención humanitaria de emergencia para proteger a mujeres, niños, adolescentes, grupos étnicos y discapacitados en condición de desplazamiento? ¿En qué medida los programas propios de la oferta social del Estado para la población pobre, ajustados para proveer atención humanitaria de emergencia garantizan el elemento de especialidad que reiteradamente ha mencionado la Corte para atender a población desplazada, dado que su condición obedece a características diferentes a la de la población económicamente desaventajada? ¿Cómo los ajustes diseñados para la política pública de atención humanitaria de emergencia garantizan la coordinación interinstitucional y multinivel, la sostenibilidad de la política, y los criterios mínimos de racionalidad necesarios para garantizar el goce efectivo de derechos y avanzar en la superación de un estado de cosas inconstitucional? ¿Cuántas familias se verían beneficiadas y en qué tiempo estarían superada su dependencia a la asistencia estatal, con los ajustes diseñados para la política pública de atención humanitaria de emergencia?"
dependencia,DOC_0090,Corte Constitucional,2022.0,DOC_0090_S00540,"por acoso laboral a la dirección general del INSOR, significaba que esta última",dependencia,“conocía claramente que había una situación anómala de violencia contra la muje,"En este punto cita un extracto del salvamento de voto consignado en la sentencia atacada, en el cual se indica que el hecho de que la Procuraduría General de la Nación remitiera por competencia la queja por acoso laboral a la dirección general del INSOR, significaba que esta última dependencia “conocía claramente que había una situación anómala de violencia contra la mujer, que la demandante había denunciado por los hechos de acoso sexual y laboral."
dependencia,DOC_0095,Corte Constitucional,2019.0,DOC_0095_S00089,"inamiento, inducción a la adicción a las drogas y al alcohol, amenazas legales,",dependencia,económica e incluso emocional.[24] 3.1.3.,"Aunque se suele sostener que la prostitución se puede ejercer en nombre propio, en realidad esta idea es un espejismo, pues, en general, el mercado se encuentra controlado por el crimen organizado, y de manera mayoritaria bajo coacción física, síquica y económica.[23] Incluso cuando las mujeres son publicitadas en internet como “acompañantes independientes”, en realidad hacen parte de redes de proxenetismo que apelan a todo tipo de estrategias para mantener el control: endeudamiento crónico, confinamiento, inducción a la adicción a las drogas y al alcohol, amenazas legales, dependencia económica e incluso emocional.[24] 3.1.3."
dependencia,DOC_0095,Corte Constitucional,2019.0,DOC_0095_S00093,omo las mujeres prostituidas se encuentran en una relación de inferioridad y de,dependencia,"frente a los traficantes, estos últimos pueden explotar el cuerpo de la mujer,","Y como las mujeres prostituidas se encuentran en una relación de inferioridad y de dependencia frente a los traficantes, estos últimos pueden explotar el cuerpo de la mujer, y apropiarse del rendimiento económico generado por aquella."
patrimonio,DOC_0103,Corte Constitucional,2011.0,DOC_0103_S00265,apoyo material y social; (viii) el riesgo de ser despojadas de sus tierras y su,patrimonio,con mayor facilidad por los actores armados ilegales dada su posición histórica,"Ello, aunado a las obligaciones internacionales del Estado en materia de prevención de la violencia contra la mujer, implica que las autoridades colombianas están en la obligación constitucional e internacional, imperativa e inmediata, de identificar y valorar los riesgos específicos a los que están expuestas las mujeres en el marco del conflicto armado, por ser éstos causa directa del impacto desproporcionado que tiene sobre ellas el desplazamiento, para así poder actuar de la manera más enérgica posible para prevenirlos y proteger a sus víctimas.” [25]Principios Rectores de los Desplazamientos Internos-Principio Rector número 4. [26]Según el Auto 092, el estado tiene la obligación de evitar el desplazamiento de la mujer en el conflicto armado interno, en cumplimiento del deber impuesto por los“Principios Rectores de los Desplazamientos Internos, consisten en que (a) “Todas las autoridades y órganos internacionales respetarán y harán respetar las obligaciones que les impone el derecho internacional, incluidos los derechos humanos y el derecho humanitario, en toda circunstancia, a fin de prevenir y evitar la aparición de condiciones que puedan provocar el desplazamiento de personas”- Principio 5-; y (b) “Todo ser humano tendrá derecho a la protección contra desplazamientos arbitrarios que le alejen de su hogar o de su lugar de residencia habitual”-Principio 6-.” [27] Esos riesgos particulares y diferenciados, según la Corte son: (i) el riesgo de violencia sexual, explotación sexual o abuso sexual en el marco del conflicto armado; (ii) el riesgo de explotación o esclavización para ejercer labores domésticas y roles considerados femeninos en una sociedad con rasgos patriarcales, por parte de los actores armados ilegales; (iii) el riesgo de reclutamiento forzado de sus hijos e hijas por los actores armados al margen de la ley, o de otro tipo de amenazas contra ellos, que se hace más grave cuando la mujer es cabeza de familia; (iv) los riesgos derivados del contacto o de las relaciones familiares o personales-voluntarias, accidentales o presuntas-con los integrantes de alguno de los grupos armados ilegales que operan en el país o con miembros de la Fuerza Pública, principalmente por señalamientos o retaliaciones efectuados a posteriori por los bandos ilegales enemigos; (v) los riesgos derivados de su pertenencia a organizaciones sociales, comunitarias o políticas de mujeres, o de sus labores de liderazgo y promoción de los derechos humanos en zonas afectadas por el conflicto armado; (vi) el riesgo de persecución y asesinato por las estrategias de control coercitivo del comportamiento público y privado de las personas que implementan los grupos armados ilegales en extensas áreas del territorio nacional; (vii) el riesgo por el asesinato o desaparición de su proveedor económico o por la desintegración de sus grupos familiares y de sus redes de apoyo material y social; (viii) el riesgo de ser despojadas de sus tierras y su patrimonio con mayor facilidad por los actores armados ilegales dada su posición histórica ante la propiedad, especialmente las propiedades inmuebles rurales; (ix) los riesgos derivados de la condición de discriminación y vulnerabilidad acentuada de las mujeres indígenas y afrodescendientes; y (x) el riesgo por la pérdida o ausencia de su compañero o proveedor económico durante el proceso de desplazamiento. [28]Auto 092 de 2008. [29]Esta afirmación está profundamente explicada en el estudio que la Oficina para Colombia del Alto Comisionado de las Naciones Unidas para los Refugiados (ACNUR) llevó a cabo en el período de enero de 2004 a abril de 2007 y cuyos resultados se pueden leer en el documento intitulado “Balance de la política pública de atención integral al desplazamiento forzado en Colombia”, publicado en agosto de 2007. [30]Ver Sentencia T-605 de 2008. [31]Ver Sentencia T-327 de 2001. [32]Ver sentencia 327 de 2001. [33]Ver Sentencia T-458 de 2008. [34]Sentencia T-458 de 2008 [35] “Artículo 17."
dependencia,DOC_0105,Corte Constitucional,2014.0,DOC_0105_S00058,"s estatales frente a las acusaciones de la víctima, y muy especialmente, por la",dependencia,económica con respecto al agresor[7].,"Por su parte, el fenómeno de la retractación se explica por distintas razones, como la confusión sobre la connotación de los hechos, los sentimientos de ambivalencia, culpa e inseguridad, el temor a ser acusado de mentir, la falta de certeza sobre la comisión del delito y la incredulidad de la sociedad y de las agencias estatales frente a las acusaciones de la víctima, y muy especialmente, por la dependencia económica con respecto al agresor[7]."
dependencia,DOC_0105,Corte Constitucional,2014.0,DOC_0105_S00455,", las relaciones de jerarquía y subordinación, y los vínculos de amor, respeto,",dependencia,"y miedo entre la víctima y el victimario, obstaculizan aún más el acto de denun","Uno y otro imperativo serían vaciados de todo contenido, de considerarse que la prevalencia de los derechos de los niños y la obligación de todas las personas de otorgarles el amparo y la custodia que requieran, no genera el deber de informar a las autoridades sobre las amenaza más graves a su vida e integridad derivadas de la comisión de delitos en su contra, cuando por otro lado, confluyen dos circunstancias constitucionalmente relevantes: (i) primero, la imposibilidad física, emocional y síquica de los menores para denunciar los hechos punibles realizados en su contra, máxime cuando con frecuencia, tales delitos son cometidos por integrantes de su propia familia, y en este escenario, las relaciones de jerarquía y subordinación, y los vínculos de amor, respeto, dependencia y miedo entre la víctima y el victimario, obstaculizan aún más el acto de denuncia; (ii) y segundo, la función que cumple este dispositivo dentro del sistema de protección de derechos de los menores, al ser el mecanismo por excelencia para la activación de la administración de justicia y del procedimiento administrativo de restablecimiento de derechos. - A su vez, la postulación de este deber es compatible con la garantía de no incriminación prevista en el artículo 33 de la Carta Política, por las siguientes razones: (i) el efecto jurídico específico de la previsión normativa no consiste en liberar a las personas de la obligación de declarar contra sus familiares, sino en otorgarles una salvaguardia especial, para que no puedan ser forzados, ni por vías directas ni por vías indirectas, a dar estas manifestaciones; por este motivo, propiamente hablando, el precepto constitucional versa sobre las actuaciones que pueden desplegar las autoridades para obtener las declaraciones incriminatorias, así como sobre los derechos que se derivan de tal limitación, y no sobre las excepciones al deber general de declarar; (ii) existe una diferencia sustantiva entre el derecho a la no auto incriminación, y el derecho a la no incriminación de los familiares próximos, pues obedecen a una finalidad, a una racionalidad y a una lógica distinta, y en consecuencia, su alcance y efectos jurídicos no pueden ser asimilados; en el primero de los casos, la referida garantía es un elemento estructural del derecho al debido proceso, porque a través del mismo se impide que las personas sean obligadas a suministrar los elementos de juicio que podrían determinar su responsabilidad, y por tanto, constituye un componente fundamental del derecho de defensa; en el segundo evento, por el contrario, la garantía de no incriminación atiende a la necesidad de proteger los vínculos familiares así como la autonomía y la intimidad de la familia, por lo que, en este escenario específico, la extensión del derecho previsto en el artículo 33 de la Carta Política, debe establecerse en función de tal finalidad; ahora bien, en la medida en que tales lazos desaparecen cuando están mediados por la violencia y el maltrato, y en la medida en que dicha intimidad debe ceder cuando se involucran asuntos públicos como la vulneración grave de los derechos fundamentales de los niños, la garantía de no incriminación no podría ser invocada ni utilizada para justificar el derecho a silenciar el maltrato y la violencia contra los menores de edad; (iii) el artículo 33 de la Carta Política no contiene una previsión específica sobre la denuncia, sino que se refiere en general a las declaraciones incriminatorias, y el primero de estos actos tiene particularidades y especificidades constitucionalmente relevantes asociadas a su aptitud para activar el sistema de protección de derechos, que justifica un régimen jurídico especial y diferenciado. - En este contexto, el artículo 68 de la Ley 906 de 2004 y el artículo 28 de la Ley 600 de 2000 será declarado exequible, pero en el entendido de que la excepción al deber de denuncia no comprende las hipótesis en las que la víctima del delito contra la vida, integridad, libertad individual o libertad y formación sexual es un niño, sin perjuicio de la garantía de no incriminación prevista en el artículo 33 del ordenamiento superior."
dependencia,DOC_0120,Corte Constitucional,2018.0,DOC_0120_S00109,"ea, señaló que no es inconstitucional que la JEP tenga la facultad de crear una",dependencia,adscrita a la Secretaría Técnica con el propósito de asegurar la participación,"En esta misma línea, señaló que no es inconstitucional que la JEP tenga la facultad de crear una dependencia adscrita a la Secretaría Técnica con el propósito de asegurar la participación de las víctimas."
dependencia,DOC_0120,Corte Constitucional,2018.0,DOC_0120_S00863,"Paz, en desarrollo de su autonomía para organizar sus labores, contará con una",dependencia,"adscrita a la Secretaría Ejecutiva, encargada de garantizar la participación de","Con el fin de garantizar la participación efectiva de las víctimas y los principios de eficacia, eficiencia, celeridad y economía procesal, la Jurisdicción Especial para la Paz, en desarrollo de su autonomía para organizar sus labores, contará con una dependencia adscrita a la Secretaría Ejecutiva, encargada de garantizar la participación de las víctimas y su representación especial ante las instancias de la Jurisdicción, de manera individual o colectiva."
dependencia,DOC_0120,Corte Constitucional,2018.0,DOC_0120_S00864,"En el cumplimiento de sus funciones, la",dependencia,de participación de víctimas podrá establecer convenios o alianzas con las enti,"En el cumplimiento de sus funciones, la dependencia de participación de víctimas podrá establecer convenios o alianzas con las entidades del Ministerio Público y la Unidad para las Víctimas para efectos de una acción coordinada de participación, defensoría pública, atención y reparación a víctimas”."
dependencia,DOC_0120,Corte Constitucional,2018.0,DOC_0120_S00865,"Si bien el parágrafo del artículo, atinente a la creación de una",dependencia,"adscrita a la Secretaría Ejecutiva, no fue estudiado en el primer debate, no se","Si bien el parágrafo del artículo, atinente a la creación de una dependencia adscrita a la Secretaría Ejecutiva, no fue estudiado en el primer debate, no se observa afectación de los principios de consecutividad e identidad flexible porque el aspecto incorporado guarda coherencia con el núcleo temático discutido a lo largo de todo el trámite legislativo y que tiene que ver con las medidas para garantizar la participación efectiva de las víctimas en las actuaciones de la JEP; además, dicho aspecto fue discutido en el curso de la aprobación del artículo 15, que también habla de los derechos de las víctimas, en el marco del literal c que establecía el derecho a recibir asesoría, orientación y representación judicial a través del sistema autónomo “bajo la coordinación de la Procuraduría General de la Nación, en aquellos casos en que las víctimas lo requieran” (literal b en el texto aprobado en sesión conjunta por las Comisiones Primeras)."
patrimonio,DOC_0120,Corte Constitucional,2018.0,DOC_0120_S02046,"a la reparación; (ii) segundo, la limitación legal se refiere exclusivamente al",patrimonio,personal de los miembros de los grupos armados que participaron en el conflicto,"Con todo, estima la Corte que los artículos transitorios 18 y 26 del Acto Legislativo “no configuran una liberación de la responsabilidad de los victimarios frente a las víctimas, teniendo en cuenta los siguientes elementos: (i) primero, que en el caso de los miembros de las FARC, la medida se encuentra precedida de la entrega de los bienes del grupo guerrillero, bienes que, a su turno, se encuentran destinados a la reparación; (ii) segundo, la limitación legal se refiere exclusivamente al patrimonio personal de los miembros de los grupos armados que participaron en el conflicto, de modo que si alguno de estos miembros actúa como testaferro del grupo como tal para ocultar sus bienes, no existe ningún título jurídico que impida perseguir los bienes correspondientes para reparar a las víctimas; (iii) por último, aunque efectivamente el Acto Legislativo 01 de 2017 dispone una liberación parcial de la responsabilidad de los victimarios frente a las víctimas, esta liberación opera únicamente frente al componente patrimonial de la reparación y no se extiende a los demás elementos de la misma, por lo cual, la contribución de los victimarios en estos otros frentes deberá aplicarse con mayor rigor”[574]."
dependencia,DOC_0120,Corte Constitucional,2018.0,DOC_0120_S02881,"Paz, en desarrollo de su autonomía para organizar sus labores, contará con una",dependencia,"adscrita a la Secretaría Ejecutiva, encargada de garantizar la participación de","Con el fin de garantizar la participación efectiva de las víctimas y los principios de eficacia, eficiencia, celeridad y economía procesal, la Jurisdicción Especial para la Paz, en desarrollo de su autonomía para organizar sus labores, contará con una dependencia adscrita a la Secretaría Ejecutiva, encargada de garantizar la participación de las víctimas y su representación especial ante las instancias de la Jurisdicción, de manera individual o colectiva."
dependencia,DOC_0120,Corte Constitucional,2018.0,DOC_0120_S02882,"En el cumplimiento de sus funciones, la",dependencia,de participación de víctimas podrá establecer convenios o alianzas con las enti,"En el cumplimiento de sus funciones, la dependencia de participación de víctimas podrá establecer convenios o alianzas con las entidades del Ministerio Público y la Unidad para las Víctimas para efectos de una acción coordinada de participación, defensoría pública, atención y reparación a víctimas."
dependencia,DOC_0120,Corte Constitucional,2018.0,DOC_0120_S02899,"y economía procesal contemplados en los artículos 2º y 209 C.P., contar con una",dependencia,adscrita a la Secretaría Ejecutiva que se encargará de garantizar la participac,"En relación con el parágrafo único del artículo 14 bajo estudio, la Corte no encuentra objeción alguna de constitucionalidad, puesto que se trata en principio de una medida orgánica y operativa, que permite, con la finalidad constitucional de garantizar la participación de las víctimas en la Jurisdicción Especial para la Paz, y de conformidad con los principios constitucionales de eficacia, eficiencia, celeridad y economía procesal contemplados en los artículos 2º y 209 C.P., contar con una dependencia adscrita a la Secretaría Ejecutiva que se encargará de garantizar la participación de las víctimas y su representación especial ante las instancias de la JEP, precisamente en atención a la naturaleza y objetivos de esta jurisdicción, razón por la que permite la suscripción de convenios o alianzas con las entidades del Ministerio Público y la Unidad para las Víctimas, con el objetivo de lograr una acción coordinada de participación, defensoría pública y reparación a las víctimas."
dependencia,DOC_0120,Corte Constitucional,2018.0,DOC_0120_S02911,"a presente Ley Estatutaria, como son la Procuraduría General de la Nación, y la",dependencia,de participación de víctimas adscrita a la Secretaría Ejecutiva de la JEP cread,"En consecuencia, para la Corte la participación de las víctimas se deberá llevar a cabo, primordialmente, a través de las entidades y mecanismos que prevé tanto el Acto Legislativo 01 de 2017 como la presente Ley Estatutaria, como son la Procuraduría General de la Nación, y la dependencia de participación de víctimas adscrita a la Secretaría Ejecutiva de la JEP creada en este parágrafo, y en coordinación con otras entidades como el Ministerio Público, la Unidad para las Víctimas, y otras organizaciones de víctimas o especializadas que cuenten con los criterios de idoneidad y experiencia para una representación técnica, en armonía con lo dispuesto por el artículo 29 de la Constitución."
dependencia,DOC_0120,Corte Constitucional,2018.0,DOC_0120_S02921,"y otras organizaciones de víctimas o especializadas, bajo la coordinación de la",dependencia,de participación de víctimas adscrita a la Secretaría Ejecutiva de esta Jurisdi,"Igualmente, el que la Jurisdicción Especial para la Paz y las demás entidades encargadas deberán garantizar la participación efectiva de las víctimas a través de la Procuraduría General de la Nación y la coadyuvancia de entidades como la Unidad de Víctimas y otras organizaciones de víctimas o especializadas, bajo la coordinación de la dependencia de participación de víctimas adscrita a la Secretaría Ejecutiva de esta Jurisdicción, bajo el principio de colaboración armónica –art.113 CP-, para garantizar la participación efectiva y los derechos de las víctimas, se deriva del inciso segundo y parágrafo único de la norma analizada."
dependencia,DOC_0120,Corte Constitucional,2018.0,DOC_0120_S02925,Estos mecanismos se desarrollan a través de la,dependencia,"de participación de las víctimas adscrita a la Secretaría Ejecutiva, en coordin","Estos mecanismos se desarrollan a través de la dependencia de participación de las víctimas adscrita a la Secretaría Ejecutiva, en coordinación con el Ministerio Público y en colaboración con la Unidad para las Víctimas y con organizaciones representativas de las víctimas."
dependencia,DOC_0120,Corte Constitucional,2018.0,DOC_0120_S02965,"ciones de víctimas representativas o especializadas, bajo la coordinación de la",dependencia,"de participación de víctimas adscrita a la Secretaría Ejecutiva de la JEP, de m","No obstante, se reitera en este punto lo expuesto en la parte motiva en el capítulo general sobre participación de víctimas[788] y en el anterior análisis realizado respecto del parágrafo único del artículo 14 de esta misma normativa, en cuanto a que la reglamentación procedimental de la representación de las víctimas ante la JEP deberá tener en cuenta que esta debe llevarse a cabo a través de las entidades contempladas por el Acto Legislativo 01 de 2017 y esta Ley Estatutaria, como la Procuraduría General de la Nación con la coadyuvancia de organismos del Ministerio Público, y entidades como la Unidad para las Víctimas y de organizaciones de víctimas representativas o especializadas, bajo la coordinación de la dependencia de participación de víctimas adscrita a la Secretaría Ejecutiva de la JEP, de manera que se logre una ponderación razonable entre una representación judicial coordinada, colectiva y organizada ante la JEP, dadas las características propias de la Jurisdicción Especial para la Paz y, la garantía de la eficacia, eficiencia, celeridad y coordinación en su funcionamiento, dado que la Constitución y la Ley Estatutaria de la JEP prevén esencialmente mecanismos de representación colectiva de víctimas para la gestión judicial de sus derechos, en tanto que con ello se logra una mayor optimización de las garantías de los derechos de las víctimas en la justicia transicional."
dependencia,DOC_0120,Corte Constitucional,2018.0,DOC_0120_S07151,"Paz, en desarrollo de su autonomía para organizar sus labores, contará con una",dependencia,"adscrita a la Secretaría Ejecutiva, encargada de garantizar la participación de","Con el fin de garantizar la participación efectiva de las víctimas y los principios de eficacia, eficiencia, celeridad y economía procesal, la Jurisdicción Especial para la Paz, en desarrollo de su autonomía para organizar sus labores, contará con una dependencia adscrita a la Secretaría Ejecutiva, encargada de garantizar la participación de las víctimas y su representación especial ante las instancias de la Jurisdicción, de manera individual o colectiva."
dependencia,DOC_0120,Corte Constitucional,2018.0,DOC_0120_S07152,"En el cumplimiento de sus funciones, la",dependencia,de participación de víctimas podrá establecer convenios o alianzas con las enti,"En el cumplimiento de sus funciones, la dependencia de participación de víctimas podrá establecer convenios o alianzas con las entidades del Ministerio Público y la Unidad para las Víctimas para efectos de una acción coordinada de participación, defensoría pública, atención y reparación a víctimas."
patrimonio,DOC_0145,Corte Constitucional,2023.0,DOC_0145_S00015,"bido proceso, protesta pacífica y confianza legítima, como mujer adulta mayor y",patrimonio,cultural de la cocina tradicional.,"SE ORDENE AL ALCALDE MUNICIPAL LA SUSPENSION DE LA OBRADEL (sic) PROYECTO MIRADOR DEL RIO Y LAS ORDENES A LA POLICIA DE EJERCER EL USO DE LA FUERZA PARA VIOLENTAR LA PROTESTA PACIFICA Y EN DERECHO IMPULSADA POR LAS MUJERES DE LA ASOCIACION PASEO DEL RIO, POR SER VIOLATORIAS DEL DECRETO 003 DE 2021, que proceda a revisar y de ser necesario ordenar de manera inmediata la suspensión, según sus valoraciones y estudios señor Juez, de las acciones ilegales que conllevan violación al debido proceso, protesta pacífica y confianza legítima, como mujer adulta mayor y patrimonio cultural de la cocina tradicional."
patrimonio,DOC_0145,Corte Constitucional,2023.0,DOC_0145_S00023,"se el paseo del rio, donde su base económica es el rio magdalena (sic) y son un",patrimonio,cultural inmaterial. (Estudio Por una firma especializada) · El estudio mediant,"Que Se Ordene Al ALCALDE DE BARRANCABERMEJA ALFONSOELJACH (sic) MANRIQUE de manera inmediata, dar cumplimiento al acta de fecha 11 de mayo entregando la totalidad de la información que relaciono a continuación: · El estudio de prefactibilidad y factibilidad socioeconómico y técnico del proyecto Mirador del rio, donde se determina porque construir 52 cocinas y porque motivo debe destruirse el paseo del rio, donde su base económica es el rio magdalena (sic) y son un patrimonio cultural inmaterial. (Estudio Por una firma especializada) · El estudio mediante el cual se determina la reubicación de las mujeres del paseo del rio, donde se garantice que dicha reubicación no genera perdida de los clientes, y afectación al mínimo vital, (Estudio por una firma especializada) · Copia del proceso precontractual del tablestacado del muelle. · Copia del estudio del área de influencia de los bienes de interés cultural BIC Cuartel de la Policía del Muelle, y del Hotel Pipaton. 5."
patrimonio,DOC_0145,Corte Constitucional,2023.0,DOC_0145_S00102,"paseo del rio (sic), donde su base económica es el rio magdalena (sic) y son un",patrimonio,cultural inmaterial. (Estudio Por una firma especializada) • El estudio mediant,"Que Se Ordene Al ALCALDE DE BARRANCABERMEJA ALFONSOELJACH MANRIQUE de manera inmediata, dar cumplimiento al acta de fecha 11 de mayo entregando la totalidad de la información que relaciono a continuación: • El estudio de prefactibilidad y factibilidad socioeconómico y técnico del proyecto Mirador del rio, donde se determina porque construir 52 cocinas y porque motivo debe destruirse el paseo del rio (sic), donde su base económica es el rio magdalena (sic) y son un patrimonio cultural inmaterial. (Estudio Por una firma especializada) • El estudio mediante el cual se determina la reubicación de las mujeres del paseo del rio (sic), donde se garantice que dicha reubicación no genera perdida de los clientes, y afectación al mínimo vital, (Estudio por una firma especializada) • Copia del proceso precontractual del tablestacado del muelle. • Copia del estudio del área de influencia de los bienes de interés cultural BIC Cuartel de la Policía del Muelle, y del Hotel Pipaton. 5."
patrimonio,DOC_0145,Corte Constitucional,2023.0,DOC_0145_S00109,"paseo del rio (sic), donde su base económica es el rio magdalena (sic) y son un",patrimonio,cultural inmaterial. (Estudio Por una firma especializada) • El estudio mediant,"Que se Ordene al ALCALDE DE BARRANCABERMEJA ALFONSO ELJACH MANRIQUE de manera inmediata, dar cumplimiento al acta de fecha 11 de mayo entregando la totalidad de la información que relaciono a continuación: • El estudio de prefactibilidad y factibilidad socioeconómico y técnico del proyecto Mirador del rio, donde se determina porque construir 52 cocinas y porque motivo debe destruirse el paseo del rio (sic), donde su base económica es el rio magdalena (sic) y son un patrimonio cultural inmaterial. (Estudio Por una firma especializada) • El estudio mediante el cual se determina la reubicación de las mujeres del paseo del rio (sic), donde se garantice que dicha reubicación no genera perdida de los clientes, y afectación al mínimo vital, (Estudio por una firma especializada) • Copia del proceso precontractual del tablestacado del muelle. • Copia del estudio del área de influencia de los bienes de interés cultural BIC Cuartel de la Policía del Muelle, y del Hotel Pipaton. 5."
patrimonio,DOC_0145,Corte Constitucional,2023.0,DOC_0145_S00121,"struirse el paseo del rio, donde su base económica es el rio magdalena y son un",patrimonio,cultural inmaterial. (Estudio Por una firma especializada) • El estudio mediant,"Que Se Ordene Al ALCALDE DE BARRANCABERMEJAALFONSO ELJACH MANRIQUE de manera inmediata, dar cumplimiento al acta de fecha 11 de mayo entregando la totalidad de la información que relaciono a continuación: • El estudio de prefactibilidad y factibilidad socioeconómico y técnico del proyecto Mirador del rio, donde se determina porque construir 52 cocinas y porque motivo debe destruirse el paseo del rio, donde su base económica es el rio magdalena y son un patrimonio cultural inmaterial. (Estudio Por una firma especializada) • El estudio mediante el cual se determina la reubicación de las mujeres del paseo del rio, donde se garantice que dicha reubicación no genera perdida de los clientes, y afectación al mínimo vital, (Estudio por una firma especializada) • Copia del proceso precontractual del tablestacado del muelle. • Copia del estudio del área de influencia de los bienes de interés cultural BIC Cuartel de la Policía del Muelle, y del Hotel Pipaton. 5."
patrimonio,DOC_0145,Corte Constitucional,2023.0,DOC_0145_S00136,"rse el paseo del rio, donde su base económica es el rio magdalena(sic) y son un",patrimonio,cultural inmaterial. (Estudio Por una firma especializada);El estudio mediante,"Los documentos solicitados fueron los siguientes: «El estudio de prefactibilidad y factibilidad socioeconómico y técnico del proyecto Mirador del rio, donde se determina porque construir 52 cocinas y porque motivo debe destruirse el paseo del rio, donde su base económica es el rio magdalena(sic) y son un patrimonio cultural inmaterial. (Estudio Por una firma especializada);El estudio mediante el cual se determina la reubicación de las mujeres del paseo del rio (sic), donde se garantice que dicha reubicación no genera perdida (sic) de los clientes, y afectación al mínimo vital, (Estudio por una firma especializada); Copia del proceso precontractual del tablestacado del muelle; y Copia del estudio del área de influencia de los bienes de interés cultural BIC Cuartel de la Policía del Muelle, y del Hotel Pipaton»[54]. (ii) que el 22 de junio de 2023, el alcalde de Barrancabermeja convocó a las 7:30 pm un consejo de seguridad, sin aprobación del Ministerio Público ni de la Personería Distrital, el cual procedió a media noche « (…) a realizar un desalojo de la protesta pacífica de nosotras las mujeres con el ESMAD de la policía, un procedimiento ilegal, que atenta contra nuestro derecho al trabajo, hoy tuvimos que cerrar nuestros negocios para evitar la construcción de un proyecto que viola la ley y nuestros derechos (…)»[55]."
patrimonio,DOC_0145,Corte Constitucional,2023.0,DOC_0145_S00151,"De igual modo expresó que, el 15 de mayo de 2023, el Consejo Departamental de",Patrimonio,Cultural de Santander certificó que las mujeres del paseo del Rio deben salvagu,"De igual modo expresó que, el 15 de mayo de 2023, el Consejo Departamental de Patrimonio Cultural de Santander certificó que las mujeres del paseo del Rio deben salvaguardarse como patrimonio cultural inmaterial de la región."
patrimonio,DOC_0145,Corte Constitucional,2023.0,DOC_0145_S00153,"struirse el paseo del rio, donde su base económica es el rio magdalena y son un",patrimonio,cultural inmaterial. (Estudio Por una firma especializada) 2.El estudio mediant,"Folio 8. [5] «1 (…) estudio de prefactibilidad y factibilidad socioeconómico y técnico del proyecto Mirador del rio, donde se determina porque construir 52 cocinas y porque motivo debe destruirse el paseo del rio, donde su base económica es el rio magdalena y son un patrimonio cultural inmaterial. (Estudio Por una firma especializada) 2.El estudio mediante el cual se determina la reubicación de las mujeres del paseo del rio, donde se garantice que dicha reubicación no genera perdida de los clientes, y afectación al mínimo vital, (Estudio por una firma especializada) 3.Copia del proceso precontractual del tablestacado del muelle. 4.Copia del estudio del área de influencia de los bienes»."
patrimonio,DOC_0149,Corte Constitucional,2008.0,DOC_0149_S00025,apoyo material y social; (viii) el riesgo de ser despojadas de sus tierras y su,patrimonio,con mayor facilidad por los actores armados ilegales dada su posición histórica,"Estos riesgos son: (i) el riesgo de violencia sexual, explotación sexual o abuso sexual en el marco del conflicto armado; (ii) el riesgo de explotación o esclavización para ejercer labores domésticas y roles considerados femeninos en una sociedad con rasgos patriarcales, por parte de los actores armados ilegales; (iii) el riesgo de reclutamiento forzado de sus hijos e hijas por los actores armados al margen de la ley, o de otro tipo de amenazas contra ellos, que se hace más grave cuando la mujer es cabeza de familia; (iv) los riesgos derivados del contacto o de las relaciones familiares o personales-voluntarias, accidentales o presuntas-con los integrantes de alguno de los grupos armados ilegales que operan en el país o con miembros de la Fuerza Pública, principalmente por señalamientos o retaliaciones efectuados a posteriori por los bandos ilegales enemigos; (v) los riesgos derivados de su pertenencia a organizaciones sociales, comunitarias o políticas de mujeres, o de sus labores de liderazgo y promoción de los derechos humanos en zonas afectadas por el conflicto armado; (vi) el riesgo de persecución y asesinato por las estrategias de control coercitivo del comportamiento público y privado de las personas que implementan los grupos armados ilegales en extensas áreas del territorio nacional; (vii) el riesgo por el asesinato o desaparición de su proveedor económico o por la desintegración de sus grupos familiares y de sus redes de apoyo material y social; (viii) el riesgo de ser despojadas de sus tierras y su patrimonio con mayor facilidad por los actores armados ilegales dada su posición histórica ante la propiedad, especialmente las propiedades inmuebles rurales; (ix) los riesgos derivados de la condición de discriminación y vulnerabilidad acentuada de las mujeres indígenas y afrodescendientes; y (x) el riesgo por la pérdida o ausencia de su compañero o proveedor económico durante el proceso de desplazamiento."
patrimonio,DOC_0149,Corte Constitucional,2008.0,DOC_0149_S00039,los agravados en el acceso a la propiedad de la tierra y en la protección de su,patrimonio,"hacia el futuro, especialmente en los planes de retorno y reubicación; (ix) los","En la categoría (1) se cuentan los riesgos acentuados de las mujeres desplazadas de ser víctimas de patrones estructurales de violencia y discriminación de género tales como (i) la violencia y el abuso sexuales, incluida la prostitución forzada, la esclavitud sexual o la trata de personas con fines de explotación sexual; (ii) la violencia intrafamiliar y la violencia comunitaria por motivos de género; (iii) el desconocimiento y vulneración de su derecho a la salud y especialmente de sus derechos sexuales y reproductivos a todo nivel, con particular gravedad en el caso de las niñas y adolescentes pero también de las mujeres gestantes y lactantes; (iv) la asunción del rol de jefatura de hogar femenina sin las condiciones de subsistencia material mínimas requeridas por el principio de dignidad humana, con especiales complicaciones en casos de mujeres con niños pequeños, mujeres con problemas de salud, mujeres con discapacidad o adultas mayores; (v) obstáculos agravados en el acceso al sistema educativo; (vi) obstáculos agravados en la inserción al sistema económico y en el acceso a oportunidades laborales y productivas; (vii) la explotación doméstica y laboral, incluida la trata de personas con fines de explotación económica; (viii) obstáculos agravados en el acceso a la propiedad de la tierra y en la protección de su patrimonio hacia el futuro, especialmente en los planes de retorno y reubicación; (ix) los cuadros de discriminación social aguda de las mujeres indígenas y afrodescendientes desplazadas; (x) la violencia contra las mujeres líderes o que adquieren visibilidad pública por sus labores de promoción social, cívica o de los derechos humanos; (xi) la discriminación en su inserción a espacios públicos y políticos, con impacto especial sobre su derecho a la participación; y (xii) el desconocimiento frontal de sus derechos como víctimas del conflicto armado a la justicia, la verdad, la reparación y la garantía de no repetición."
patrimonio,DOC_0149,Corte Constitucional,2008.0,DOC_0149_S00110,apoyo material y social; (viii) el riesgo de ser despojadas de sus tierras y su,patrimonio,con mayor facilidad por los actores armados ilegales dada su posición histórica,"La violencia ejercida en el conflicto armado interno colombiano victimiza de manera diferencial y agudizada a las mujeres, porque (a) por causa de su condición de género, las mujeres están expuestas a riesgos particulares y vulnerabilidades específicas dentro del conflicto armado, que a su vez son causas de desplazamiento, y por lo mismo explican en su conjunto el impacto desproporcionado del desplazamiento forzado sobre las mujeres-a saber: (i) el riesgo de violencia sexual, explotación sexual o abuso sexual en el marco del conflicto armado; (ii) el riesgo de explotación o esclavización para ejercer labores domésticas y roles considerados femeninos en una sociedad con rasgos patriarcales, por parte de los actores armados ilegales; (iii) el riesgo de reclutamiento forzado de sus hijos e hijas por los actores armados al margen de la ley, o de otro tipo de amenazas contra ellos, que se hace más grave cuando la mujer es cabeza de familia; (iv) los riesgos derivados del contacto o de las relaciones familiares o personales-voluntarias, accidentales o presuntas-con los integrantes de alguno de los grupos armados ilegales que operan en el país o con miembros de la Fuerza Pública, principalmente por señalamientos o retaliaciones efectuados a posteriori por los bandos ilegales enemigos; (v) los riesgos derivados de su pertenencia a organizaciones sociales, comunitarias o políticas de mujeres, o de sus labores de liderazgo y promoción de los derechos humanos en zonas afectadas por el conflicto armado; (vi) el riesgo de persecución y asesinato por las estrategias de control coercitivo del comportamiento público y privado de las personas que implementan los grupos armados ilegales en extensas áreas del territorio nacional; (vii) el riesgo por el asesinato o desaparición de su proveedor económico o por la desintegración de sus grupos familiares y de sus redes de apoyo material y social; (viii) el riesgo de ser despojadas de sus tierras y su patrimonio con mayor facilidad por los actores armados ilegales dada su posición histórica ante la propiedad, especialmente las propiedades inmuebles rurales; (ix) los riesgos derivados de la condición de discriminación y vulnerabilidad acentuada de las mujeres indígenas y afrodescendientes; y (x) el riesgo por la pérdida o ausencia de su compañero o proveedor económico durante el proceso de desplazamiento-; y (b) como víctimas sobrevivientes de actos violentos que se ven forzadas a asumir roles familiares, económicos y sociales distintos a los acostumbrados, las mujeres deben sobrellevar cargas materiales y psicológicas de naturaleza extrema y abrupta, que no afectan de igual manera a los hombres."
patrimonio,DOC_0149,Corte Constitucional,2008.0,DOC_0149_S00121,los agravados en el acceso a la propiedad de la tierra y en la protección de su,patrimonio,"hacia el futuro, especialmente en los planes de retorno y reubicación; (ix) los","En la categoría (1) se cuentan los riesgos acentuados de las mujeres desplazadas de ser víctimas de patrones estructurales de violencia y discriminación de género tales como (i) la violencia y el abuso sexuales, incluida la prostitución forzada, la esclavitud sexual o la trata de personas con fines de explotación sexual; (ii) la violencia intrafamiliar y la violencia comunitaria por motivos de género; (iii) el desconocimiento y vulneración de su derecho a la salud y especialmente de sus derechos sexuales y reproductivos a todo nivel, con particular gravedad en el caso de las niñas y adolescentes pero también de las mujeres gestantes y lactantes; (iv) la asunción del rol de jefatura de hogar femenina sin las condiciones de subsistencia material mínimas requeridas por el principio de dignidad humana, con especiales complicaciones en casos de mujeres con niños pequeños, mujeres con problemas de salud, mujeres con discapacidad o adultas mayores; (v) obstáculos agravados en el acceso al sistema educativo; (vi) obstáculos agravados en la inserción al sistema económico y en el acceso a oportunidades laborales y productivas; (vii) la explotación doméstica y laboral, incluida la trata de personas con fines de explotación económica; (viii) obstáculos agravados en el acceso a la propiedad de la tierra y en la protección de su patrimonio hacia el futuro, especialmente en los planes de retorno y reubicación; (ix) los cuadros de discriminación social aguda de las mujeres indígenas y afrodescendientes desplazadas; (x) la violencia contra las mujeres líderes o que adquieren visibilidad pública por sus labores de promoción social, cívica o de los derechos humanos; (xi) la discriminación en su inserción a espacios públicos y políticos, con impacto especial sobre su derecho a la participación; y (xii) el desconocimiento frontal de sus derechos como víctimas del conflicto armado a la justicia, la verdad, la reparación y la garantía de no repetición."
dependencia,DOC_0149,Corte Constitucional,2008.0,DOC_0149_S00270,"te y aún prevalecen en amplias extensiones del país, traen como consecuencia la",dependencia,"material y económica de muchas mujeres frente a los hombres de sus familias, qu","Las estructuras patriarcales de la familia y las formas productivas que se han configurado históricamente y aún prevalecen en amplias extensiones del país, traen como consecuencia la dependencia material y económica de muchas mujeres frente a los hombres de sus familias, que son sus proveedores y sus protectores al cumplir roles tradicionalmente considerados como masculinos en los espacios públicos y de producción."
patrimonio,DOC_0149,Corte Constitucional,2008.0,DOC_0149_S00279,"a propiedad de la tierra, para conocer sus derechos reales o la extensión de su",patrimonio,", para contar con los títulos necesarios o con las pruebas de posesión requerida","Como consecuencia de este rasgo estructural, las mujeres enfrentan diversos obstáculos para acreditar la propiedad de la tierra, para conocer sus derechos reales o la extensión de su patrimonio, para contar con los títulos necesarios o con las pruebas de posesión requeridas, incluso para acreditar la relación de pareja con su proveedor, etc."
patrimonio,DOC_0149,Corte Constitucional,2008.0,DOC_0149_S00284,enta el riesgo de las mujeres propietarias o poseedoras de ser despojadas de su,patrimonio,"por los grupos armados con gran facilidad, principalmente a través de coaccione","La propiedad sobre bienes inmuebles ejercida en estas condiciones aumenta el riesgo de las mujeres propietarias o poseedoras de ser despojadas de su patrimonio por los grupos armados con gran facilidad, principalmente a través de coacciones y amenazas que generan su desplazamiento forzado, o de ventas forzadas en condiciones inequitativas y otras maniobras delictivas que, al generar despojo patrimonial, causan a su turno el desplazamiento de las mujeres afectadas."
patrimonio,DOC_0149,Corte Constitucional,2008.0,DOC_0149_S00288,"ujeres en las medidas legales, institucionales y comunitarias de protección del",patrimonio,de la población en situación de desplazamiento forzado o en riesgo de ser despl,"En este sentido, no se definen estrategias de igualdad de oportunidades y de acción afirmativa para las mujeres en las medidas legales, institucionales y comunitarias de protección del patrimonio de la población en situación de desplazamiento forzado o en riesgo de ser desplazada”."
patrimonio,DOC_0149,Corte Constitucional,2008.0,DOC_0149_S00310,"n las incertidumbres por el futuro, habiendo dejado atrás sus pertenencias y su",patrimonio,", llegando a entornos desconocidos y con responsabilidades nuevas que a su turno","Así, por ejemplo, las mujeres que han sido víctimas del asesinato de sus familiares no sólo deben experimentar el dolor propio de la pérdida, sino también las incertidumbres por el futuro, habiendo dejado atrás sus pertenencias y su patrimonio, llegando a entornos desconocidos y con responsabilidades nuevas que a su turno les imponen serias cargas emocionales y anímicas."
patrimonio,DOC_0149,Corte Constitucional,2008.0,DOC_0149_S00320,l marco del conflicto armado-los riesgos de violencia sexual y de despojo de su,patrimonio,"inmueble-, las cuales se reseñan y valoran a continuación.","Ahora bien, independientemente de la carencia de pertinencia de la información que presentó la subdirectora de atención a la población desplazada a la Corte Constitucional en su reporte sobre protección de los derechos de las mujeres desplazadas por la violencia, la Sala ha sido advertida por distintas fuentes sobre algunas acciones puntuales adoptadas por distintas entidades estatales en relación con dos de los riesgos de género en el marco del conflicto armado-los riesgos de violencia sexual y de despojo de su patrimonio inmueble-, las cuales se reseñan y valoran a continuación."
patrimonio,DOC_0149,Corte Constitucional,2008.0,DOC_0149_S00385,los agravados en el acceso a la propiedad de la tierra y en la protección de su,patrimonio,"hacia el futuro, especialmente en los planes de retorno y reubicación; (9) los","En efecto, ante la Sala ha sido probado con detalle que las mujeres desplazadas sufren un impacto agravado y especialmente profundo de los siguientes patrones estructurales de violencia y discriminación de género de la sociedad colombiana: (1) la violencia y el abuso sexuales, incluida la prostitución forzada, la esclavitud sexual o la trata de personas con fines de explotación sexual; (2) la violencia intrafamiliar y la violencia comunitaria por motivos de género; (3) el desconocimiento y vulneración de su derecho a la salud y especialmente de sus derechos sexuales y reproductivos a todo nivel, con particular gravedad en el caso de las niñas y adolescentes pero también de las mujeres gestantes y lactantes; (4) la jefatura de hogar femenina sin las condiciones de subsistencia material mínimas requeridas por el principio de dignidad humana, con especiales complicaciones en casos de mujeres con niños pequeños, mujeres con problemas de salud, mujeres con discapacidad o adultas mayores; (5) obstáculos agravados en el acceso al sistema educativo; (6) obstáculos agravados en la inserción al sistema económico y en el acceso a oportunidades laborales y productivas; (7) la explotación doméstica y laboral, incluida la trata de personas con fines de explotación económica; (8) obstáculos agravados en el acceso a la propiedad de la tierra y en la protección de su patrimonio hacia el futuro, especialmente en los planes de retorno y reubicación; (9) los cuadros de discriminación social aguda de las mujeres indígenas y afrodescendientes desplazadas; (10) la violencia contra las mujeres líderes o que adquieren visibilidad pública por sus labores de promoción social, cívica o de los derechos humanos; (11) la discriminación en su inserción a espacios públicos y políticos, con impacto especial sobre su derecho a la participación; y (12) el desconocimiento frontal de sus derechos como víctimas del conflicto armado a la justicia, la verdad y la reparación."
patrimonio,DOC_0149,Corte Constitucional,2008.0,DOC_0149_S00528,"o en los planes de retorno y reubicación, como en las medidas de protección del",patrimonio,inmueble hacia el futuro.,"La posición asimétrica de las mujeres colombianas frente a la propiedad de la tierra, además de ser uno de los riesgos de género específicos a los que están expuestas en el marco del conflicto armado, constituye un patrón estructural de discriminación preexistente en la sociedad colombiana, y agravado en el caso de las mujeres desplazadas por la violencia, por cuanto la política pública de atención a la población desplazada carece de acciones afirmativas orientadas a subsanar dicha inequidad a través de medidas que reconozcan la discriminación de hecho que las aqueja y promuevan una real igualdad de oportunidades, tanto en los planes de retorno y reubicación, como en las medidas de protección del patrimonio inmueble hacia el futuro."
patrimonio,DOC_0149,Corte Constitucional,2008.0,DOC_0149_S00726,"en el acceso a la propiedad de la tierra, a la vivienda y en la protección del",patrimonio,"de las mujeres desplazadas hacia el futuro, especialmente en los planes de reto","Respuesta estatal a la profundización de los obstáculos en el acceso a la propiedad de la tierra, a la vivienda y en la protección del patrimonio de las mujeres desplazadas hacia el futuro, especialmente en los planes de retorno y reubicación."
patrimonio,DOC_0149,Corte Constitucional,2008.0,DOC_0149_S00828,s desplazadas en el acceso a la propiedad de la tierra y en la protección de su,patrimonio,"hacia el futuro, especialmente en los planes de retorno y reubicación, constitu","Los obstáculos agravados que deben afrontar las mujeres desplazadas en el acceso a la propiedad de la tierra y en la protección de su patrimonio hacia el futuro, especialmente en los planes de retorno y reubicación, constituyen un desconocimiento de las obligaciones estatales codificadas en el Principio Rector No. 29, de conformidad con el cual “las autoridades competentes tienen la obligación y la responsabilidad de prestar asistencia a los desplazados internos que hayan regresado o se hayan reasentado en otra parte, para la recuperación, en la medida de lo posible, de las propiedades o posesiones que abandonaron o de las que fueron desposeídos cuando se desplazaron."
patrimonio,DOC_0149,Corte Constitucional,2008.0,DOC_0149_S00829,ias para garantizar que las mujeres desplazadas sean objeto de protección de su,patrimonio,"inmueble hacia el futuro, garantizando su acceso a la propiedad en condiciones","Si esa recuperación es imposible, las autoridades competentes concederán a esas personas una indemnización adecuada u otra forma de reparación justa o les prestarán asistencia para que la obtengan.” Esta disposición, leída a la luz de lo dispuesto en el Principio 4 sobre el trato especial del que han de ser objeto las mujeres desplazadas dadas sus especiales condiciones de vulnerabilidad, en particular frente a la propiedad inmueble, se traduce en un deber particularmente apremiante en cabeza del Estado de adoptar las medidas necesarias para garantizar que las mujeres desplazadas sean objeto de protección de su patrimonio inmueble hacia el futuro, garantizando su acceso a la propiedad en condiciones de igualdad con los hombres dentro de los planes de retorno y reubicación mediante acciones afirmativas que combatan los obstáculos de fondo que les impiden acceder a tal igualdad."
patrimonio,DOC_0149,Corte Constitucional,2008.0,DOC_0149_S00896,de apoyo material y social; (h) el riesgo de ser despojadas de sus tierras y su,patrimonio,con mayor facilidad por los actores armados ilegales dada su posición histórica,"Es decir, el Programa debe contar con componentes específicos para la prevención concreta de los diez riesgos extraordinarios de género en el marco del conflicto armado, a saber: (a) el riesgo de violencia sexual, explotación sexual o abuso sexual en el marco del conflicto armado, en tanto factores causales del impacto desproporcionado del desplazamiento forzado sobre las mujeres; (b) el riesgo de explotación o esclavización para ejercer labores domésticas y roles considerados como femeninos en una sociedad con rasgos patriarcales, por parte de los actores armados ilegales; (c) el riesgo de reclutamiento forzado de sus hijos e hijas por los actores armados al margen de la ley, o de otro tipo de amenazas contra ellos, que se hace más grave cuando la mujer es cabeza de familia; (d) los riesgos derivados del contacto o de las relaciones familiares o personales-voluntarias, accidentales o presuntas-con los integrantes de alguno de los grupos armados ilegales que operan en el país o con miembros de la Fuerza Pública, principalmente por señalamientos o retaliaciones efectuados a posteriori por los bandos ilegales enemigos; (e) los riesgos derivados de su pertenencia a organizaciones sociales, comunitarias o políticas de mujeres, o de sus labores de liderazgo y promoción de los derechos humanos en zonas afectadas por el conflicto armado; (f) el riesgo de persecución y asesinato por las estrategias de control coercitivo del comportamiento público y privado de las personas que implementan los grupos armados ilegales en extensas áreas del territorio nacional; (g) el riesgo por el asesinato o desaparición de su proveedor económico o por la desintegración de sus grupos familiares y de sus redes de apoyo material y social; (h) el riesgo de ser despojadas de sus tierras y su patrimonio con mayor facilidad por los actores armados ilegales dada su posición histórica ante la propiedad, especialmente las propiedades inmuebles rurales; (i) los riesgos derivados de la condición de discriminación y vulnerabilidad acentuada de las mujeres indígenas y afrodescendientes; y (j) el riesgo por la pérdida o ausencia de su compañero o proveedor económico durante el proceso de desplazamiento."
dependencia,DOC_0159,Corte Suprema de Justicia,2017.0,DOC_0159_S00153,"bre del año 2023 (2018), indicará que desde esa fecha si bien fue enviada a una",dependencia,"de la Brigada 27, y desde esa fecha cambia el superior de ella y por supuesto,","Según la defensa, este documento evidencia que la Subteniente María del Mar Cabrera fue trasladada al Batallón No. 27 a partir del 17 de septiembre del año 2023 (2018), indicará que desde esa fecha si bien fue enviada a una dependencia de la Brigada 27, y desde esa fecha cambia el superior de ella y por supuesto, a juicio del defensor, esto es un indicativo de que desde ese momento también cesa cualquier forma de contacto entre el General YUBER ARANGUREN y la presunta víctima. 3.3.1.5. (5 n.d.) Radiograma No. 20185165446853 del 25 de septiembre de 2018 de traslado a la Sexta División."
dependencia,DOC_0159,Corte Suprema de Justicia,2017.0,DOC_0159_S00184,"í, advierte el defensor, que esa reunión se realizó con acompañamiento de dicha",dependencia,y se podrá demostrar que eso era lo que la Oficina de Género y los protocolos o,"Tan es así, advierte el defensor, que esa reunión se realizó con acompañamiento de dicha dependencia y se podrá demostrar que eso era lo que la Oficina de Género y los protocolos ordenaban y recomendaban."
dependencia,DOC_0159,Corte Suprema de Justicia,2017.0,DOC_0159_S00241,"o de arma, indicó en valoraciones ante funcionarios del Ejército Nacional de la",dependencia,"de Sanidad, que se encontraba en perfectas y óptimas condiciones.","Según la defensa, el documento rotulado como 3.4.1.10. fue el examen médico que presentó la Teniente María del Mar Cabrera, que incluye además valoración de plena capacidad y condiciones psicológicas y psiquiátricas a efectos de obtener el ascenso de Teniente y el 3.4.1.11. se trata de exámenes que presentó la víctima para cambio de arma, advirtiendo que la pertinencia de estos documentos, permitirán observar cómo la hoy Teniente Cabrera Caviedes con posterioridad a los hechos, a efectos de obtener su ascenso y el cambio de arma, indicó en valoraciones ante funcionarios del Ejército Nacional de la dependencia de Sanidad, que se encontraba en perfectas y óptimas condiciones."
patrimonio,DOC_0167,Corte Constitucional,2019.0,DOC_0167_S00558,8 y 29)[256]; y (iii) los Principios sobre la Restitución de las Viviendas y el,Patrimonio,de los Refugiados y las Personas Desplazadas (Principios Pinheiro)[257].,"El contenido y el alcance de las obligaciones del Estado se han precisado a partir de: (i) los Principios y Directrices básicos sobre el derecho de las víctimas a interponer recursos y obtener reparaciones; (ii) los Principios Rectores de los Desplazamientos Internos (principios 21, 28 y 29)[256]; y (iii) los Principios sobre la Restitución de las Viviendas y el Patrimonio de los Refugiados y las Personas Desplazadas (Principios Pinheiro)[257]."
patrimonio,DOC_0168,Consejo de Estado,2017.0,DOC_0168_S00091,la Sala deberá determinar i) si la acción popular se promovió para proteger el,patrimonio,"público, la seguridad y la paz; y ii) si en el ámbito de las negociaciones del","De acuerdo con el recurso de apelación, la Sala deberá determinar i) si la acción popular se promovió para proteger el patrimonio público, la seguridad y la paz; y ii) si en el ámbito de las negociaciones del Acuerdo General para la Terminación del Conflicto y la Construcción de la Paz Estable y Duradera, se permitió la participación de los colombianos, así como de las víctimas en la Mesa de Diálogos de La Habana y, finalmente, si el mismo contempla una protección de las víctimas del conflicto. 51."
dependencia,DOC_0175,Consejo de Estado,2018.0,DOC_0175_S00021,"ntre el sentenciado y la víctima, toda vez que si bien se comprobó que hubo una",dependencia,"sentimental, la misma, a criterio del fallador de segunda instancia, no tuvo la","Se puede concluir que si bien se declaró la atipicidad de la conducta, la misma se basó en la duda, respecto al alcance de la relación sostenida entre el sentenciado y la víctima, toda vez que si bien se comprobó que hubo una dependencia sentimental, la misma, a criterio del fallador de segunda instancia, no tuvo la incidencia para conformar familia, en razón que, como el imputado ya contaba con otra relación, no se cumple con el criterio de singularidad, para conformar familia, en ese sentido para el fallador de segundo grado no se cumplió con el ingrediente normativo relativo a que las lesiones recayeran en algún miembro del núcleo familiar de Marco Antonio Romero García. (…) Si bien en principio, podría decirse que en el caso en concreto se acude al título de imputación objetivo como lo es el daño especial, ante la afirmación del Tribunal Superior de Tunja, relativa a la atipicidad de la conducta del señor Marco Antonio Romero García, lo cierto es que la Sala no encuentra que esa atipicidad fuera latente en el principio del proceso penal-en especial al momento de imponerse la medida de aseguramiento-pues solo fue hasta la práctica del testimonio de la señora María Virginia Espitia Montenegro, en el juicio oral, que se determinó que ante las múltiples relaciones sentimentales del señor Marco Antonio Romero García, no podía este constituir familia como lo precisó el a quem penal."
dependencia,DOC_0175,Consejo de Estado,2018.0,DOC_0175_S00342,"ntre el sentenciado y la víctima, toda vez que si bien se comprobó que hubo una",dependencia,"sentimental, la misma, a criterio del fallador de segunda instancia, no tuvo la","De las aseveraciones del Tribunal Superior de Tunja- Sala Penal, se puede concluir que si bien se declaró la atipicidad de la conducta, la misma se basó en la duda, respecto al alcance de la relación sostenida entre el sentenciado y la víctima, toda vez que si bien se comprobó que hubo una dependencia sentimental, la misma, a criterio del fallador de segunda instancia, no tuvo la incidencia para conformar familia, en razón que, como el imputado ya contaba con otra relación, no se cumple con el criterio de singularidad, para conformar familia, en ese sentido para el fallador de segundo grado no se cumplió con el ingrediente normativo relativo a que las lesiones recayeran en algún miembro del núcleo familiar de Marco Antonio Romero García. 143."
patrimonio,DOC_0188,Corte Suprema de Justicia,2016.0,DOC_0188_S00228,"conocer que la conducta ilícita, en ocasiones, además de producir afectación al",patrimonio,"de la víctima, la salud, o la integridad psicológica, altera, en forma trascend","De esa manera, surge la necesidad de reconocer que la conducta ilícita, en ocasiones, además de producir afectación al patrimonio de la víctima, la salud, o la integridad psicológica, altera, en forma trascendental, el modo como el individuo se relaciona social, familiar, laboral y afectivamente, siendo ésta una categoría que continúa en construcción y que ha sido denominada: el daño a la vida de relación."
dependencia,DOC_0188,Corte Suprema de Justicia,2016.0,DOC_0188_S00332,"ento de sus madres, lo cual confluye en la ausencia del requisito referido a la",dependencia,económica que le corresponde acreditar a la víctima indirecta.,"Más aún, tampoco es dable presumir que una vez estas mujeres comenzaran a percibir alguna suma de dinero por concepto de trabajo, la utilizarían para el sostenimiento de sus madres, lo cual confluye en la ausencia del requisito referido a la dependencia económica que le corresponde acreditar a la víctima indirecta."
patrimonio,DOC_0188,Corte Suprema de Justicia,2016.0,DOC_0188_S00402,"ación integral de quienes tienen derecho, al mismo tiempo que se salvaguarda el",patrimonio,público.,"No obstante, se aprovecha la oportunidad para llamar la atención de las Salas de Conocimiento de Justicia y Paz, así como de quienes intervienen en representación de la Fiscalía General de la Nación, para que, las primeras, decidan con mayor cuidado el reconocimiento y liquidación de los perjuicios ocasionados a las víctimas, y los segundos, interpongan los recursos al advertir inconsistencias en estos conceptos, pues de esa manera el Estado logrará mayor cobertura en la reparación integral de quienes tienen derecho, al mismo tiempo que se salvaguarda el patrimonio público."
patrimonio,DOC_0188,Corte Suprema de Justicia,2016.0,DOC_0188_S00479,"o, se hubiera visto impelida a hacer erogaciones que causaran un desmedro en su",patrimonio,.,"Ni siquiera la compañera de la víctima directa alegó que a raíz de la muerte de Isnardo, se hubiera visto impelida a hacer erogaciones que causaran un desmedro en su patrimonio."
patrimonio,DOC_0188,Corte Suprema de Justicia,2016.0,DOC_0188_S00523,"érdida económica sufrida por la víctima, traducida en el dinero que salió de su",patrimonio,"para su recuperación física, no fue probada, razón a partir de la cual el Tribu","La pérdida económica sufrida por la víctima, traducida en el dinero que salió de su patrimonio para su recuperación física, no fue probada, razón a partir de la cual el Tribunal de primera instancia negó tal pago."
patrimonio,DOC_0188,Corte Suprema de Justicia,2016.0,DOC_0188_S00536,tó la recurrente cuáles son los ingresos pendientes que dejarán de adherirse al,patrimonio,"de Javier Torres Ortiz, a raíz de la conducta delictiva de la que fue víctima e","Frente a la petición de reconocer lucro cesante futuro, no se aportó ninguna prueba ni sustentó la recurrente cuáles son los ingresos pendientes que dejarán de adherirse al patrimonio de Javier Torres Ortiz, a raíz de la conducta delictiva de la que fue víctima en el año 2001."
dependencia,DOC_0189,Corte Constitucional,2002.0,DOC_0189_S00284,"umanos: “El enfoque de la salud que propone la OMS, implica comprender la mutua",dependencia,existente entre las vidas de mujeres y varones y sus respectivos estados de sal,"La organización Casa de la Mujer hizo las siguientes observaciones en relación con la atención psicosocial para las víctimas de graves violaciones de derechos humanos: “El enfoque de la salud que propone la OMS, implica comprender la mutua dependencia existente entre las vidas de mujeres y varones y sus respectivos estados de salud, reconocer que existen desigualdades en relación con la salud que son innecesarias, evitables y por lo tanto injustas y son producto de relaciones de poder desigual entre mujeres y varones establecidas en un contexto sociocultural jerarquizado, donde lo masculino tiene mayor valor que lo femenino."
patrimonio,DOC_0189,Corte Constitucional,2002.0,DOC_0189_S00449,apoyo material y social; (viii) el riesgo de ser despojadas de sus tierras y su,patrimonio,con mayor facilidad por los actores armados ilegales dada su posición histórica,"Estos riesgos son: “(i) el riesgo de violencia sexual, explotación sexual o abuso sexual en el marco del conflicto armado; (ii) el riesgo de explotación o esclavización para ejercer labores domésticas y roles considerados femeninos en una sociedad con rasgos patriarcales, por parte de los actores armados ilegales; (iii) el riesgo de reclutamiento forzado de sus hijos e hijas por los actores armados al margen de la ley, o de otro tipo de amenazas contra ellos, que se hace más grave cuando la mujer es cabeza de familia; (iv) los riesgos derivados del contacto o de las relaciones familiares o personales-voluntarias, accidentales o presuntas-con los integrantes de alguno de los grupos armados ilegales que operan en el país o con miembros de la Fuerza Pública, principalmente por señalamientos o retaliaciones efectuados a posteriori por los bandos ilegales enemigos; (v) los riesgos derivados de su pertenencia a organizaciones sociales, comunitarias o políticas de mujeres, o de sus labores de liderazgo y promoción de los derechos humanos en zonas afectadas por el conflicto armado; (vi) el riesgo de persecución y asesinato por las estrategias de control coercitivo del comportamiento público y privado de las personas que implementan los grupos armados ilegales en extensas áreas del territorio nacional; (vii) el riesgo por el asesinato o desaparición de su proveedor económico o por la desintegración de sus grupos familiares y de sus redes de apoyo material y social; (viii) el riesgo de ser despojadas de sus tierras y su patrimonio con mayor facilidad por los actores armados ilegales dada su posición histórica ante la propiedad, especialmente las propiedades inmuebles rurales; (ix) los riesgos derivados de la condición de discriminación y vulnerabilidad acentuada de las mujeres indígenas y afrodescendientes; y (x) el riesgo por la pérdida o ausencia de su compañero o proveedor económico durante el proceso de desplazamiento.” Así mismo en el Auto 092 se sostuvo: “(…) en el ámbito de la prevención del desplazamiento forzoso y al identificar los riesgos de género en el conflicto armado colombiano, la Corte hace hincapié en el riesgo de violencia sexual, constatando la gravedad y generalización de la situación de que se ha puesto de presente por diversas vías procesales ante esta Corporación en este sentido, mediante informaciones reiteradas, coherentes y consistentes presentadas por las víctimas o por organizaciones que promueven sus derechos; y explica que los relatos de episodios de violencia sexual contra mujeres sobre los que ha sido alertada incluyen, según informaciones fácticas detalladas que se reseñan en el acápite correspondiente, (a) actos de violencia sexual perpetrados como parte integrante de operaciones violentas de mayor envergadura-tales como masacres, tomas, pillajes y destrucciones de poblados-, cometidos contra las mujeres, jóvenes, niñas y adultas de la localidad afectada, por parte de los integrantes de grupos armados al margen de la ley; (b) actos deliberados de violencia sexual cometidos ya no en el marco de acciones violentas de mayor alcance, sino individual y premeditadamente por los miembros de todos los grupos armados que toman parte en el conflicto, que en sí mismos forman parte (i) de estrategias bélicas enfocadas en el amedrentamiento de la población, (ii) de retaliación contra los auxiliadores reales o presuntos del bando enemigo a través del ejercicio de la violencia contra las mujeres de sus familias o comunidades, (iii) de retaliación contra las mujeres acusadas de ser colaboradoras o informantes de alguno de los grupos armados enfrentados, (iv) de avance en el control territorial y de recursos, (v) de coacción para diversos propósitos en el marco de las estrategias de avance de los grupos armados, (vi) de obtención de información mediante el secuestro y sometimiento sexual de las víctimas, o (vii) de simple ferocidad; (c) la violencia sexual contra mujeres señaladas de tener relaciones familiares o afectivas (reales o presuntas) con un miembro o colaborador de alguno de los actores armados legales e ilegales, por parte de sus bandos enemigos, en tanto forma de retaliación y de amedrentamiento de sus comunidades; (d) la violencia sexual contra las mujeres, jóvenes y niñas que son reclutadas por los grupos armados al margen de la ley, violencia sexual que incluye en forma reiterada y sistemática: (i) la violación, (ii) la planificación reproductiva forzada, (iii) la esclavización y explotación sexuales, (iv) la prostitución forzada, (v) el abuso sexual, (vi) la esclavización sexual por parte de los jefes o comandantes, (vii) el embarazo forzado, (viii) el aborto forzado y (ix) el contagio de infecciones de transmisión sexual; (e) el sometimiento de las mujeres, jóvenes y niñas civiles a violaciones, abusos y acosos sexuales individuales o colectivos por parte de los miembros de los grupos armados que operan en su región con el propósito de obtener éstos su propio placer sexual; (f) actos de violencia sexual contra las mujeres civiles que quebrantan con su comportamiento público o privado los códigos sociales de conducta impuestos de facto por los grupos armados al margen de la ley en amplias extensiones del territorio nacional; (g) actos de violencia sexual contra mujeres que forman parte de organizaciones sociales, comunitarias o políticas o que se desempeñan como líderes o promotoras de derechos humanos, o contra mujeres miembros de sus familias, en tanto forma de retaliación, represión y silenciamiento de sus actividades por parte de los actores armados; (h) casos de prostitución forzada y esclavización sexual de mujeres civiles, perpetrados por miembros de los grupos armados al margen de la ley; o (i) amenazas de cometer los actos anteriormente enlistados, o atrocidades semejantes.” Como consecuencia de este reconocimiento, la Corte Constitucional ordenó tanto en el Auto 092 de 2008 como en el Auto 237 del mismo año, al gobierno nacional, y en particular al Ministerio de la Protección Social, adoptar medidas concretas para atender a las mujeres víctimas de desplazamiento en el aspecto de atención psicosocial. 4."
dependencia,DOC_0192,Corte Constitucional,2022.0,DOC_0192_S00188,"fectividad de sus derechos, generando contextos de indefensión, subordinación o",dependencia,[50].,"En conclusión, el análisis con enfoque de género es una herramienta de interpretación que hace factible identificar preconcepciones o generalizaciones con efectos discriminatorios que generan violencia contra las mujeres, situación que impide la efectividad de sus derechos, generando contextos de indefensión, subordinación o dependencia[50]."
viena,DOC_0194,Corte Constitucional,2017.0,DOC_0194_S00362,de conformidad con lo estipulado en los Planes de Acción de las Conferencias de,Viena,", Cairo y Beijing, por violencia económica, se entiende cualquier acción u omisi","Para efectos de la presente ley, y de conformidad con lo estipulado en los Planes de Acción de las Conferencias de Viena, Cairo y Beijing, por violencia económica, se entiende cualquier acción u omisión orientada al abuso económico, el control abusivo de las finanzas, recompensas o castigos monetarios a las mujeres por razón de su condición social, económica o política."
cairo,DOC_0194,Corte Constitucional,2017.0,DOC_0194_S00362,"ormidad con lo estipulado en los Planes de Acción de las Conferencias de Viena,",Cairo,"y Beijing, por violencia económica, se entiende cualquier acción u omisión orie","Para efectos de la presente ley, y de conformidad con lo estipulado en los Planes de Acción de las Conferencias de Viena, Cairo y Beijing, por violencia económica, se entiende cualquier acción u omisión orientada al abuso económico, el control abusivo de las finanzas, recompensas o castigos monetarios a las mujeres por razón de su condición social, económica o política."
viena,DOC_0218,Corte Constitucional,2020.0,DOC_0218_S00222,de conformidad con lo estipulado en los Planes de Acción de las Conferencias de,Viena,", Cairo y Beijing, por violencia económica, se entiende cualquier acción u omisi","Para efectos de la presente ley, y de conformidad con lo estipulado en los Planes de Acción de las Conferencias de Viena, Cairo y Beijing, por violencia económica, se entiende cualquier acción u omisión orientada al abuso económico, el control abusivo de las finanzas, recompensas o castigos monetarios a las mujeres por razón de su condición social, económica o política."
cairo,DOC_0218,Corte Constitucional,2020.0,DOC_0218_S00222,"ormidad con lo estipulado en los Planes de Acción de las Conferencias de Viena,",Cairo,"y Beijing, por violencia económica, se entiende cualquier acción u omisión orie","Para efectos de la presente ley, y de conformidad con lo estipulado en los Planes de Acción de las Conferencias de Viena, Cairo y Beijing, por violencia económica, se entiende cualquier acción u omisión orientada al abuso económico, el control abusivo de las finanzas, recompensas o castigos monetarios a las mujeres por razón de su condición social, económica o política."
patrimonio,DOC_0219,Corte Constitucional,2020.0,DOC_0219_S00618,os y servidores públicos (Art. 188E) Familia Violencia intrafamiliar (Art. 229),Patrimonio,económico Hurto calificado (Art. 240) numerales 2 y 3 y cuando tal conducta se,"Como lo mostró el Departamento de Derecho Penal de la Universidad Externado en su intervención, las distintas conductas excluidas pueden agruparse de acuerdo con los bienes jurídicos tutelados que son objeto de protección en cada uno de los casos de la siguiente manera:[166] Bien jurídico protegido[167] Delitos excluidos[168] Violaciones a derechos humanos Delitos de lesa humanidad, crímenes de guerra, conflicto armado y/o que se hayan realizado con ocasión directa o indirecta con el mismo Vida e integridad personal Genocidio (Art. 101), Apología al genocidio (Art. 102), Homicidio simple en modalidad dolosa (Art. 103), Homicidio agravado (Art. 104), Homicidio o lesiones personales bajo modalidad dolosa (Arts. 105 y 111), Feminicidio (Art. 104A), Lesiones personales con pérdida anatómica o funcional de un órgano o miembros agravadas (Art. 116 y 119), Lesiones causadas con agentes químicos, ácidos y/o sustancias similares (Art. 116A) Libertad integridad, y formación sexual Violación (Arts. 205-207), Actos sexuales abusivos (Arts. 208-210 A), Inducción a la prostitución (Art. 213), Explotación sexual (Arts. 213 A – 219C), Delitos contra la libertad, integridad y formación sexual o secuestro contra niños, niñas y adolescentes (Art. 199 de la L.1098 de 2006) Libertad individual Desaparición forzada simple (Art. 165), Desaparición forzada agravada (Art. 166), Secuestro simple (Art. 168), Secuestro extorsivo (Art. 169), Secuestro agravado (Art. 170), Apoderamiento y desvío de aeronave, naves o medios de transporte colectivo (Art. 173) Autonomía personal Tortura (Art. 178), Tortura agravada (Art. 179), Desplazamiento forzado (Art. 180), Desplazamiento forzado agravado (Art. 181), Constreñimiento ilegal por parte de los miembros de Grupos Delictivos y Grupos, Armados Organizados (Art. 182A), Persona que haga parte o pertenezca a un Grupo Delictivo, Organizado (Art. 2 de la L.1098 de 2018), Tráfico de migrantes (Art. 188), Trata de personas (Art. 188A), Tráfico de niñas, niños y adolescentes (Art. 188C), Uso de menores de edad para la comisión de delitos (Art. 188D), Amenazas contra defensores de derechos humanos y servidores públicos (Art. 188E) Familia Violencia intrafamiliar (Art. 229) Patrimonio económico Hurto calificado (Art. 240) numerales 2 y 3 y cuando tal conducta se cometa con violencia contra las personas a excepción de que la persona haya cumplido el 40% de la condena, Hurto agravado (Art. 241) numerales 3,4,12,13 y 15 a excepción de que la persona haya cumplido el 40% de la condena, Abigeato cuando se cometa con violencia sobre las personas (Art. 243), Extorsión (Art. 244), Corrupción privada (Art. 250A) La información y los datos Hurto por medios informáticos y semejantes (Art. 269I) Orden económico social Captación masiva y habitual de dineros (Art. 316), Contrabando agravado (Art. 319), Contrabando de hidrocarburos y sus derivados (Art. 319-1), Favorecimiento y facilitación del contrabando agravado (Art. 320), Lavado de activos (Art. 323), Lavado de activos agravado (Art. 324), Testaferrato (Art. 326), Enriquecimiento ilícito de particulares (Art. 327), Apoderamiento de hidrocarburos, sus derivados, biocombustibles o mezclas que lo contengan (Art. 327A) Seguridad pública Concierto para delinquir simple (Art. 340 inciso primero), Concierto para delinquir agravado (Art. 340 incisos segundo, tercero y cuarto), Asesoramiento a grupos delictivos organizados y grupos armados organizados (Art. 340A), Entrenamiento para actividades ilícitas (Art. 341), Terrorismo (Art. 343), Terrorismo agravado (Art. 344), Financiación del terrorismo y de grupos de delincuencia organizada y administración de recursos relacionados con actividades terroristas y de la delincuencia organizada (Art. 345), Amenazas agravadas (Art. 347), Tenencia, fabricación y tráfico de sustancias u objetos peligrosos (Art. 358), Empleo o lanzamiento de sustancias u objetos peligrosos (Art. 359), Fabricación, tráfico, porte o tenencia de armas de fuego, accesorios, partes o municiones agravado (Art. 365), Fabricación, tráfico y porte de armas, municiones de uso restringido de uso privativo de las fuerzas armadas o explosivos (Art. 366), Fabricación, importación, tráfico, posesión y uso de armas químicas, biológicas y nucleares (Art. 367), Empleo, producción, comercialización y almacenamiento de minas antipersonal (Art. 367A), Ayuda e inducción al empleo, producción y transferencia de minas antipersonal (Art. 367B) Salud Pública Corrupción de alimentos, productos médicos o material profiláctico (Art. 372), Conservación o financiación de plantaciones (Art. 375), Tráfico, fabricación o porte de estupefacientes (Art. 376), Destinación ilícita de muebles o inmuebles (Art. 377), Uso, construcción y/ o tenencia de semisumergibles o sumergibles (Art. 377 A), Estímulo al uso ilícito (Art. 378), Suministro o formulación ilegal (Art. 379), Suministro o formulación ilegal a deportistas (Art. 380), Suministro a menor (Art. 381), Tráfico de sustancias para el procesamiento de narcóticos (Art. 382), Porte de sustancias (Art. 383), Existencia, construcción y utilización ilegal de pistas de aterrizaje (Art. 385) Administración pública Peculado por apropiación (Art. 397), Concusión (Art. 404), Cohecho impropio (Art. 406), Cohecho por dar u ofrecer (Art. 407), Violación del régimen legal o constitucional de inhabilidades e incompatibilidades (Art. 408), Interés indebido en la celebración de contratos (Art. 409), Contrato sin cumplimiento de requisitos legales (Art. 410), Tráfico de influencias de servidor público (Art. 411), Tráfico de influencias de un particular (Art. 411A), Enriquecimiento ilícito (Art. 412), Prevaricato por acción (Art. 413), Utilización indebida de información oficial privilegiada (Art. 420), Soborno transaccional (Art. 433) Recta impartición de justicia Falso testimonio (Art. 442), Soborno (Art. 444), Soborno en la actuación penal (Art. 444A), Receptación agravada (Art. 447), Amenazas a testigo (Art. 454 A) Existencia y seguridad del Estado Espionaje (Art. 463) Régimen constitucional legal Rebelión (Art. 467) 215."
dependencia,DOC_0235,Corte Constitucional,2021.0,DOC_0235_S00125,"mujeres a la justicia, por ejemplo, “las dinámicas socioeconómicas generan una",dependencia,de las mujeres hacia sus parejas.,"Esta situación conlleva, a su vez, a la ineficacia de las acciones y recursos establecidos para sancionar la violencia en la familiar.[70] Adicionalmente, existen otras causas sociales y culturales que obstaculizan el acceso de las mujeres a la justicia, por ejemplo, “las dinámicas socioeconómicas generan una dependencia de las mujeres hacia sus parejas."
dependencia,DOC_0236,Corte Constitucional,2022.0,DOC_0236_S00744,"Por ejemplo, las dinámicas socioeconómicas generan una",dependencia,de las mujeres hacia sus parejas.,"Por ejemplo, las dinámicas socioeconómicas generan una dependencia de las mujeres hacia sus parejas."
dependencia,DOC_0236,Corte Constitucional,2022.0,DOC_0236_S00749,lencia en sus hogares denuncian esos episodios porque ostentan un alto grado de,dependencia,emocional y económica hacia su agresor.,"En ese sentido, el DANE ha resaltado que no todas las mujeres que padecen distintas formas de violencia en sus hogares denuncian esos episodios porque ostentan un alto grado de dependencia emocional y económica hacia su agresor."
dependencia,DOC_0236,Corte Constitucional,2022.0,DOC_0236_S00755,"De manera que, la",dependencia,económica y emocional de las víctimas con sus agresores genera un contexto que,"De manera que, la dependencia económica y emocional de las víctimas con sus agresores genera un contexto que impone barreras difíciles de superar para que las mujeres víctimas de violencia de pareja en sus familias accedan a la justicia y al restablecimiento de sus derechos[213]. 115."
dependencia,DOC_0236,Corte Constitucional,2022.0,DOC_0236_S00765,"barreras para su acceso a la administración de justicia, como, por ejemplo, la",dependencia,emocional y económica de las víctimas con sus agresores.,"De manera que, al momento de sancionar la violencia en la familia, el Legislador debe: (i) reconocer que las mujeres, como grupo históricamente discriminado, son las principales víctimas de las violencias que ocurren en la familia; y, (ii) atender a las condiciones de debilidad que las mujeres afrontan en el ámbito doméstico, las cuales imponen barreras para su acceso a la administración de justicia, como, por ejemplo, la dependencia emocional y económica de las víctimas con sus agresores."
viena,DOC_0236,Corte Constitucional,2022.0,DOC_0236_S01579,de conformidad con lo estipulado en los Planes de Acción de las Conferencias de,Viena,", Cairo y Beijing, por violencia económica, se entiende cualquier acción u omisi","Para efectos de la presente ley, y de conformidad con lo estipulado en los Planes de Acción de las Conferencias de Viena, Cairo y Beijing, por violencia económica, se entiende cualquier acción u omisión orientada al abuso económico, el control abusivo de las finanzas, recompensas o castigos monetarios a las mujeres por razón de su condición social, económica o política."
cairo,DOC_0236,Corte Constitucional,2022.0,DOC_0236_S01579,"ormidad con lo estipulado en los Planes de Acción de las Conferencias de Viena,",Cairo,"y Beijing, por violencia económica, se entiende cualquier acción u omisión orie","Para efectos de la presente ley, y de conformidad con lo estipulado en los Planes de Acción de las Conferencias de Viena, Cairo y Beijing, por violencia económica, se entiende cualquier acción u omisión orientada al abuso económico, el control abusivo de las finanzas, recompensas o castigos monetarios a las mujeres por razón de su condición social, económica o política."
patrimonio,DOC_0255,Corte Constitucional,2017.0,DOC_0255_S00081,des de apoyo material y social; 8) Riesgo de ser despojadas de sus tierras y su,patrimonio,con mayor facilidad por los actores armados ilegales dada su posición histórica,"Dentro de los riesgos identificados por esta Corporación, están: 1) Riesgo de violencia sexual, explotación sexual o abuso sexual en el marco del conflicto armado; 2) Riesgo de explotación o esclavización para ejercer labores domésticas y roles considerados femeninos en una sociedad con rasgos patriarcales, por parte de los actores armados ilegales; 3) Riesgo de reclutamiento forzado de sus hijos e hijas por los actores armados al margen de la ley, o de otro tipo de amenazas contra ellos, que se hace más grave cuando la mujer es cabeza de familia; 4) Riesgos derivados del contacto o de las relaciones familiares o personales-voluntarias, accidentales o presuntas-con los integrantes de alguno de los grupos armados ilegales que operan en el país o con miembros de la Fuerza Pública, principalmente por señalamientos o retaliaciones efectuados a posteriori por los bandos ilegales enemigos; 5) Riesgos derivados de su pertenencia a organizaciones sociales, comunitarias o políticas de mujeres, o de sus labores de liderazgo y promoción de los derechos humanos en zonas afectadas por el conflicto armado; 6) Riesgo de persecución y asesinato por las estrategias de control coercitivo del comportamiento público y privado de las personas que implementan los grupos armados ilegales en extensas áreas del territorio nacional; 7) Riesgo por el asesinato o desaparición de su proveedor económico o por la desintegración de sus grupos familiares y de sus redes de apoyo material y social; 8) Riesgo de ser despojadas de sus tierras y su patrimonio con mayor facilidad por los actores armados ilegales dada su posición histórica ante la propiedad, especialmente las propiedades inmuebles rurales; 9) Riesgos derivados de la condición de discriminación y vulnerabilidad acentuada de las mujeres indígenas y afrodescendientes; 10) Riesgo por la pérdida o ausencia de su compañero o proveedor económico durante el proceso de desplazamiento[55]."
patrimonio,DOC_0255,Corte Constitucional,2017.0,DOC_0255_S00188,re los que se destacan: i) desplazamiento forzado y despojo de sus tierras y su,patrimonio,con mayor facilidad por los actores armados ilegales dada la relación histórica,"En efecto, en el diagnóstico del Documento CONPES 3784 de 2013, el cual fue presentado como respuesta del Gobierno Nacional “al impacto diferencial y desproporcionado del conflicto armado sobre las mujeres”, se advierte que: “Existen escenarios y situaciones que ponen a las mujeres en situaciones de vulnerabilidad y que en su conjunto permiten observar los impactos desproporcionados del conflicto armado sobre sus vidas, entre los que se destacan: i) desplazamiento forzado y despojo de sus tierras y su patrimonio con mayor facilidad por los actores armados ilegales dada la relación histórica de las mujeres con la propiedad y el territorio, y las afectaciones que sufren las niñas y adolescentes huérfanas en situaciones de abandono de tierras y/o despojo; ii) persecución, amenaza, tortura, desaparición forzada y asesinato como estrategia de control coercitivo del comportamiento público y privado por parte de los GAOML; iii) los riesgos derivados de su pertenencia a organizaciones sociales, comunitarias o políticas de mujeres, o de sus labores de liderazgo y promoción de los derechos humanos en zonas afectadas por el conflicto armado; iv) reclutamiento forzado de ellas o sus hijos e hijas por los actores armados al margen de la ley, o de otro tipo de amenazas, tratos degradantes, extorsiones; y v) violencia sexual que incluye los riesgos asociados con la explotación o esclavización por parte de los actores armados ilegales para ejercer labores domésticas y roles considerados femeninos en una sociedad con rasgos patriarcales”[95]. 31."
patrimonio,DOC_0255,Corte Constitucional,2017.0,DOC_0255_S00418,apoyo material y social; (viii) el riesgo de ser despojadas de sus tierras y su,patrimonio,con mayor facilidad por los actores armados ilegales dada su posición histórica,"Los riesgos de género identificados en el Auto son: “(i) el riesgo de violencia sexual, explotación sexual o abuso sexual en el marco del conflicto armado; (ii) el riesgo de explotación o esclavización para ejercer labores domésticas y roles considerados femeninos en una sociedad con rasgos patriarcales, por parte de los actores armados ilegales; (iii) el riesgo de reclutamiento forzado de sus hijos e hijas por los actores armados al margen de la ley, o de otro tipo de amenazas contra ellos, que se hace más grave cuando la mujer es cabeza de familia; (iv) los riesgos derivados del contacto o de las relaciones familiares o personales-voluntarias, accidentales o presuntas-con los integrantes de alguno de los grupos armados ilegales que operan en el país o con miembros de la Fuerza Pública, principalmente por señalamientos o retaliaciones efectuados a posteriori por los bandos ilegales enemigos; (v) los riesgos derivados de su pertenencia a organizaciones sociales, comunitarias o políticas de mujeres, o de sus labores de liderazgo y promoción de los derechos humanos en zonas afectadas por el conflicto armado; (vi) el riesgo de persecución y asesinato por las estrategias de control coercitivo del comportamiento público y privado de las personas que implementan los grupos armados ilegales en extensas áreas del territorio nacional; (vii) el riesgo por el asesinato o desaparición de su proveedor económico o por la desintegración de sus grupos familiares y de sus redes de apoyo material y social; (viii) el riesgo de ser despojadas de sus tierras y su patrimonio con mayor facilidad por los actores armados ilegales dada su posición histórica ante la propiedad, especialmente las propiedades inmuebles rurales; (ix) los riesgos derivados de la condición de discriminación y vulnerabilidad acentuada de las mujeres indígenas y afrodescendientes; y (x) el riesgo por la pérdida o ausencia de su compañero o proveedor económico durante el proceso de desplazamiento”. [6] Corte Constitucional, Auto 092 de 2008 M.P."
patrimonio,DOC_0255,Corte Constitucional,2017.0,DOC_0255_S00421,los agravados en el acceso a la propiedad de la tierra y en la protección de su,patrimonio,"hacia el futuro, especialmente en los planes de retorno y reubicación; (ix) los","En la primera categoría se encuentra los riesgos acentuados de las mujeres desplazadas de ser víctimas de patrones estructurales de violencia y discriminación de género tales como: “(i) la violencia y el abuso sexuales, incluida la prostitución forzada, la esclavitud sexual o la trata de personas con fines de explotación sexual; (ii) la violencia intrafamiliar y la violencia comunitaria por motivos de género; (iii) el desconocimiento y vulneración de su derecho a la salud y especialmente de sus derechos sexuales y reproductivos a todo nivel, con particular gravedad en el caso de las niñas y adolescentes pero también de las mujeres gestantes y lactantes; (iv) la asunción del rol de jefatura de hogar femenina sin las condiciones de subsistencia material mínimas requeridas por el principio de dignidad humana, con especiales complicaciones en casos de mujeres con niños pequeños, mujeres con problemas de salud, mujeres con discapacidad o adultas mayores; (v) obstáculos agravados en el acceso al sistema educativo; (vi) obstáculos agravados en la inserción al sistema económico y en el acceso a oportunidades laborales y productivas; (vii) la explotación doméstica y laboral, incluida la trata de personas con fines de explotación económica; (viii) obstáculos agravados en el acceso a la propiedad de la tierra y en la protección de su patrimonio hacia el futuro, especialmente en los planes de retorno y reubicación; (ix) los cuadros de discriminación social aguda de las mujeres indígenas y afrodescendientes desplazadas; (x) la violencia contra las mujeres líderes o que adquieren visibilidad pública por sus labores de promoción social, cívica o de los derechos humanos; (xi) la discriminación en su inserción a espacios públicos y políticos, con impacto especial sobre su derecho a la participación; y (xii) el desconocimiento frontal de sus derechos como víctimas del conflicto armado a la justicia, la verdad, la reparación y la garantía de no repetición”."
patrimonio,DOC_0257,Corte Constitucional,2018.0,DOC_0257_S00685,estatal de generar mecanismos para resguardar la memoria de cada nación como su,patrimonio,", y (iii) el derecho a saber de las víctimas, con independencia de las acciones","En ellos se establece específicamente “el derecho a saber” y como parte de este se incorporó (i) el derecho inalienable que tiene todo pueblo a conocer la verdad sobre su pasado de violencia, (ii) el deber de recordar, que se traduce en la obligación estatal de generar mecanismos para resguardar la memoria de cada nación como su patrimonio, y (iii) el derecho a saber de las víctimas, con independencia de las acciones judiciales que se entablen para lograr obtener resultados en las investigaciones."
patrimonio,DOC_0257,Corte Constitucional,2018.0,DOC_0257_S01740,los soportes del relato reconstruido y esas evidencias serán también parte del,patrimonio,"histórico y de la identidad de la Nación, en la medida en que constituyen las b","La CEV deberá ser la garante de los soportes del relato reconstruido y esas evidencias serán también parte del patrimonio histórico y de la identidad de la Nación, en la medida en que constituyen las bases del informe final, como respuesta al derecho de las comunidades y las víctimas a saber y conocer el pasado de violaciones. 210."
patrimonio,DOC_0259,Corte Constitucional,2022.0,DOC_0259_S00294,"l a un asunto de violencia de género, al limitarlo a un mero conflicto sobre el",patrimonio,conyugal. 102.,"Adicionalmente intensificó los estereotipos que sitúan a la mujer en una situación de desventaja respecto al hombre y le restó relevancia constitucional a un asunto de violencia de género, al limitarlo a un mero conflicto sobre el patrimonio conyugal. 102."
patrimonio,DOC_0264,Corte Constitucional,2022.0,DOC_0264_S00139,"sas, que pudieran haber sufrido con base en esta actuación, un detrimento en su",patrimonio,"”;[77] y que, como lo refirieron las intervinientes, para que una actuación pued","Además, para él es claro que la responsabilidad de un periodista por el ejercicio inadecuado de la profesión “derivará en varios frentes, pues es responsable ante el Estado por haber infringido la ley penal, como ante la victima cuando su esfera patrimonial y/o extrapatrimonial se ha visto afectada, e incluso se pueden generar responsabilidad frente afectados indirectos, como familiares o incluso empresas, que pudieran haber sufrido con base en esta actuación, un detrimento en su patrimonio”;[77] y que, como lo refirieron las intervinientes, para que una actuación pueda ser considerada como acoso judicial “debe mostrarse desmedida, temeraria, sin soporte real, lo cual no ocurre cuando se violentan derechos fundamentales (acción de tutela), se configura una conducta delictual (acción penal) y se han ocasionado perjuicios (acción civil), teniendo en cuenta en cada caso existe justificación para proceder (…).”[78] Adicionalmente, resaltó que el accionante ha mantenido sus actuaciones en la esfera privada, dado que han sido las periodistas quienes han difundido la información relacionada con las acciones judiciales (algunas de ellas sometidas a reserva)."
femicidio,DOC_0264,Corte Constitucional,2022.0,DOC_0264_S00648,"El 11 de mayo de ese año, ante el",femicidio,"de Chiara Páez en Rufino, Santa Fe, la periodista Marcela Ojeda escribió en Twi","El 11 de mayo de ese año, ante el femicidio de Chiara Páez en Rufino, Santa Fe, la periodista Marcela Ojeda escribió en Twitter: ‘Mujeres todas, ¿no vamos a alzar la voz?"
dependencia,DOC_0293,Corte Constitucional,2016.0,DOC_0293_S00307,"de desempeñarse, propiciando así condiciones de exclusión, desempleo, pobreza y",dependencia,económica.,"Sin embargo, el legislador decidió adoptar la medida más lesiva, aquella que excluye a las mujeres de campos laborales en los que puede desempeñarse, propiciando así condiciones de exclusión, desempleo, pobreza y dependencia económica."
dependencia,DOC_0293,Corte Constitucional,2016.0,DOC_0293_S00315,"un escenario donde el trabajo es un recurso escaso, propiciando situaciones de",dependencia,o de pobreza. 7.7.,"Sin embargo la prohibición también implica la afectación e incluso el sacrificio de derechos constitucionales valiosos como son: el ejercicio de la autonomía, dispuesto en el artículo 16 de la Constitución, que le permite a las persona construir su plan de vida, incluyendo el plan de vida laboral; la libertad de escoger qué trabajar y donde hacerlo, previsto en el artículo 26 de la Constitución, pues los hombres podrían trabajar donde quieran, mientras que las mujeres no; igualmente la medida permite la pervivencia de la distinción tajante entre trabajos para hombres y trabajos para mujeres, que tanto ha marginado a las mujeres, perpetuando la imagen de estas como sujetos de protección y no como sujetos titulares de derechos, y adicionalmente restringe las oportunidades laborales de la mujer en un escenario donde el trabajo es un recurso escaso, propiciando situaciones de dependencia o de pobreza. 7.7."
dependencia,DOC_0293,Corte Constitucional,2016.0,DOC_0293_S00316,permitiendo que estas continúen sus vidas en la pobreza o bajo el modelo de la,dependencia,", al excluirlas de sendos escenarios del mercado laboral.","Como balance de todo lo anterior debe decirse entonces, que la medida que le prohíbe el trabajo a las mujeres en los escenarios antedichos, no es necesaria, en tanto que es muy lesiva, y adicionalmente es desproporcionada, pues su presencia afecta derechos de los que son titulares las mujeres, permitiendo que estas continúen sus vidas en la pobreza o bajo el modelo de la dependencia, al excluirlas de sendos escenarios del mercado laboral."
dependencia,DOC_0293,Corte Constitucional,2016.0,DOC_0293_S00369,"a ha situado en una posición de inferioridad frente al hombre, reforzado por la",dependencia,socioeconómica.”[55] 8.9.,"Así, tradicionalmente el rol que le correspondía a la mujer la excluía de la participación en espacios públicos, del estudio y el trabajo y de la posibilidad de ejercer derechos políticos, lo cual la ha situado en una posición de inferioridad frente al hombre, reforzado por la dependencia socioeconómica.”[55] 8.9."
patrimonio,DOC_0299,Corte Constitucional,2020.0,DOC_0299_S00147,apoyo material y social; (viii) el riesgo de ser despojadas de sus tierras y su,patrimonio,con mayor facilidad por los actores armados ilegales dada su posición histórica,"Particularmente, expuso que la violencia ejercida en el conflicto armado interno colombiano victimiza de manera diferencial y agudizada a las mujeres, debido a que, de un lado, a “causa de su condición de género, las mujeres están expuestas a riesgos particulares y vulnerabilidades específicas dentro del conflicto armado, que a su vez son causas de desplazamiento, y por lo mismo explican en su conjunto el impacto desproporcionado del desplazamiento forzado sobre las mujeres”[99], estos son: (i) el riesgo de violencia sexual, explotación sexual o abuso sexual en el marco del conflicto armado; (ii) el riesgo de explotación o esclavización para ejercer labores domésticas y roles considerados femeninos en una sociedad con rasgos patriarcales, por parte de los actores armados ilegales; (iii) el riesgo de reclutamiento forzado de sus hijos e hijas por los actores armados al margen de la ley, o de otro tipo de amenazas contra ellos, que se hace más grave cuando la mujer es cabeza de familia; (iv) los riesgos derivados del contacto o de las relaciones familiares o personales-voluntarias, accidentales o presuntas-con los integrantes de alguno de los grupos armados ilegales que operan en el país o con miembros de la Fuerza Pública, principalmente por señalamientos o retaliaciones efectuados a posteriori por los bandos ilegales enemigos; (v) los riesgos derivados de su pertenencia a organizaciones sociales, comunitarias o políticas de mujeres, o de sus labores de liderazgo y promoción de los derechos humanos en zonas afectadas por el conflicto armado; (vi) el riesgo de persecución y asesinato por las estrategias de control coercitivo del comportamiento público y privado de las personas que implementan los grupos armados ilegales en extensas áreas del territorio nacional; (vii) el riesgo por el asesinato o desaparición de su proveedor económico o por la desintegración de sus grupos familiares y de sus redes de apoyo material y social; (viii) el riesgo de ser despojadas de sus tierras y su patrimonio con mayor facilidad por los actores armados ilegales dada su posición histórica ante la propiedad, especialmente las propiedades inmuebles rurales; (ix) los riesgos derivados de la condición de discriminación y vulnerabilidad acentuada de las mujeres indígenas y afrodescendientes; y (x) el riesgo por la pérdida o ausencia de su compañero o proveedor económico durante el proceso de desplazamiento."
patrimonio,DOC_0302,Corte Constitucional,2017.0,DOC_0302_S02975,"a la reparación; (ii) segundo, la limitación legal se refiere exclusivamente al",patrimonio,personal de los miembros de los grupos armados que participaron en el conflicto,"De una parte, las limitaciones dispuestas en los artículos transitorios 18 y 26, en el sentido de que respecto de los destinatarios de las medidas de amnistía, indulto y demás modalidades de renuncia a la persecución penal no son procedentes las acciones judiciales en su contra para la indemnización de las víctimas, y en el sentido de que tampoco procede la acción de repetición y el llamamiento en garantía contra los miembros de la fuerza pública por los delitos que hubieren cometido en el marco del conflicto armado, no configuran una liberación de la responsabilidad de los victimarios frente a las víctimas., teniendo en cuenta los siguientes elementos: (i) primero, que en el caso de los miembros de las FARC, la medida se encuentra precedida de la entrega de los bienes del grupo guerrillero, bienes que, a su turno, se encuentran destinados a la reparación; (ii) segundo, la limitación legal se refiere exclusivamente al patrimonio personal de los miembros de los grupos armados que participaron en el conflicto, de modo que si alguno de estos miembros actúa como testaferro del grupo como tal para ocultar sus bienes, no existe ningún título jurídico que impida perseguir los bienes correspondientes para reparar a las víctimas; (iii) por último, aunque efectivamente el Acto Legislativo 01 de 2017 dispone una liberación parcial de la responsabilidad de los victimarios frente a las víctimas, esta liberación opera únicamente frente al componente patrimonial de la reparación y no se extiende a los demás elementos de la misma, por lo cual, la contribución de los victimarios en estos otros frentes deberá aplicarse con mayor rigor."
patrimonio,DOC_0302,Corte Constitucional,2017.0,DOC_0302_S03248,ya que este grupo únicamente responde con su “economía de guerra” mas no con el,patrimonio,de sus miembros.,"La exclusión de la acción de repetición y del llamamiento en garantía en el marco de los procesos de responsabilidad del Estado para la reparación de las víctimas por hechos relacionados con el conflicto armado, es constitucionalmente admisible, por las siguientes razones: (i) la medida está llamada a operar en un escenario de transición, en el que la reparación debe operar a través de programas administrativos; (ii) la medida es equitativa frente al tratamiento otorgado a los miembros de las FARC, ya que este grupo únicamente responde con su “economía de guerra” mas no con el patrimonio de sus miembros."
patrimonio,DOC_0302,Corte Constitucional,2017.0,DOC_0302_S04653,cto; (vi) la exclusión de la acción de repetición no sólo lesiona gravemente el,patrimonio,"público, sino que corresponde a un asunto no considerado en los Acuerdos de la","En concreto, se aludió a los siguientes puntos: (i) el proyecto debería fortalecer los mecanismos de participación de las víctimas en el SIVJRNR; (ii) es inentendible la ausencia del Derecho Penal Internacional como fuente para la definición de la responsabilidad de los miembros de las FFMM; (iii) la responsabilidad de mando no puede ser inferior a lo que actualmente se establece en el artículo 28 del Estatuto de Roma; (iv) la responsabilidad de mando debe extenderse igualmente a los miembros de las FARC-EP; (v) la reparación debe tener un enfoque en el que se privilegie la vocación transformadora de los contextos sociales de extrema marginalidad y pobreza, los cuales han propiciado la existencia de una mayor victimización como consecuencia del conflicto; (vi) la exclusión de la acción de repetición no sólo lesiona gravemente el patrimonio público, sino que corresponde a un asunto no considerado en los Acuerdos de la Habana; y finalmente, (iv) la participación en política de las FARC no puede ser inmediata y automática, pues la misma debe estar supeditada al cumplimiento de las sanciones alternativas que se impongan por la JEP. [221] Folios 158 y ss. del Cuaderno 3."
patrimonio,DOC_0302,Corte Constitucional,2017.0,DOC_0302_S05334,todos y cada uno de los miembros del grupo armado deben responder con su propio,patrimonio,"para indemnizar a las víctimas, así como responder solidariamente por los daños","Manuel José Cepeda Espinosa, Rodrigo Escobar Gil, Jaime Córdoba Triviño, Marco Gerardo Monroy Cabra, Álvaro Tafur Galvis y Clara Inés Vargas Hernández. [880] Al respecto cfr. la Sentencia C-370 de 2006, en la que se determinó que el acceso a los beneficios debía estar mediado por la entrega de los bienes producto de la actividad ilegales para la reparación de las víctimas, y que todos y cada uno de los miembros del grupo armado deben responder con su propio patrimonio para indemnizar a las víctimas, así como responder solidariamente por los daños ocasionados a las víctimas por otros miembros del grupo armado al cual pertenecen, de modo que la responsabilidad patrimonial del Estado es subsidiaria; De igual modo, se encuentra la Sentencia C-694 de 2015, en la que se estableció que las víctimas tienen derecho a renunciar los bienes de los postulantes o de los terceros a los que se les haya transferido ilegalmente, y que no se pueden excluir de la reparación de los bienes adquiridos luego del proceso de desmovilización cuando existe el propósito de defraudar a las víctimas. [881] Sentencia C-579 de 2013, M.P."
dependencia,DOC_0306,Corte Suprema de Justicia,2024.0,DOC_0306_S00089,n consecuencia el estado de vulnerabilidad que manifiesta en consideración a la,dependencia,económica y su condición de madre de familia.,"Así las cosas, no se desatiende la alegada calidad de víctima y en consecuencia el estado de vulnerabilidad que manifiesta en consideración a la dependencia económica y su condición de madre de familia."
dependencia,DOC_0323,Corte Suprema de Justicia,2021.0,DOC_0323_S00125,"mido por “estrictas necesidades del servicio, y el fiscal fue reubicado en otra",dependencia,de acuerdo con la resolución 10390 del 3 de agosto de 2017 emitida por la Vicef,"En relación con la supresión de la Fiscalía 55 Especializada en Derechos Humanos, afirmó que la entonces “Directora de Derechos Humanos” había informado al apoderado de la demandante que ese despacho había sido suprimido por “estrictas necesidades del servicio, y el fiscal fue reubicado en otra dependencia de acuerdo con la resolución 10390 del 3 de agosto de 2017 emitida por la Vicefiscal general (sic) de la Nación”.[113] En consecuencia, puso en conocimiento del apoderado que la investigación había sido reasignada “a la Fiscalía 63 Especializada con sede en Bogotá” a causa de “la estrategia planteada por [esa] Dirección para la especialización del Fiscales (sic) en el conocimiento de determinadas estructuras armadas, con el fin de que las investigaciones sean adelantadas en el marco de un análisis más amplio respecto a los repertorios de violencia aplicados por los grupos armados ilegales, el universo de víctimas y las personas vinculadas”.[114] 67."
femicidio,DOC_0326,Corte Constitucional,2016.0,DOC_0326_S00106,"en torno al uso de ese término en su traducción española, es decir, el vocablo",femicidio,", y el concepto de feminicidio, al consagrar ese acto como conducta punible en v","En Latinoamérica, sin embargo, se habría debatido en torno al uso de ese término en su traducción española, es decir, el vocablo femicidio, y el concepto de feminicidio, al consagrar ese acto como conducta punible en varios países."
femicidio,DOC_0326,Corte Constitucional,2016.0,DOC_0326_S00107,El vocablo,femicidio,"expresaría únicamente la privación de la vida de una mujer y, por consiguiente,","El vocablo femicidio expresaría únicamente la privación de la vida de una mujer y, por consiguiente, sería insuficiente para dar cuenta de la misoginia (odio a las mujeres) presente en los crímenes y de la responsabilidad estatal al favorecer su impunidad, en tanto que el concepto de feminicidio abarcaría el móvil de los asesinatos y todo el contexto de dominación que rodea el crimen."
dependencia,DOC_0326,Corte Constitucional,2016.0,DOC_0326_S00270,"Aún más, subrayan que la violencia, las barreras, la",dependencia,y la inequidad que afecta a las mujeres en las anteriores condiciones son mucho,"Aún más, subrayan que la violencia, las barreras, la dependencia y la inequidad que afecta a las mujeres en las anteriores condiciones son mucho mayores y más agudas que aquellas que comprometen a quienes no se hallan en tales circunstancias."
dependencia,DOC_0326,Corte Constitucional,2016.0,DOC_0326_S00518,"el trabajo fuera de casa, la mujer era identificada por su supuesta debilidad,",dependencia,"y una exclusiva aptitud de madre, cuidadora y ama de casa[42].","Mientras que el hombre era distinguido por su presunta independencia, racionalidad, capacidad para la adopción de importantes decisiones, asunción de grandes responsabilidades y el trabajo fuera de casa, la mujer era identificada por su supuesta debilidad, dependencia y una exclusiva aptitud de madre, cuidadora y ama de casa[42]."
dependencia,DOC_0326,Corte Constitucional,2016.0,DOC_0326_S00566,"Los estereotipos asignados a la mujer, ligados fundamentalmente a su supuesta",dependencia,", sumisión y a su exclusiva aptitud de madre, cuidadora y ama de casa, han dado","Los estereotipos asignados a la mujer, ligados fundamentalmente a su supuesta dependencia, sumisión y a su exclusiva aptitud de madre, cuidadora y ama de casa, han dado lugar a prácticas, inicialmente privadas, y luego sociales, públicas, institucionales y legales excluyentes y de profundo acento discriminatorio (iii)."
viena,DOC_0326,Corte Constitucional,2016.0,DOC_0326_S00595,"Plataforma de Acción de Beijing (1995), la Declaración y Programa de Acción de",Viena,"; la Resolución 1325 del Consejo de Seguridad de Naciones Unidas, adoptada el 31","El Estado también ha adquirido otros compromisos internacionales vinculados a la erradicación de la discriminación y la violencia, aunque no hacen parte del bloque de constitucionalidad, tales como la Declaración y Plataforma de Acción de Beijing (1995), la Declaración y Programa de Acción de Viena; la Resolución 1325 del Consejo de Seguridad de Naciones Unidas, adoptada el 31 de octubre de 2000, y el Protocolo para Prevenir, Reprimir y sancionar la Trata de Personas, especialmente Mujeres y Niños[69]. 42."
femicidio,DOC_0326,Corte Constitucional,2016.0,DOC_0326_S00638,"su recepción española, el citado vocablo inglés es traducible con la expresión “",femicidio,"”, en el ámbito latinoamericano este último término ha sido semánticamente asoci","Pese a que en su recepción española, el citado vocablo inglés es traducible con la expresión “femicidio”, en el ámbito latinoamericano este último término ha sido semánticamente asociado, por su semejanza lingüística con el “homicidio”, a la mera causación la muerte de una mujer, sin razones o motivaciones especiales y desprovista de un contexto definido."
femicidio,DOC_0326,Corte Constitucional,2016.0,DOC_0326_S00655,ano de Investigación de las Muertes Violentas de Mujeres por Razones de Género (,femicidio,"/feminicidio), elaborado por la Oficina Regional para América Central del Alto C","De la misma manera, conforme al Modelo de Protocolo Latinoamericano de Investigación de las Muertes Violentas de Mujeres por Razones de Género (femicidio/feminicidio), elaborado por la Oficina Regional para América Central del Alto Comisionado de las Naciones Unidas para los Derechos Humanos (OACNUDH), como condiciones estructurales de los feminicidios pueden identificarse la subsistencia de una cultura de violencia y discriminación basada en el género, que tiene sus raíces en conceptos relativos a la inferioridad y subordinación de las mujeres."
femicidio,DOC_0326,Corte Constitucional,2016.0,DOC_0326_S00675,"idad de género (ii), pero en el contexto latinoamericano, en lugar del vocablo “",femicidio,"”, asociado a la muerte de mujer sin específicas motivaciones, ha sido recepcion","El término tuvo su origen en la expresión inglesa “femicide” utilizada en los estudios de género para designar la muerte violenta de las mujeres por razón de su identidad de género (ii), pero en el contexto latinoamericano, en lugar del vocablo “femicidio”, asociado a la muerte de mujer sin específicas motivaciones, ha sido recepcionada como “feminicidio”, con el propósito de subrayar los rasgos discriminatorios y el móvil de género con que actúa el agente (iii)."
femicidio,DOC_0326,Corte Constitucional,2016.0,DOC_0326_S00680,ano de Investigación de las Muertes Violentas de Mujeres por Razones de Género (,femicidio,"/feminicidio), el entorno del feminicidio está caracterizado por una cultura de","De igual manera, conforme al Modelo de Protocolo Latinoamericano de Investigación de las Muertes Violentas de Mujeres por Razones de Género (femicidio/feminicidio), el entorno del feminicidio está caracterizado por una cultura de violencia y discriminación, por la subordinación, marginalidad y riesgo en el cual se encuentran las mujeres, a causa de una concepción sobre ellas de inferioridad y subordinación (ix), condiciones que hacen creer al victimario con poder suficiente para determinar la vida de ellas, sancionarlas y preservar los órdenes sociales de opresión (x)."
femicidio,DOC_0326,Corte Constitucional,2016.0,DOC_0326_S00839,"Ver, a este respecto, Munevar M., María Inés, “Delito de",femicidio,.,"Ver, a este respecto, Munevar M., María Inés, “Delito de femicidio."
femicidio,DOC_0326,Corte Constitucional,2016.0,DOC_0326_S00840,a sido una de las razones principales para preferir el término “feminicidio” a “,femicidio,” en la región.,"Muerte violenta de mujeres por razones de género”, en Revista Estudios Sociojurídicos¸ 2012, 14, (1), pp. 135-175, nota 39. [82] Esta ha sido una de las razones principales para preferir el término “feminicidio” a “femicidio” en la región."
femicidio,DOC_0326,Corte Constitucional,2016.0,DOC_0326_S00844,ano de Investigación de las Muertes Violentas de Mujeres por Razones de Género (,femicidio,"/feminicidio), párr. 40. [89] Ibíd., párr. 98. [90] Citado en la Sentencia C-297","The Politics of Woman Killing, Twayne Publishers, New York, 1992, p. 15. [84] Reporte a la Asamblea General de Naciones Unidas de la Relatora especial sobre la violencia contra la mujer, sus causas y consecuencias, Rashida Manjoo, A/HRC/20/16 párr. 15 (traducción libre). [85] Cita tomada de la Sentencia C-297 de 2016. [86] Ibíd. [87] Ibíd., párr. 18. [88] Modelo de Protocolo Latinoamericano de Investigación de las Muertes Violentas de Mujeres por Razones de Género (femicidio/feminicidio), párr. 40. [89] Ibíd., párr. 98. [90] Citado en la Sentencia C-297 de 2016. [91] Corte Interamericana de Derechos Humanos, Caso González y otras (“Campo Algodonero”) vs."
dependencia,DOC_0333,Corte Constitucional,2021.0,DOC_0333_S00335,7] que la indefensión hace referencia a una situación relacional que implica la,dependencia,de una persona respecto de otra y que le impide reaccionar efectivamente frente,"En desarrollo de este mandato, la Corte Constitucional ha establecido[157] que la indefensión hace referencia a una situación relacional que implica la dependencia de una persona respecto de otra y que le impide reaccionar efectivamente frente a una agresión iusfundamental."
viena,DOC_0333,Corte Constitucional,2021.0,DOC_0333_S00685,de conformidad con lo estipulado en los Planes de Acción de las Conferencias de,Viena,", Cairo y Beijing, por violencia económica, se entiende cualquier acción u omisi","Para efectos de la presente ley, y de conformidad con lo estipulado en los Planes de Acción de las Conferencias de Viena, Cairo y Beijing, por violencia económica, se entiende cualquier acción u omisión orientada al abuso económico, el control abusivo de las finanzas, recompensas o castigos monetarios a las mujeres por razón de su condición social, económica o política."
cairo,DOC_0333,Corte Constitucional,2021.0,DOC_0333_S00685,"ormidad con lo estipulado en los Planes de Acción de las Conferencias de Viena,",Cairo,"y Beijing, por violencia económica, se entiende cualquier acción u omisión orie","Para efectos de la presente ley, y de conformidad con lo estipulado en los Planes de Acción de las Conferencias de Viena, Cairo y Beijing, por violencia económica, se entiende cualquier acción u omisión orientada al abuso económico, el control abusivo de las finanzas, recompensas o castigos monetarios a las mujeres por razón de su condición social, económica o política."
patrimonio,DOC_0342,Corte Constitucional,2015.0,DOC_0342_S00233,e su proveedor económico (viii) El riesgo de ser despojadas de sus tierras y su,patrimonio,con mayor facilidad por los actores armados ilegales. (ix) Los riesgos derivado,"Por causa de su condición de género, las mujeres están expuestas a riesgos particulares y vulnerabilidades específicas, que a su vez son causas de desplazamiento, y por lo mismo explican en su conjunto el impacto desproporcionado del desplazamiento forzado sobre las mujeres: (i) El riesgo de violencia, explotación o abuso sexual: “La violencia sexual contra la mujer es una práctica habitual, extendida, sistemática e invisible en el contexto del conflicto armado colombiano, así como lo son la explotación y el abuso sexuales, por parte de todos los grupos armados ilegales enfrentados, y en algunos casos aislados, por parte de agentes individuales de la Fuerza Pública”. (ii) El riesgo de explotación o esclavización para ejercer labores domésticas y roles considerados como femeninos en una sociedad con rasgos patriarcales, por parte de los actores armados ilegales. (iii) El riesgo de reclutamiento forzado de sus hijos e hijas, o de otro tipo de amenazas contra ellos, agravado en casos de mujeres cabeza de familia. (iv) Los riesgos derivados del contacto familiar, afectivo o personal-voluntario, accidental o presunto-con los integrantes de alguno de los grupos armados ilegales que operan en el país, principalmente por señalamientos o retaliaciones efectuados a posteriori por los bandos enemigos. (v) Los riesgos derivados de su pertenencia a organizaciones sociales y comunitarias de mujeres o de sus labores de liderazgo y promoción de los Derechos Humanos en zonas afectadas por situaciones de violencia generalizada. (vi) El riesgo de persecución por las estrategias de control coercitivo del comportamiento público y privado de las personas implementadas por los grupos armados ilegales en extensas áreas del territorio nacional. (vii) El riesgo por el asesinato o desaparición de su proveedor económico (viii) El riesgo de ser despojadas de sus tierras y su patrimonio con mayor facilidad por los actores armados ilegales. (ix) Los riesgos derivados de la condición de discriminación y vulnerabilidad acentuada de las mujeres indígenas y afrocolombianas. (x) El riesgo por la pérdida o ausencia de su compañero o proveedor económico durante el proceso de desplazamiento. 2.4.2.1.2."
patrimonio,DOC_0342,Corte Constitucional,2015.0,DOC_0342_S00236,"n las incertidumbres por el futuro, habiendo dejado atrás sus pertenencias y su",patrimonio,", llegando a entornos desconocidos y con responsabilidades nuevas que a su turno","Así, por ejemplo, las mujeres que han sido víctimas del asesinato de sus familiares no sólo deben experimentar el dolor propio de la pérdida, sino también las incertidumbres por el futuro, habiendo dejado atrás sus pertenencias y su patrimonio, llegando a entornos desconocidos y con responsabilidades nuevas que a su turno les imponen serias cargas emocionales y anímicas."
dependencia,DOC_0342,Corte Constitucional,2015.0,DOC_0342_S00477,"tidades prestadoras de salud, y (v)designe a un profesional especializado de su",dependencia,para que acompañe a la señora Celia y su hijo durante las atenciones requeridas,"Al Grupo de violencias basadas en género de la Dirección de Promoción y Prevención que (i) emprenda un plan de verificación y seguimiento de la implementación de la Resolución 2003 de 2014, (ii) especifique mediante lineamientos, el perfil de las personas que deben capacitar a los profesionales de la salud encargados de implementar la Resolución 2003 de 2014, (iii) realice un plan de capacitación de alcance nacional a las entidades prestadoras de salud, (iv) lleve a cabo visitas de verificación a las entidades prestadoras de salud, y (v)designe a un profesional especializado de su dependencia para que acompañe a la señora Celia y su hijo durante las atenciones requeridas. 4."
patrimonio,DOC_0353,Corte Constitucional,2020.0,DOC_0353_S00000,"al del Decreto Legislativo 810 de 4 de junio de 2020, “[p]or el cual se crea el",patrimonio,"autónomo para el emprendimiento, la formalización y el fortalecimiento empresar","Sentencia C-396/20 Referencia: expediente RE-337 Revisión constitucional del Decreto Legislativo 810 de 4 de junio de 2020, “[p]or el cual se crea el patrimonio autónomo para el emprendimiento, la formalización y el fortalecimiento empresarial de las mujeres, con el fin de mitigar los efectos de la Emergencia Económica, Social y Ecológica”."
patrimonio,DOC_0353,Corte Constitucional,2020.0,DOC_0353_S00006,siguiente: “DECRETO LEGISLATIVO 810 DE 2020 (4 de junio) Por el cual se crea el,patrimonio,"autónomo para el emprendimiento, la formalización y el fortalecimiento empresar","El texto del decreto legislativo bajo examen es el siguiente: “DECRETO LEGISLATIVO 810 DE 2020 (4 de junio) Por el cual se crea el patrimonio autónomo para el emprendimiento, la formalización y el fortalecimiento empresarial de las mujeres, con el fin de mitigar los efectos de la Emergencia, Económica, Social y Ecológica EL PRESIDENTE DE LA REPÚBLICA DE COLOMBIA, en ejercicio las facultades que le confiere el artículo 215 de la Constitución Política, en concordancia con la Ley 137 de 1994, y en desarrollo de lo previsto en el Decreto 637 del 06 de mayo de 2020, “Por el cual se declara un Estado de Emergencia Económica, Social y Ecológica en todo el territorio nacional”, y CONSIDERANDO […] DECRETA: Artículo 1."
patrimonio,DOC_0353,Corte Constitucional,2020.0,DOC_0353_S00008,Crear un,patrimonio,"autónomo que servirá de vehículo para promover, financiar y apoyar el emprendim","Crear un patrimonio autónomo que servirá de vehículo para promover, financiar y apoyar el emprendimiento, la formalización y el fortalecimiento empresarial de las mujeres en Colombia, el cuál será administrado por la -sociedad fiduciaria de naturaleza pública que designe el Departamento Administrativo de la Presidencia de la República Artículo 2."
patrimonio,DOC_0353,Corte Constitucional,2020.0,DOC_0353_S00010,El,patrimonio,"autónomo tendrá por objeto la financiación, la inversión y la asistencia técnic","El patrimonio autónomo tendrá por objeto la financiación, la inversión y la asistencia técnica destinada a promover, financiar y apoyar el emprendimiento, la formalización y el fortalecimiento empresarial de las mujeres en Colombia."
patrimonio,DOC_0353,Corte Constitucional,2020.0,DOC_0353_S00013,inanciar o cofinanciar los proyectos de desarrollo acordes con la finalidad del,patrimonio,"autónomo, en especial, aquellos que apoyen el emprendimiento, la formalización","Recibir total o parcialmente aportes del Gobierno Nacional para financiar o cofinanciar los proyectos de desarrollo acordes con la finalidad del patrimonio autónomo, en especial, aquellos que apoyen el emprendimiento, la formalización y el fortalecimiento empresarial de las mujeres. 2."
patrimonio,DOC_0353,Corte Constitucional,2020.0,DOC_0353_S00014,es de las entidades territoriales beneficiarias directas de las actividades del,patrimonio,"autónomo, los que se destinarán entre otras finalidades, a la recolección y aná","Recibir aportes de las entidades territoriales beneficiarias directas de las actividades del patrimonio autónomo, los que se destinarán entre otras finalidades, a la recolección y análisis de la información de los ecosistemas de emprendimiento de las mujeres a nivel nacional, regional y sectorial para el diseño e implementación de la política pública dirigida a el emprendimiento, la formalización y el fortalecimiento empresarial de las mujeres. 3."
patrimonio,DOC_0353,Corte Constitucional,2020.0,DOC_0353_S00016,que gestionen diferentes vehículos financieros y de inversión fondeados con el,patrimonio,"autónomo, así como con otros aportes públicos, con inversión privada y con recu","Constituir y promover la constitución de sociedades gestoras de inversiones independientes, de capital público, privado o mixto, que gestionen diferentes vehículos financieros y de inversión fondeados con el patrimonio autónomo, así como con otros aportes públicos, con inversión privada y con recursos de multilaterales, para estructurar y gestionar productos y servicios financieros, esquemas de apoyo, soporte, promoción y financiación que canalicen recursos para promover el emprendimiento, la formalización y el fortalecimiento empresarial de las mujeres. 5."
patrimonio,DOC_0353,Corte Constitucional,2020.0,DOC_0353_S00055,"Por ello, destacó que el",patrimonio,"autónomo atendería a todas las mujeres, principalmente a las que se ubican en l","Por ello, destacó que el patrimonio autónomo atendería a todas las mujeres, principalmente a las que se ubican en los sectores más afectados por la coyuntura, y que, dada la naturaleza de la actividad que desarrollan, se han mantenido en la informalidad lo que ha dificultado que accedan a activos como créditos y asistencia técnica."
patrimonio,DOC_0353,Corte Constitucional,2020.0,DOC_0353_S00056,riales o unidades productivas de mujeres que aún no están formalizadas y que el,patrimonio,autónomo entraría a apoyar en el proceso de formalización y fortalecimiento emp,"En concreto: a) empresas ya constituidas con enfoque femenino que requieren de medidas de reactivación y de dinamización productiva o económica; b) iniciativas empresariales o unidades productivas de mujeres que aún no están formalizadas y que el patrimonio autónomo entraría a apoyar en el proceso de formalización y fortalecimiento empresarial; c) mujeres trabajadoras de las empresas que estarían en riesgo de perder sus empleos; y d) empresas que incorporan en su cadena de valor a mujeres, ya sea como proveedoras y comercializadoras, entre otras actividades. iii) ¿Cuáles son las razones específicas que fundamentan la creación de este patrimonio autónomo bajo el estado de emergencia económica y mediante Decreto legislativo?"
patrimonio,DOC_0353,Corte Constitucional,2020.0,DOC_0353_S00063,"rídico, tales como la expedición de una ley de la República que constituyera el",patrimonio,"y le asignara una partida presupuestal, hubiese implicado que se tomara los tie","Si bien la finalidad del decreto podría haberse alcanzado por los medios ordinarios disponibles en el ordenamiento jurídico, tales como la expedición de una ley de la República que constituyera el patrimonio y le asignara una partida presupuestal, hubiese implicado que se tomara los tiempos propios del trámite legislativo, los cuales en esta situación de crisis impiden que se dé una respuesta y se reaccione de forma oportuna por parte del Estado para atender y corregir los efectos negativos de la pandemia en la población femenina. v) ¿Cuáles son las condiciones mínimas de acceso y la forma de establecer los montos autorizados a “las empresas con enfoque femenino, iniciativas empresariales de mujeres y a las mujeres trabajadoras” destinatarias de la financiación a cargo del patrimonio autónomo?"
patrimonio,DOC_0353,Corte Constitucional,2020.0,DOC_0353_S00064,rá el representante del sector privado que hará parte del consejo directivo del,patrimonio,"autónomo, según el artículo 7° del Decreto bajo examen.","Adujo que las condiciones mínimas de acceso serán para los cuatro grupos poblacionales de mujeres, cuyos montos se definirán de acuerdo al tipo de emprendimiento o iniciativa empresarial y la línea de acción (asistencia técnica o acceso a financiación) a la que aplique. vi) Explique la forma en la que se designará el representante del sector privado que hará parte del consejo directivo del patrimonio autónomo, según el artículo 7° del Decreto bajo examen."
patrimonio,DOC_0353,Corte Constitucional,2020.0,DOC_0353_S00067,"Enfatizó que la crisis se agudiza en las mujeres, por ello se creó el",patrimonio,autónomo para mitigar y superar los efectos negativos causados por la pandemia,"Enfatizó que la crisis se agudiza en las mujeres, por ello se creó el patrimonio autónomo para mitigar y superar los efectos negativos causados por la pandemia a las empresas con enfoque femenino, entendido este como las iniciativas empresariales o unidades productivas fundadas por mujeres o cofundadas por mujeres, así como aquellas que desarrollen productos y servicios que impactan positivamente a las mujeres y sus entornos, incorporan en su cadena de valor a mujeres, promueven la igualdad de género en el lugar de trabajo, reconocen el aporte de las mujeres en el trabajo no remunerado y de cuidado en el hogar y estimulan la redistribución de este y, finalmente, incentivan procesos para que las mujeres ganen competencias en nuevas tecnologías y se cierren brechas de género."
patrimonio,DOC_0353,Corte Constitucional,2020.0,DOC_0353_S00071,"tre el Decreto 810 y la declaratoria de emergencia, ya que la norma que crea el",patrimonio,autónomo tendiente a incentivar y apoyar técnica y económicamente el emprendimi,"Exequibilidad Federación Colombiana de Municipios Expresó que existe una relación directa entre el Decreto 810 y la declaratoria de emergencia, ya que la norma que crea el patrimonio autónomo tendiente a incentivar y apoyar técnica y económicamente el emprendimiento de las mujeres."
patrimonio,DOC_0353,Corte Constitucional,2020.0,DOC_0353_S00080,Expresó que el,patrimonio,"autónomo servirá de vehículo para promover, financiar y apoyar el emprendimient","Expresó que el patrimonio autónomo servirá de vehículo para promover, financiar y apoyar el emprendimiento, la formalización y el fortalecimiento empresarial de las mujeres en Colombia."
patrimonio,DOC_0353,Corte Constitucional,2020.0,DOC_0353_S00096,"n en la mujer rural, ya que resulta difícil que ella pueda ser beneficiaria del",patrimonio,"autónomo, si entre los obstáculos se encuentran la limitación al acceso de créd","Recomendó fijar la atención en la mujer rural, ya que resulta difícil que ella pueda ser beneficiaria del patrimonio autónomo, si entre los obstáculos se encuentran la limitación al acceso de créditos, la falta de asistencia técnica, el analfabetismo, las costumbres y los estereotipos patriarcales."
patrimonio,DOC_0353,Corte Constitucional,2020.0,DOC_0353_S00100,"A su juicio, el",patrimonio,"autónomo busca promover, financiar y apoyar el emprendimiento, la formalización","A su juicio, el patrimonio autónomo busca promover, financiar y apoyar el emprendimiento, la formalización y el fortalecimiento empresarial de las mujeres en Colombia."
patrimonio,DOC_0353,Corte Constitucional,2020.0,DOC_0353_S00104,a determinar quiénes son los beneficiarios de las ayudas prestadas a través del,patrimonio,"autónomo, la norma no tiene una finalidad discriminatoria sino que busca dotar","Luego, al adelantar el estudio individual de los criterios materiales, concluyó que: i) los asuntos regulados en el decreto no solo guardan una relación directa con la declaratoria del estado de emergencia económica, social y ecológica y con las consideraciones que motivaron su propia expedición, sino que además desarrollan los objetivos perseguidos en el Decreto 637 de 2020, teniendo en cuenta que la actual coyuntura del COVID-19 amenaza con retroceder los esfuerzos y los logros alcanzados en las últimas dos décadas en cuestiones de género; y ii) no incorpora reglas que impliquen la restricción de los derechos fundamentales, sino que refuerza su garantía, específicamente frente al derecho a la igualdad en su dimensión material, pues si bien se utiliza el sexo como criterio de diferenciación entre hombres y mujeres para determinar quiénes son los beneficiarios de las ayudas prestadas a través del patrimonio autónomo, la norma no tiene una finalidad discriminatoria sino que busca dotar a las mujeres emprendedoras y trabajadoras de los recursos y conocimientos técnicos para hacer frente a una pandemia que las ha afectado de forma particular. 8."
patrimonio,DOC_0353,Corte Constitucional,2020.0,DOC_0353_S00112,lena establecer si el Decreto Legislativo 810 de 2020 “[p]or el cual se crea el,patrimonio,"autónomo para el emprendimiento, la formalización y el fortalecimiento empresar","Corresponde a la Sala Plena establecer si el Decreto Legislativo 810 de 2020 “[p]or el cual se crea el patrimonio autónomo para el emprendimiento, la formalización y el fortalecimiento empresarial de las mujeres, con el fin de mitigar los efectos de la Emergencia, Económica, Social y Ecológica”, cumple las exigencias formales y materiales establecidas en la Constitución y en la Ley 137 de 19946F[7]. 3."
patrimonio,DOC_0353,Corte Constitucional,2020.0,DOC_0353_S00118,"presarial de las mujeres en Colombia, cuyos recursos se canalizarán mediante un",patrimonio,autónomo que será administrado por un encargo fiduciario público definido por e,"El artículo 1º dispone la creación de un mecanismo para promover, financiar y apoyar el emprendimiento, la formalización y el fortalecimiento empresarial de las mujeres en Colombia, cuyos recursos se canalizarán mediante un patrimonio autónomo que será administrado por un encargo fiduciario público definido por el Departamento Administrativo de la Presidencia de la República -Dapre-."
patrimonio,DOC_0353,Corte Constitucional,2020.0,DOC_0353_S00142,"cciones de financiación, inversión y asistencia técnica, organizada mediante un",patrimonio,autónomo que será administrado por una sociedad fiduciaria de derecho público e,"Como se ha reseñado a lo largo de esta providencia, el decreto objeto de revisión instituyó una herramienta tendiente a promover, financiar y apoyar el emprendimiento, la formalización y el fortalecimiento empresarial de las mujeres en Colombia, a través de acciones de financiación, inversión y asistencia técnica, organizada mediante un patrimonio autónomo que será administrado por una sociedad fiduciaria de derecho público elegida por el Dapre."
patrimonio,DOC_0353,Corte Constitucional,2020.0,DOC_0353_S00146,"De esta forma, la creación del",patrimonio,autónomo y sus medidas de financiación y administración propenden por ayudar a,"De esta forma, la creación del patrimonio autónomo y sus medidas de financiación y administración propenden por ayudar a mitigar los efectos económicos de la pandemia sobre las mujeres, ya que promueve, financia y apoya el emprendimiento, la formalización y el fortalecimiento de las empresas con enfoque femenino, lo que incluye a: i) las empresas registradas dentro de las actividades más afectadas por la emergencia y que emplean principalmente a mujeres y ii) los micro y pequeños negocios en propiedad de mujeres."
patrimonio,DOC_0353,Corte Constitucional,2020.0,DOC_0353_S00149,"las causas que dieron lugar a la emergencia, al permitir que por intermedio del",patrimonio,autónomo se adopten programas focalizados para las mujeres y se habiliten las c,"Así las cosas, la Presidencia concluyó que las medidas tienen una finalidad que pretende conjurar las causas que dieron lugar a la emergencia, al permitir que por intermedio del patrimonio autónomo se adopten programas focalizados para las mujeres y se habiliten las condiciones para tener intervenciones sostenibles y rentables, así como al articular con entidades financieras de primer o segundo piso y con fondos de inversión, la estructuración y colocación de productos y servicios financieros y no financieros para el segmento empresarial de la mujer, lo que repercutirá en menores índices de pobreza, mayor empoderamiento femenino y reducción de la violencia contra las mujeres."
patrimonio,DOC_0353,Corte Constitucional,2020.0,DOC_0353_S00243,"Frente al juicio de necesidad fáctica, la Sala Plena advierte la creación del",patrimonio,"autónomo del artículo 1º y las demás reglas que subyacen al mismo (su objeto, f","Frente al juicio de necesidad fáctica, la Sala Plena advierte la creación del patrimonio autónomo del artículo 1º y las demás reglas que subyacen al mismo (su objeto, finalidades y funcionamiento) se dirigen de modo efectivo a contrarrestar los efectos de la pandemia en la economía y específicamente el impacto exacerbado que genera en las mujeres trabajadoras."
patrimonio,DOC_0353,Corte Constitucional,2020.0,DOC_0353_S00248,"En efecto, la creación del",patrimonio,autónomo cumple a cabalidad con el juicio de necesidad fáctica en la medida en,"En efecto, la creación del patrimonio autónomo cumple a cabalidad con el juicio de necesidad fáctica en la medida en que como lo señala el mismo precepto, busca convertirse en un vehículo que permitirá promover, financiar y apoyar el emprendimiento, la formalización y el fortalecimiento empresarial de las mujeres del país."
patrimonio,DOC_0353,Corte Constitucional,2020.0,DOC_0353_S00252,lo explicó la Presidencia de la República en su intervención: “De no crearse el,patrimonio,"autónomo, y con el consecuente aumento acelerado de los efectos adversos que es","Como lo explicó la Presidencia de la República en su intervención: “De no crearse el patrimonio autónomo, y con el consecuente aumento acelerado de los efectos adversos que está teniendo la pandemia sobre la vida productiva de las mujeres -que podrían ser irreversibles-, sería muy complejo y tomaría mucho más tiempo al Gobierno nacional adoptar medidas orientadas a evitar la pérdida de empleos y a que se conserven los actuales, y también se complicaría la adopción de procesos sostenibles en el ámbito empresarial que permitan la superación de las condiciones de desigualdad económica en las mujeres”37F[38]."
patrimonio,DOC_0353,Corte Constitucional,2020.0,DOC_0353_S00258,En cuanto a las finalidades del,patrimonio,"autónomo, se advierte que las descritas en el artículo 3 relacionadas con recib","En cuanto a las finalidades del patrimonio autónomo, se advierte que las descritas en el artículo 3 relacionadas con recibir distintos recursos por intermedio de una sociedad gestora, destinados a la estructuración y colocación de productos y servicios financieros para las mujeres y para prestar asistencia técnica en la estructuración e implementación de iniciativas empresariales, promoviendo la comercialización de sus productos y servicios, contribuye efectivamente a disminuir el impacto de la pandemia en las empresas constituidas por ellas o en aquellas que están por formalizarse o de aquellas que están a punto de perder sus empleos."
patrimonio,DOC_0353,Corte Constitucional,2020.0,DOC_0353_S00259,"A su vez, la medida resulta acorde con esa finalidad, en tanto el",patrimonio,autónomo podrá articular con entidades financieras de primer o segundo piso y c,"A su vez, la medida resulta acorde con esa finalidad, en tanto el patrimonio autónomo podrá articular con entidades financieras de primer o segundo piso y con fondos de inversión, la estructuración y colocación de productos y servicios financieros y no financieros para las mujeres a las que está destinado."
patrimonio,DOC_0353,Corte Constitucional,2020.0,DOC_0353_S00262,"Para la Corte, el",patrimonio,"autónomo se constituye así en un vehículo que fomenta el emprendimiento, la for","Para la Corte, el patrimonio autónomo se constituye así en un vehículo que fomenta el emprendimiento, la formalización y el fortalecimiento empresarial de las mujeres, que será lo que permita conjurar las causas de la pandemia, sus efectos en el sector femenino y que genere condiciones para avanzar en la superación de las mismas."
patrimonio,DOC_0353,Corte Constitucional,2020.0,DOC_0353_S00295,"inario ante el legislador podría tardar un tiempo considerable, mientras que el",patrimonio,autónomo creado en el decreto legislativo plantea una solución para la situació,"Lo anterior, debido a que el trámite ordinario ante el legislador podría tardar un tiempo considerable, mientras que el patrimonio autónomo creado en el decreto legislativo plantea una solución para la situación de las mujeres agravada por el impacto diferencial de la pandemia."
patrimonio,DOC_0353,Corte Constitucional,2020.0,DOC_0353_S00306,si es constitucional la medida que confiere régimen privado de contratación al,patrimonio,"autónomo creado en el Decreto Legislativo 810 de 2020, frente a los artículos 2","Por otra parte, al verificar los juicios de incompatibilidad y no contradicción específica, corresponde a esta Corporación resolver si es constitucional la medida que confiere régimen privado de contratación al patrimonio autónomo creado en el Decreto Legislativo 810 de 2020, frente a los artículos 209 y 267 superiores, en atención a que la Universidad Libre de Colombia solicitó condicionar el artículo 5 examinado a que la contratación adelantada por el mecanismo de promoción, fortalecimiento y financiación del emprendimiento de mujeres debe surtirse mediante el procedimiento de contratación directa contenido en el Estatuto de Contratación Estatal. 42."
patrimonio,DOC_0353,Corte Constitucional,2020.0,DOC_0353_S00336,"es en favor de personas naturales o jurídicas de derecho privado”, en cuanto el",patrimonio,"autónomo creado en el artículo 1º del decreto legislativo, que servirá de vehíc","En concreto, la Corte considera que no se desconoce el artículo 355 superior que prohíbe “decretar auxilios o donaciones en favor de personas naturales o jurídicas de derecho privado”, en cuanto el patrimonio autónomo creado en el artículo 1º del decreto legislativo, que servirá de vehículo para promover, financiar y apoyar el emprendimiento, la formalización y el fortalecimiento empresarial de las mujeres en Colombia, no constituye ningún auxilio o donación68F[69] que beneficie a particulares."
patrimonio,DOC_0353,Corte Constitucional,2020.0,DOC_0353_S00337,"En efecto, el artículo 3 bajo examen dispone que el",patrimonio,autónomo podrá articular con entidades financieras de primer o segundo piso y c,"En efecto, el artículo 3 bajo examen dispone que el patrimonio autónomo podrá articular con entidades financieras de primer o segundo piso y con fondos de inversión, la estructuración y colocación de productos y servicios financieros y no financieros para el segmento empresarial de la mujer."
patrimonio,DOC_0353,Corte Constitucional,2020.0,DOC_0353_S00350,"Además, la creación del",patrimonio,"autónomo propende por materializar el deber de protección de las mujeres, como","Además, la creación del patrimonio autónomo propende por materializar el deber de protección de las mujeres, como un grupo poblacional históricamente discriminado con fundamento en un criterio sospechoso como el sexo."
patrimonio,DOC_0353,Corte Constitucional,2020.0,DOC_0353_S00351,"Aunado a lo anterior, el",patrimonio,"autónomo pretende apoyar el emprendimiento de las mujeres, lo que se justifica","Aunado a lo anterior, el patrimonio autónomo pretende apoyar el emprendimiento de las mujeres, lo que se justifica en tanto ellas sufren con mayor rigor los efectos de la pandemia y, por tanto, requieren de medidas que de forma efectiva y real promuevan los emprendimientos en los escenarios en los que ellas resultan afectadas."
patrimonio,DOC_0353,Corte Constitucional,2020.0,DOC_0353_S00352,"Así, el",patrimonio,"se convierte en el vehículo efectivamente conducente para promover, financiar y","Así, el patrimonio se convierte en el vehículo efectivamente conducente para promover, financiar y apoyar el emprendimiento, la formalización y el fortalecimiento empresarial de las mujeres del país, lo que redunda en beneficios sociales y económicos, por lo que no se advierte una desproporción evidente que suponga un sacrificio desmesurado de derecho, principio, regla o valor constitucional alguno."
patrimonio,DOC_0353,Corte Constitucional,2020.0,DOC_0353_S00355,que el artículo 1º del Decreto Legislativo 810 de 2020 dispone la creación del,patrimonio,"autónomo y establece que este “servirá de vehículo para promover, financiar y a","En este sentido, la Sala advierte que el artículo 1º del Decreto Legislativo 810 de 2020 dispone la creación del patrimonio autónomo y establece que este “servirá de vehículo para promover, financiar y apoyar el emprendimiento, la formalización y el fortalecimiento empresarial de las mujeres en Colombia”."
patrimonio,DOC_0353,Corte Constitucional,2020.0,DOC_0353_S00356,Las disposiciones que se relacionan con el objeto y las finalidades de dicho,patrimonio,", refieren únicamente a “las mujeres”. 54.","Las disposiciones que se relacionan con el objeto y las finalidades de dicho patrimonio, refieren únicamente a “las mujeres”. 54."
patrimonio,DOC_0353,Corte Constitucional,2020.0,DOC_0353_S00357,te considerativa del decreto especificó los tres escenarios que debe atender el,patrimonio,autónomo: i) empresas ya constituidas con enfoque femenino que requieren de med,"Sobre el particular, la parte final de la parte considerativa del decreto especificó los tres escenarios que debe atender el patrimonio autónomo: i) empresas ya constituidas con enfoque femenino que requieren de medidas de reactivación y de dinamización productiva o económica; ii) iniciativas empresariales de mujeres que aún no están formalizadas y que el patrimonio entraría a apoyar en el proceso de formalización y fortalecimiento empresarial; y iii) mujeres trabajadoras de las empresas que estarían en estado de vulneración y de riesgo de perder sus empleos."
patrimonio,DOC_0353,Corte Constitucional,2020.0,DOC_0353_S00361,"ón objeto de la medida creada y que, si la decisión del Gobierno fue dirigir el",patrimonio,"autónomo a la promoción, fortalecimiento y financiación del emprendimiento de l","En este punto, se destaca que no corresponde a la Corte limitar la población objeto de la medida creada y que, si la decisión del Gobierno fue dirigir el patrimonio autónomo a la promoción, fortalecimiento y financiación del emprendimiento de las mujeres, sin mayor distinción, ello obedeció a los estudios serios, las cifras precisas de impacto económico, la discriminación que a lo largo de la historia han sufrido las mujeres y cómo ellas son las más afectadas por la pandemia. 56."
patrimonio,DOC_0353,Corte Constitucional,2020.0,DOC_0353_S00363,"ldad material que propugna el artículo 13 superior, pues el establecimiento del",patrimonio,autónomo representa un mecanismo para la reactivación económica y la generación,"Al contrario, las disposiciones examinadas no solo encuentran respaldo en la Constitución, sino que además materializan la igualdad material que propugna el artículo 13 superior, pues el establecimiento del patrimonio autónomo representa un mecanismo para la reactivación económica y la generación de nuevos empleos en beneficio de un grupo poblacional altamente discriminado por razón de su género."
patrimonio,DOC_0353,Corte Constitucional,2020.0,DOC_0353_S00372,"De conformidad con ello, cualquier determinación referida a la duración del",patrimonio,"autónomo para la promoción, financiación y fortalecimiento de las iniciativas e","De conformidad con ello, cualquier determinación referida a la duración del patrimonio autónomo para la promoción, financiación y fortalecimiento de las iniciativas empresariales de las mujeres creado en el decreto objeto de revisión corresponde al legislativo en virtud de dicho mandato constitucional."
patrimonio,DOC_0354,Corte Constitucional,2022.0,DOC_0354_S00262,"honrosa, para ello es necesario que ostente la capacidad de producir daño en el",patrimonio,"moral, y su gravedad no dependerá del efecto o la sensación que produzca en el","La Sala de Casación de la Corte Suprema de Justicia ha señalado que las imputaciones deben lesionar de forma real y efectiva el buen nombre y honra de la víctima, pues «no toda opinión o manifestación causante de desazón, pesadumbre o molestias al amor propio puede calificarse de deshonrosa, para ello es necesario que ostente la capacidad de producir daño en el patrimonio moral, y su gravedad no dependerá del efecto o la sensación que produzca en el ánimo del ofendido, ni del entendimiento que éste le dé, sino de la ponderación objetiva que de ella haga el juez de cara al núcleo esencial del derecho».[83] 50."
patrimonio,DOC_0354,Corte Constitucional,2022.0,DOC_0354_S00329,as leyes civiles que establecieron restricciones sobre el manejo de bienes o el,patrimonio,en manos de mujeres.[105] Otras se reflejan en prácticas que asumían que las mu,"En línea con los anteriores pronunciamientos, la jurisprudencia constitucional también ha reconocido que la violencia contra la mujer está sustentada en prejuicios y estereotipos relacionados con su rol en la familia y la sociedad.[104] Esos estereotipos muchas veces fueron acordados de forma implícita o expresa por la sociedad, como por ejemplo las leyes civiles que establecieron restricciones sobre el manejo de bienes o el patrimonio en manos de mujeres.[105] Otras se reflejan en prácticas que asumían que las mujeres eran personas que debían dedicar su tiempo al hogar y la familia, y por tanto, debían mantenerse al margen de la política o de los fueros públicos."
dependencia,DOC_0354,Corte Constitucional,2022.0,DOC_0354_S00332,"a ha situado en una posición de inferioridad frente al hombre, reforzado por la",dependencia,socioeconómica.,"La Corte ha afirmado al respecto: «Así, tradicionalmente el rol que le correspondía a la mujer la excluía de la participación en espacios públicos, del estudio y el trabajo y de la posibilidad de ejercer derechos políticos, lo cual la ha situado en una posición de inferioridad frente al hombre, reforzado por la dependencia socioeconómica."
patrimonio,DOC_0360,Corte Constitucional,2015.0,DOC_0360_S00191,"ienes jurídicos colectivos tan importantes para el conglomerado social, como el",patrimonio,"público, el espacio público, la seguridad y salubridad públicas, la moral admin","Del mismo modo, se ha precisado que la seguridad es un derecho colectivo, “es decir, un derecho que asiste en forma general a todos los miembros de la sociedad, quienes se pueden ver afectados por circunstancias que pongan en riesgo bienes jurídicos colectivos tan importantes para el conglomerado social, como el patrimonio público, el espacio público, la seguridad y salubridad públicas, la moral administrativa, el medio ambiente o la libre competencia económica (Art. 88, C.P.).”[67] Finalmente, la Corte también ha considerado a la seguridad como un derecho individual, en la medida en que es “aquél que faculta a las personas para recibir protección adecuada por parte de las autoridades, cuando quiera que estén expuestas a [amenazas] que no tienen el deber jurídico de tolerar, por rebasar éstas los niveles soportables de peligro implícitos en la vida en sociedad; en esa medida el derecho a la seguridad constituye una manifestación del principio de igualdad ante las cargas públicas, materializa las finalidades más básicas asignadas a las autoridades del Constituyente, garantiza la protección de los derechos fundamentales de los más vulnerables, discriminados y perseguidos, y manifiesta la primacía del principio de equidad.”[68] 4.4."
patrimonio,DOC_0360,Corte Constitucional,2015.0,DOC_0360_S00621,apoyo material y social; (viii) el riesgo de ser despojadas de sus tierras y su,patrimonio,con mayor facilidad por los actores armados ilegales dada su posición histórica,"Manuel José Cepeda Espinosa. [94] Estos riesgos son: “(i) el riesgo de violencia sexual, explotación sexual o abuso sexual en el marco del conflicto armado; (ii) el riesgo de explotación o esclavización para ejercer labores domésticas y roles considerados femeninos en una sociedad con rasgos patriarcales, por parte de los actores armados ilegales; (iii) el riesgo de reclutamiento forzado de sus hijos e hijas por los actores armados al margen de la ley, o de otro tipo de amenazas contra ellos, que se hace más grave cuando la mujer es cabeza de familia; (iv) los riesgos derivados del contacto o de las relaciones familiares o personales-voluntarias, accidentales o presuntas-con los integrantes de alguno de los grupos armados ilegales que operan en el país o con miembros de la Fuerza Pública, principalmente por señalamientos o retaliaciones efectuados a posteriori por los bandos ilegales enemigos; (v) los riesgos derivados de su pertenencia a organizaciones sociales, comunitarias o políticas de mujeres, o de sus labores de liderazgo y promoción de los derechos humanos en zonas afectadas por el conflicto armado; (vi) el riesgo de persecución y asesinato por las estrategias de control coercitivo del comportamiento público y privado de las personas que implementan los grupos armados ilegales en extensas áreas del territorio nacional; (vii) el riesgo por el asesinato o desaparición de su proveedor económico o por la desintegración de sus grupos familiares y de sus redes de apoyo material y social; (viii) el riesgo de ser despojadas de sus tierras y su patrimonio con mayor facilidad por los actores armados ilegales dada su posición histórica ante la propiedad, especialmente las propiedades inmuebles rurales; (ix) los riesgos derivados de la condición de discriminación y vulnerabilidad acentuada de las mujeres indígenas y afrodescendientes; y (x) el riesgo por la pérdida o ausencia de su compañero o proveedor económico durante el proceso de desplazamiento”. [95] En esta categoría se encuentran: “(i) la violencia y el abuso sexuales, incluida la prostitución forzada, la esclavitud sexual o la trata de personas con fines de explotación sexual; (ii) la violencia intrafamiliar y la violencia comunitaria por motivos de género; (iii) el desconocimiento y vulneración de su derecho a la salud y especialmente de sus derechos sexuales y reproductivos a todo nivel, con particular gravedad en el caso de las niñas y adolescentes pero también de las mujeres gestantes y lactantes; (iv) la asunción del rol de jefatura de hogar femenina sin las condiciones de subsistencia material mínimas requeridas por el principio de dignidad humana, con especiales complicaciones en casos de mujeres con niños pequeños, mujeres con problemas de salud, mujeres con discapacidad o adultas mayores; (v) obstáculos agravados en el acceso al sistema educativo; (vi) obstáculos agravados en la inserción al sistema económico y en el acceso a oportunidades laborales y productivas; (vii) la explotación doméstica y laboral, incluida la trata de personas con fines de explotación económica; (viii) obstáculos agravados en el acceso a la propiedad de la tierra y en la protección de su patrimonio hacia el futuro, especialmente en los planes de retorno y reubicación; (ix) los cuadros de discriminación social aguda de las mujeres indígenas y afrodescendientes desplazadas; (x) la violencia contra las mujeres líderes o que adquieren visibilidad pública por sus labores de promoción social, cívica o de los derechos humanos; (xi) la discriminación en su inserción a espacios públicos y políticos, con impacto especial sobre su derecho a la participación; y (xii) el desconocimiento frontal de sus derechos como víctimas del conflicto armado a la justicia, la verdad, la reparación y la garantía de no repetición."
patrimonio,DOC_0363,Corte Constitucional,2018.0,DOC_0363_S01171,"didas adecuadas la historia de opresión de un pueblo, dado que hace parte de su",patrimonio,";” y, además, “[e]sas medidas deben estar encaminadas a preservar del olvido la","Tal como se anunció, conforme al conjunto de principios actualizado para la protección y la promoción de los derechos humanos mediante la lucha contra la impunidad, el derecho a saber comprende: (i) el derecho inalienable de cada pueblo a la verdad, lo que implica conocer los acontecimientos del pasado relacionados con los crímenes aberrantes, las circunstancias y los motivos que los generaron; (ii) el deber de recordar, esto es, de conservar a través de las medidas adecuadas la historia de opresión de un pueblo, dado que hace parte de su patrimonio;” y, además, “[e]sas medidas deben estar encaminadas a preservar del olvido la memoria colectiva y, en particular, evitar que surjan tesis revisionistas y negacionistas; y, (iii) el derecho a saber de las víctimas y sus familias, que implica conocer la verdad acerca de las circunstancias en que se cometieron las violaciones y, en caso de fallecimiento o desaparición, acerca de la suerte que corrió la víctima."
patrimonio,DOC_0367,Corte Constitucional,2002.0,DOC_0367_S00006,todos los pueblos están unidos por estrechos lazos y sus culturas configuran un,patrimonio,común y observando con preocupación que este delicado mosaico puede romperse en,"El Congreso de la República Visto el texto del Estatuto de Roma de la Corte Penal Internacional, hecho en Roma, el día diecisiete (17) de julio de mil novecientos noventa y ocho (1998), que a la letra dice: (Para ser transcrito: se adjunta fotocopia del texto íntegro del instrumento internacional mencionado). «ESTATUTO DE ROMA DE LA CORTE PENAL INTERNACIONAL PREAMBULO Los Estados Partes en el presente Estatuto, Conscientes de que todos los pueblos están unidos por estrechos lazos y sus culturas configuran un patrimonio común y observando con preocupación que este delicado mosaico puede romperse en cualquier momento, Teniendo presente que, en este siglo, millones de niños, mujeres y hombres han sido víctimas de atrocidades que desafían la imaginación y conmueven profundamente la conciencia de la humanidad, Reconociendo que esos graves crímenes constituyen una amenaza para la paz, la seguridad y el bienestar de la humanidad, Afirmando que los crímenes más graves de trascendencia para la comunidad internacional en su conjunto no deben quedar sin castigo y que, a tal fin, hay que adoptar medidas en el plano nacional e intensificar la cooperación internacional para asegurar que sean efectivamente sometidos a la acción de la justicia, Decididos a poner fin a la impunidad de los autores de esos crímenes y a contribuir así a la prevención de nuevos crímenes, Recordando que es deber de todo Estado ejercer su jurisdicción penal contra los responsables de crímenes internacionales, Reafirmando los Propósitos y Principios de la Carta de las Naciones Unidas y, en particular, que los Estados se abstendrán de recurrir a la amenaza o al uso de la fuerza contra la integridad territorial o la independencia política de cualquier Estado o en cualquier otra forma incompatible con los propósitos de las Naciones Unidas, Destacando, en este contexto, que nada de lo dispuesto en el presente Estatuto deberá entenderse en el sentido de que autorice a un Estado Parte a intervenir en una situación de conflicto armado o en los asuntos internos de otro Estado, Decididos, a los efectos de la consecución de esos fines y en interés de las generaciones presentes y futuras, a establecer una Corte Penal Internacional de carácter permanente, independiente y vinculada con el sistema de las Naciones Unidas que tenga competencia sobre los crímenes más graves de trascendencia para la comunidad internacional en su conjunto, Destacando que la Corte Penal Internacional establecida en virtud del presente Estatuto será complementaria de las jurisdicciones penales nacionales, Decididos a garantizar que la justicia internacional sea respetada y puesta en práctica en forma duradera, Han convenido en lo siguiente: PARTE I DEL ESTABLECIMIENTO DE LA CORTE Artículo 1°."
dependencia,DOC_0367,Corte Constitucional,2002.0,DOC_0367_S00229,El Secretario establecerá una,Dependencia,de Víctimas y Testigos dentro de la Secretaría.,El Secretario establecerá una Dependencia de Víctimas y Testigos dentro de la Secretaría.
dependencia,DOC_0367,Corte Constitucional,2002.0,DOC_0367_S00230,Esta,Dependencia,", en consulta con la Fiscalía, adoptará medidas de protección y dispositivos de","Esta Dependencia, en consulta con la Fiscalía, adoptará medidas de protección y dispositivos de seguridad y prestará asesoramiento y otro tipo de asistencia a testigos y víctimas que comparezcan ante la Corte, y a otras personas que estén en peligro en razón del testimonio prestado."
dependencia,DOC_0367,Corte Constitucional,2002.0,DOC_0367_S00231,La,Dependencia,"contará con personal especializado para atender a las víctimas de traumas, incl","La Dependencia contará con personal especializado para atender a las víctimas de traumas, incluidos los relacionados con delitos de violencia sexual."
dependencia,DOC_0367,Corte Constitucional,2002.0,DOC_0367_S00395,La,Dependencia,de Víctimas y Testigos podrá asesorar al Fiscal y a la Corte acerca de las medi,"La Dependencia de Víctimas y Testigos podrá asesorar al Fiscal y a la Corte acerca de las medidas adecuadas de protección, los dispositivos de seguridad, el asesoramiento y la asistencia a que se hace referencia en el párrafo 6 del artículo 43. 5."
dependencia,DOC_0381,Corte Constitucional,2022.0,DOC_0381_S00560,"Este fenómeno reproduce, además, situaciones de vulnerabilidad y",dependencia,"de las mujeres respecto de los hombres y, por ende, amplia la brecha de partici","Este fenómeno reproduce, además, situaciones de vulnerabilidad y dependencia de las mujeres respecto de los hombres y, por ende, amplia la brecha de participación laboral entre los dos sexos."
patrimonio,DOC_0381,Corte Constitucional,2022.0,DOC_0381_S00861,"ales o urbanas, trabajar con víctimas del conflicto armado, servir de vigía del",patrimonio,"cultural, etc.","Se aceptará la objeción de conciencia al uso y porte de armas.” Gaceta Constitucional No. 139, pág. 4. [192] CP art. 2. [193] En el mismo sentido se pronunció recientemente la Corte en las sentencias C-084 de 2020 y C-433 de 2021. [194] Se citan, además, las sentencias C-740 de 2001, C-456 de 2002, C-621 de 2007, C-755 de 2008 y C-728 de 2009. [195] Lo anterior igualmente ha sido señalado en las sentencias T-099 de 2015 y C-084 de 2020. [196] En este sentido, por ejemplo, el artículo 12 de la Ley 1861 de 2017 consagra las cláusulas de exoneración del servicio militar obligatorio. [197] En esta línea se advierte (i) la posibilidad de prestar servicios ambientales (Ley 1861 de 2017, art. 16); (ii) la autorización para que el Gobierno nacional incorpore un componente social en el servicio militar obligatorio, para el desarrollo de actividades que promuevan “la salud, educación, protección ambiental, atención de desastres naturales y antrópicos, así como las demás encaminadas a estos fines”; y (iii) la reciente creación del servicio social para la paz, “como una alternativa al servicio militar”, dispuesta en la Ley 2272 de 2022, para el desarrollo, entre otras, de actividades de servicio social que permitan promover la alfabetización digital en zonas rurales o urbanas, trabajar con víctimas del conflicto armado, servir de vigía del patrimonio cultural, etc."
patrimonio,DOC_0381,Corte Constitucional,2022.0,DOC_0381_S00874,apoyo material y social; (viii) el riesgo de ser despojadas de sus tierras y su,patrimonio,con mayor facilidad por los actores armados ilegales dada su posición histórica,"Gran Encuesta Integrada de Hogares (GEIH) 2008-2019. [238] DANE, ONU Mujeres y CPEM, ""Mujeres y hombres: brechas de género en Colombia”, 1ra ed. 2020, pág. 38. [239] https://colombia.unwomen.org/es/stories/noticia/2022/11/mujeres-y-hombres-brechas-de-genero-en-colombia [240] DANE, ONU Mujeres y CPEM, ""Mujeres y hombres: brechas de género en Colombia”, 1ra ed. 2020, pág. 98. [241] Ibidem, pg. 108. [242] DANE, ONU Mujeres y CPEM, ""Mujeres y hombres: brechas de género en Colombia”, 1ra ed. 2020, pág. 30. [243] DANE, ONU Mujeres y CPEM, ""Mujeres y hombres: brechas de género en Colombia”, 1ra ed. 2020, pág. 48. [244] DANE, ONU Mujeres y CPEM, ""Mujeres y hombres: brechas de género en Colombia”, 1ra ed. 2020, pág. 30. [245] Que declaró el estado de cosas inconstitucional en materia de desplazamiento forzado. [246] En este auto se adoptaron medidas comprehensivas para la protección de los derechos fundamentales de las mujeres desplazadas por el conflicto armado en el país y la prevención del impacto de género desproporcionado del conflicto armado y del desplazamiento forzado. [247] Estos riesgos y vulnerabilidades específicas se expusieron así: “(i) el riesgo de violencia sexual, explotación sexual o abuso sexual en el marco del conflicto armado; (ii) el riesgo de explotación o esclavización para ejercer labores domésticas y roles considerados femeninos en una sociedad con rasgos patriarcales, por parte de los actores armados ilegales; (iii) el riesgo de reclutamiento forzado de sus hijos e hijas por los actores armados al margen de la ley, o de otro tipo de amenazas contra ellos, que se hace más grave cuando la mujer es cabeza de familia; (iv) los riesgos derivados del contacto o de las relaciones familiares o personales -voluntarias, accidentales o presuntas- con los integrantes de alguno de los grupos armados ilegales que operan en el país o con miembros de la Fuerza Pública, principalmente por señalamientos o retaliaciones efectuados a posteriori por los bandos ilegales enemigos; (v) los riesgos derivados de su pertenencia a organizaciones sociales, comunitarias o políticas de mujeres, o de sus labores de liderazgo y promoción de los derechos humanos en zonas afectadas por el conflicto armado; (vi) el riesgo de persecución y asesinato por las estrategias de control coercitivo del comportamiento público y privado de las personas que implementan los grupos armados ilegales en extensas áreas del territorio nacional; (vii) el riesgo por el asesinato o desaparición de su proveedor económico o por la desintegración de sus grupos familiares y de sus redes de apoyo material y social; (viii) el riesgo de ser despojadas de sus tierras y su patrimonio con mayor facilidad por los actores armados ilegales dada su posición histórica ante la propiedad, especialmente las propiedades inmuebles rurales; (ix) los riesgos derivados de la condición de discriminación y vulnerabilidad acentuada de las mujeres indígenas y afrodescendientes; y (x) el riesgo por la pérdida o ausencia de su compañero o proveedor económico durante el proceso de desplazamiento”. [248] “La incidencia, frecuencia y gravedad de los casos de violencia sexual se incrementan significativamente en el caso de las mujeres indígenas y afrocolombianas, quienes se encuentran en condiciones de mayor vulnerabilidad, indefensión y exposición a todo tipo de infamias perpetradas en su contra por parte de los actores del conflicto”. [249] “La comisión de crímenes –principalmente homicidios, torturas, mutilaciones y actos de violencia sexual, así como hostigamientos, amenazas y persecuciones– contra mujeres a quienes se señala de sostener relaciones afectivas, de amistad o familiares con alguno de los miembros de los grupos armados ilegales que operan en el país o de la Fuerza Pública, independientemente de que tales relaciones sean reales o presuntas, o hayan sido deliberadas, accidentales o de parentesco."
viena,DOC_0383,Corte Constitucional,2013.0,DOC_0383_S00318,Esta Comisión en su sexta sesión en,Viena,"del 28 de abril al 9 de mayo de 1997, en su informe “Uso y Aplicación de los Es","Esta Comisión en su sexta sesión en Viena del 28 de abril al 9 de mayo de 1997, en su informe “Uso y Aplicación de los Estándares de las Naciones Unidas respecto a la Prevención de Delitos y la Justicia Penal” señalo la relevancia de la prestación de asistencia a las víctimas del delito “teniendo especialmente en cuenta las consecuencias de la victimización, la promoción y asesoramiento y las actividades de intervención y respuesta en situaciones de crisis, la participación en el sistema de justicia, y la indemnización y el resarcimiento de las víctimas”. (Énfasis de la Sala) En el mismo orden de ideas, en el Informe final del Relator Especial para la Comisión de Derechos Humanos, presentado en virtud de la resolución 1999/33 en el 56º período de sesiones, se señalan los “Principios y Directrices Básicos sobre el Derecho de las Víctimas de Violaciones de las Normas Internacionales de Derechos Humanos y del Derecho Internacional Humanitario a Interponer Recursos y Obtener Reparaciones”, en los que se reitera la importancia del respeto, compasión, dignidad y los derechos humanos de las víctimas de delitos sexuales, señalando en punto a este tema, que los Estados deben tomar “medidas apropiadas para garantizar su seguridad e intimidad, así como la de sus familias."
patrimonio,DOC_0383,Corte Constitucional,2013.0,DOC_0383_S00351,sesinato o desaparición de su proveedor económico; (h) despojo de sus tierras y,patrimonio,; (i) la discriminación y vulnerabilidad acentuadas de las mujeres indígenas y a,"Los riesgos identificados por la Corte se relacionan con: (a) la violencia sexual, explotación o abuso sexual; (b) esclavización para ejercer labores domésticas o roles considerados patriarcales; (c) el reclutamiento forzado de sus hijos e hijas; (d) el riesgo derivado del contacto real o presunto con integrantes de algunos de los actores armados; (e) los riesgos derivados de su pertenencia a organizaciones sociales o comunitarias, liderazgo o promoción de derechos humanos; (f) persecución o asesinato como estrategia de control coercitivo; (g) asesinato o desaparición de su proveedor económico; (h) despojo de sus tierras y patrimonio; (i) la discriminación y vulnerabilidad acentuadas de las mujeres indígenas y afrodescendientes; y (j) la pérdida o ausencia del compañero durante el desplazamiento. (iii) Así mismo, la Corte identificó dieciocho (18) facetas de género del desplazamiento forzado, en tanto aspectos que impactan de manera diferencial, específica y agudizada a las mujeres, por causa de su condición femenina en el marco del conflicto armado colombiano."
patrimonio,DOC_0383,Corte Constitucional,2013.0,DOC_0383_S00399,de apoyo material y social; viii) el riesgo de ser despojados de sus tierras y,patrimonio,con mayor facilidad por los actores armados ilegales”; (iv) la ausencia de una,"Así las cosas, la Corte ha encontrado fallas estructurales y graves en el sistema de atención y reparación integral con enfoque diferencial frente a estas víctimas, que tienen condiciones adicionales de discapacidad, que genera un impacto diferencial y desproporcionado sobre esta población, y las colocan en una situación extrema de vulneración y debilidad manifiesta, como (i) fallas en el registro, cuantificación, información, caracterización específica y monitoreo respecto de las personas con discapacidad; (ii) la ausencia de conocimiento respecto de la naturaleza, características, alcance, grado y nivel de la discapacidad; (iii) factores de riesgo que impactan de manera agravada a mujeres con discapacidad, tales como “i) el riesgo de violencia sexual, explotación sexual o abuso sexual en el marco del conflicto armado; iii) el riesgo de reclutamiento forzoso por los grupos armados ilegales; iii) el riesgo de ser incorporados al comercio ilícito de armas o de drogas; iv) el riesgo de perder el entorno de protección por el asesinato o desaparición del proveedor económico o por la desintegración de su grupo familiar y de las redes de apoyo material y social; viii) el riesgo de ser despojados de sus tierras y patrimonio con mayor facilidad por los actores armados ilegales”; (iv) la ausencia de una política pública con enfoque diferencial que tenga en consideración las necesidades específicas de la población con discapacidad que han sido víctimas de desplazamiento forzado; y (v) el hecho de que las personas con deficiencias mentales o discapacidad cognoscitiva, son quienes enfrentan de manera más acentuada todos los riesgos de revictimización, discriminación, exclusión, falta de rehabilitación, y en general la falta de garantía del goce efectivo de sus derechos fundamentales, resaltando particularmente que es precisamente esta población “la que enfrenta un alto riesgo de abuso sexual y otras formas de violencia”. (Resalta la Sala) En el Auto 06 de 2009 la Corte sostuvo que el Gobierno “…ha sido indiferente a la situación particular que enfrentan las personas con discapacidad en el marco del desplazamiento forzado, con lo cual, lejos de cumplir su obligación de remover las barreras que le impiden a esta población gozar de sus derechos en igualdad de oportunidades con las demás personas, contribuye a perpetuar las condiciones de marginamiento y exclusión a las que se han visto expuestas."
patrimonio,DOC_0393,Corte Constitucional,2021.0,DOC_0393_S00260,bre las mujeres-a saber: (viii) el riesgo de ser despojadas de sus tierras y su,patrimonio,con mayor facilidad por los actores armados ilegales dada su posición histórica,"A propósito, sobre este tema puntual, la Corte Constitucional sostuvo en el Auto 092 de 2008 que, “[l]a violencia ejercida en el conflicto armado interno colombiano victimiza de manera diferencial y agudizada a las mujeres, porque (a) por causa de su condición de género, las mujeres están expuestas a riesgos particulares y vulnerabilidades específicas dentro del conflicto armado, que a su vez son causas de desplazamiento, y por lo mismo explican en su conjunto el impacto desproporcionado del desplazamiento forzado sobre las mujeres-a saber: (viii) el riesgo de ser despojadas de sus tierras y su patrimonio con mayor facilidad por los actores armados ilegales dada su posición histórica ante la propiedad, especialmente las propiedades inmuebles rurales”[93]."
patrimonio,DOC_0393,Corte Constitucional,2021.0,DOC_0393_S00263,"a propiedad de la tierra, para conocer sus derechos reales o la extensión de su",patrimonio,", para contar con los títulos necesarios o con las pruebas de posesión requerida","Como consecuencia de este rasgo estructural, las mujeres enfrentan diversos obstáculos para acreditar la propiedad de la tierra, para conocer sus derechos reales o la extensión de su patrimonio, para contar con los títulos necesarios o con las pruebas de posesión requeridas, incluso para acreditar la relación de pareja con su proveedor, etc."
patrimonio,DOC_0393,Corte Constitucional,2021.0,DOC_0393_S00268,enta el riesgo de las mujeres propietarias o poseedoras de ser despojadas de su,patrimonio,"por los grupos armados con gran facilidad, principalmente a través de coaccione","La propiedad sobre bienes inmuebles ejercida en estas condiciones aumenta el riesgo de las mujeres propietarias o poseedoras de ser despojadas de su patrimonio por los grupos armados con gran facilidad, principalmente a través de coacciones y amenazas que generan su desplazamiento forzado, o de ventas forzadas en condiciones inequitativas y otras maniobras delictivas que, al generar despojo patrimonial, causan a su turno el desplazamiento de las mujeres afectadas."
dependencia,DOC_0393,Corte Constitucional,2021.0,DOC_0393_S00396,"Luego de analizar las circunstancias de tiempo, modo y lugar, esta",Dependencia,"no pone en duda el suceso efectivo de los hechos mencionados, por lo cual esta","Luego de analizar las circunstancias de tiempo, modo y lugar, esta Dependencia no pone en duda el suceso efectivo de los hechos mencionados, por lo cual esta entidad considera que NO es viable incluir al señor JAIRO ANTONIO MORENO VALBUEN, en el registro Único de Víctimas- RUV y reconocer los hechos victimizantes de Desaparición forzada de su hijo, de conformidad con la Ley 1448 de 2011."
dependencia,DOC_0393,Corte Constitucional,2021.0,DOC_0393_S00402,"andi”. (iv) “Luego de analizar las circunstancias de tiempo, modo y lugar, esta",Dependencia,no pone en duda el suceso efectivo de los hechos mencionados (…)”.,"Como consta en las resoluciones y en las citaciones realizadas en los párrafos precedentes, se afirmó que: (i) “[L]a zona en donde aconteció el hecho victimizante declarado, se encuentra inmersa por otras estructuras delincuenciales dedicadas a cometer actos ilícitos (…) actividades que a su vez suelen disfrazarse bajo la etiqueta de reconocidos actores armados a fin de infligir una mayor amenaza debido al temor que produce el siempre nombre de dichas organizaciones” (ii) “El departamento del Guaviare (…) entre los años 1996 a 2006 estuvo marcado como territorio de orden público alterado por el acciona de las FARC en sus frentes 1, 7 y 44, las autodefensas llamadas AUC Bloque Centauros y/o Guaviare el ERPAC, los cocaleros y delincuencia común, sobre la población que estuvo atrapada entre las estructuras armadas ilegales quienes pretendieron disputarse las zonas para su accionar delictivo; ocasionando así el terror entre sus habitantes (…) llevándolos a ser víctimas de desapariciones forzadas”. (iii) “De acuerdo a la información consultada no hay duda que en el Departamento del Guaviare, para la época de los hechos en especial en el municipio de Calamar, se han presentado afectaciones provenientes de actores vinculados con el conflicto armado interno, pues se evidencia no sólo la presencia en diferentes zonas de este Departamento, sino también la intensidad en su manifestación a través de diferentes modalidades de violencia que atemorizaba a la población civil y como consecuencia la materialización de su modus operandi”. (iv) “Luego de analizar las circunstancias de tiempo, modo y lugar, esta Dependencia no pone en duda el suceso efectivo de los hechos mencionados (…)”."
dependencia,DOC_0401,Corte Constitucional,2017.0,DOC_0401_S00362,e tener en cuenta los episodios de violencia previos al que fue denunciado y la,dependencia,económica de la víctima respecto de su agresor. 3.6.9.3.,"En otro caso, estudiado en la sentencia T-473 de 2014, la Corte encontró que el tribunal encargado de resolver la apelación de la sentencia por el delito de violencia intrafamiliar incurrió en los defectos fáctico y procedimental por “exceso ritual manifiesto”, al no valorar un testimonio por asuntos formales y dejar de tener en cuenta los episodios de violencia previos al que fue denunciado y la dependencia económica de la víctima respecto de su agresor. 3.6.9.3."
patrimonio,DOC_0402,Corte Constitucional,2013.0,DOC_0402_S00771,"e han sido desposeídas de sus tierras, viviendas, y en algunos casos de todo su",patrimonio,y pertenencias.,"En efecto, en este caso se trata de víctimas de violaciones a derechos humanos, en particular, de familias que han sido desposeídas de sus tierras, viviendas, y en algunos casos de todo su patrimonio y pertenencias."
patrimonio,DOC_0402,Corte Constitucional,2013.0,DOC_0402_S00884,"embros del grupo armado organizado al margen de la ley, responden con su propio",patrimonio,para indemnizar a cada una de las víctimas de los actos violatorios de la ley p,"Velar por la protección de las víctimas, los jurados, los testigos y demás intervinientes en el proceso penal, la ley fijará los términos en que podrán intervenir las víctimas en el proceso penal y los mecanismos de justicia restaurativa. [34] Un ejemplo de esto son entre otros los artículos 43 y 44 de la LV que consagran garantías de asistencia judicial y para los gastos que generen los procesos judiciales en que participen. [35] Sentencia C-782 de 2012. [36] Negrilla fuera de texto. [37] C-383 de 1999 [38] Énfasis fuera de texto [39] “Por la cual se dictan disposiciones para la reincorporación de miembros de grupos armados organizados al margen de la ley, que contribuyan de manera efectiva a la consecución de la paz nacional y se dictan otras disposiciones para acuerdos humanitarios”. [40] Sentencia C-575 de 2006, Corte Constitucional “en el entendido que todos y cada uno de los miembros del grupo armado organizado al margen de la ley, responden con su propio patrimonio para indemnizar a cada una de las víctimas de los actos violatorios de la ley penal por los que fueren condenados; y también responderán solidariamente por los daños ocasionados a las víctimas por otros miembros del grupo armado al cual pertenecieron”. [41] Sentencia C- 370 de 2006, Corte Constitucional “en el entendido que conforme al artículo 30 de la Ley 600 de 2000, y de acuerdo con la exequibilidad condicionada de esa norma declarada mediante la sentencia C- 228 de 2002, la víctima o los perjudicados pueden acceder directamente al expediente desde su iniciación, para ejercer los derechos a la verdad, justicia y reparación”. [42] Sentencia C-370 de 2006. [43] Sentencia T-045 de 2010. [44] Se pueden observar entre otras las sentencias T-025 de 2004, T-045 de 2010, T-1094 de 2007, entre otras. [45] De otro lado, el establecimiento de esta obligación, se encuentra en armonía con lo dispuesto en la Constitución Política, con la jurisprudencia de esta Corporación, con lo establecido en normas de rango legal como la Ley 906 de 2004 y la Ley 975 de 2005, que exigen trato digno y adecuado para las víctimas de violaciones a los derechos humanos, cuando intervengan en las causas penales que se adelanten para sancionar a sus victimarios."
dependencia,DOC_0402,Corte Constitucional,2013.0,DOC_0402_S01007,"pueblos indígenas, minorías, campesinos, pastores y otros grupos que tienen una",dependencia,especial de su tierra o un apego particular a la misma.” [96] Sentencia T-690A,"Ciertos desplazados internos, como los niños, especialmente los menores no acompañados, las mujeres embarazadas, las madres con hijos pequeños, las mujeres cabeza de familia, las personas con discapacidades y las personas de edad, tendrán derecho a la protección y asistencia requerida por su condición y a un tratamiento que tenga en cuenta sus necesidades especiales.” [95] Principio 9: “Los Estados tienen la obligación específica de tomar medidas de protección contra los desplazamientos de pueblos indígenas, minorías, campesinos, pastores y otros grupos que tienen una dependencia especial de su tierra o un apego particular a la misma.” [96] Sentencia T-690A de 2009. [97] T-702 de 2012. [98] Auto 099 de 2013. [99] Ibídem [100] Estas interpretaciones efectuadas por la Corte se hicieron con base en lo dispuesto en la Ley 387 de 1997 que regula la ayuda humanitaria para la población desplazada, y que es concordante con el artículo 64 de la Ley 1448 de 2011. [101] Sentencias T-285 de 2008 y T-364 de 2008. [102] Sentencia T-025 de 2004. [103] Esta expresión debe ser entendida en el marco de lo dispuesto por la jurisprudencia de esta Corporación en materia de reparaciones."
patrimonio,DOC_0415,Corte Suprema de Justicia,2022.0,DOC_0415_S00223,"Finalmente, argumenta que una vez la pensión es reconocida, ingresa al",patrimonio,"de la mujer y por lo tanto es un derecho vitalicio e irrenunciable (CP.45), el","Finalmente, argumenta que una vez la pensión es reconocida, ingresa al patrimonio de la mujer y por lo tanto es un derecho vitalicio e irrenunciable (CP.45), el cual no puede ser desconocido por un acto de autodeterminación de la mujer, como el de contraer matrimonio."
dependencia,DOC_0424,Corte Suprema de Justicia,2022.0,DOC_0424_S00012,"con la literalidad de la norma, apartándose del precedente y del análisis de la",dependencia,económica de la mujer. 2.7.,"Adujo que la Corte Suprema le había dado alcance a la regla, siempre que la convivencia fuera mayor de 5 años con el pensionado en cualquier tiempo; que se incurrió en defecto sustantivo; y que la accionada se limitó a cotejar las pruebas recaudadas con la literalidad de la norma, apartándose del precedente y del análisis de la dependencia económica de la mujer. 2.7."
dependencia,DOC_0431,Corte Constitucional,2021.0,DOC_0431_S00329,"rse desigualdades y generarse situaciones de indefensión, de subordinación o de",dependencia,. 3.3.8.,"El análisis centrado en el género también hace factible detectar las asimetrías de poder presentes en las relaciones entre particulares y en las domésticas en las que suelen producirse desigualdades y generarse situaciones de indefensión, de subordinación o de dependencia. 3.3.8."
dependencia,DOC_0431,Corte Constitucional,2021.0,DOC_0431_S00674,", especialmente cuando su materialización involucra vínculos de subordinación o",dependencia,y pueden dar lugar a reproducir asimetrías de poder generadas por estereotipos,"En precedencia quedó dicho que los derechos fundamentales deben ser respetados tanto por los poderes públicos, como por los particulares en relación con otros particulares, especialmente cuando su materialización involucra vínculos de subordinación o dependencia y pueden dar lugar a reproducir asimetrías de poder generadas por estereotipos o prejuicios de género que provocan situaciones de indefensión, violencia y/o discriminación. 5.1.23."
dependencia,DOC_0435,Corte Constitucional,2022.0,DOC_0435_S01072,"diferencia entre los conceptos: derecho a la vida y “vida humana”, así como la",dependencia,que tiene el feto de la mujer en ciertas etapas de gestación[427]; la inexisten,"Los fundamentos centrales de estos proyectos de ley han sido los siguientes: la prevalencia del derecho a la vida digna de la mujer[425] y su autonomía[426]; la diferencia entre los conceptos: derecho a la vida y “vida humana”, así como la dependencia que tiene el feto de la mujer en ciertas etapas de gestación[427]; la inexistencia de garantías constitucionales absolutas[428] y la ponderación en el ejercicio del derecho penal para proteger de manera compatible la vida en gestación y el libre desarrollo de la personalidad de la mujer[429]; la prohibición estatal de interferir mediante el ejercicio del derecho penal en los derechos sexuales y reproductivos y en los proyectos de vida de las mujeres[430]; la equidad de género y la importancia de mayores garantías a favor de las mujeres porque, comúnmente, afrontan “el costo social y de salud respecto a la planificación familiar”[431]; la garantía de no discriminación al optar por la IVE[432]; la adopción de medidas a favor de la igualdad material en consideración de aquellas mujeres que habitan el sector rural y con menor capacidad económica, así como quienes tienen mayores dificultades de acceso a la educación, información y a la atención en salud[433]; la necesidad de una regulación más alineada con criterios jurídicos y científicos, que con tendencias espirituales o morales[434]; el impacto desproporcionado sobre los derechos de la mujer[435], a pesar de la escasa protección que ofrece el derecho penal al bien jurídico de la vida en gestación[436] y la alta incidencia de una tipificación categórica de la conducta en la mortalidad materna, en su salud y en la salud pública[437]. 472."
dependencia,DOC_0435,Corte Constitucional,2022.0,DOC_0435_S03218,"reza retroceda y las mujeres puedan enfrentar dignamente su maternidad, aún sin",dependencia,masculina; cuando el Estado ofrezca salidas jurídicas y materiales viables a la,"Ello sucederá cuando la educación sexual sea traslúcida, se imparta libre de prejuicios y dogmas y produzca jóvenes sexualmente responsables; cuando los anticonceptivos y las pruebas de embarazo sean una opción asequible -si no gratuita-, omnipresente e informada para todos; cuando la pobreza retroceda y las mujeres puedan enfrentar dignamente su maternidad, aún sin dependencia masculina; cuando el Estado ofrezca salidas jurídicas y materiales viables a las mujeres que afrontan una maternidad incapaz de sobrellevar; cuando los servicios de salud acompañen y asesoren a la madre gestante para que tome la mejor decisión posible; cuando la violencia machista ceda… ¡en fin!"
femicidio,DOC_0437,Corte Constitucional,2022.0,DOC_0437_S00710,contra la violencia en las mujeres y reforma el Código Penal para tipificar el,femicidio,y sancionar los hechos de violencia contra la mujer. 24 de octubre de 2013. [12,"Ley 82, que adopta medidas de prevención contra la violencia en las mujeres y reforma el Código Penal para tipificar el femicidio y sancionar los hechos de violencia contra la mujer. 24 de octubre de 2013. [122] Republica de Perú."
cairo,DOC_0483,Corte Constitucional,2010.0,DOC_0483_S00132,Mujer (1993); Conferencia Internacional sobre la Población y el Desarrollo (El,Cairo,", 1994); Cuarta Conferencia Mundial sobre la Mujer (Beijing, 1995); En América L","Protección a la mujer en el derecho internacional Los esfuerzos de la comunidad internacional en esta materia son puestos de manifiesto si se considera los siguientes instrumentos jurídicos acordados: Declaración sobre la Eliminación de la Discriminación contra la Mujer (1967); La Convención sobre la Eliminación de todas las formas de Discriminación contra la Mujer (1981); Declaración sobre la Eliminación de la Violencia en contra de la Mujer (1993); Conferencia Internacional sobre la Población y el Desarrollo (El Cairo, 1994); Cuarta Conferencia Mundial sobre la Mujer (Beijing, 1995); En América Latina: Convención Interamericana para Prevenir, Castigar y Erradicar la Violencia Contra la Mujer (1995); y Resolución del Fondo de Población de Naciones Unidas, en la que se declara la violencia contra la mujer como una “Prioridad de Salud Pública” (1999)."
dependencia,DOC_0483,Corte Constitucional,2010.0,DOC_0483_S00162,tiva fue creada la Consejería Presidencial para la Equidad de la Mujer[vi] como,dependencia,del Departamento Administrativo de la Presidencia de la República.,En la Rama Ejecutiva fue creada la Consejería Presidencial para la Equidad de la Mujer[vi] como dependencia del Departamento Administrativo de la Presidencia de la República.
dependencia,DOC_0498,Corte Suprema de Justicia,2023.0,DOC_0498_S00055,"Además, resaltó que durante la convivencia « existió una",dependencia,"económica por parte de la víctima hacia el acusado, puesto que este atendía sus","Además, resaltó que durante la convivencia « existió una dependencia económica por parte de la víctima hacia el acusado, puesto que este atendía sus deudas, sus necesidades, incluso, afianzó su dependencia en regalos como celulares, la entrega constante de dinero y el expendio gratuito de las cervezas que esta consumía, de lo que dio cuenta también la testigo Lina Marcela Posada Ramírez, ante una precaria condición económica pues, según relató Arley de Jesús Muriel Tapias, la víctima era ama de casa, es decir, que no percibía un ingreso de manera independiente»."
dependencia,DOC_0501,Corte Constitucional,2021.0,DOC_0501_S00116,o que se configura el estado de indefensión cuando se evidencia una relación de,dependencia,"de una persona respecto de otra y, con ocasión a ella, la primera se encuentra","En relación con el último de los supuestos recién referidos, la jurisprudencia de esta Corporación ha entendido que se configura el estado de indefensión cuando se evidencia una relación de dependencia de una persona respecto de otra y, con ocasión a ella, la primera se encuentra en un estado de debilidad manifiesta en virtud del cual, le es imposible defenderse ante la agresión de sus derechos."
patrimonio,DOC_0511,Corte Constitucional,2019.0,DOC_0511_S00047,apoyo material y social; (viii) el riesgo de ser despojadas de sus tierras y su,patrimonio,con mayor facilidad por los actores armados ilegales dada su posición histórica,"Los riesgos de género identificados en el Auto son: “(i) el riesgo de violencia sexual, explotación sexual o abuso sexual en el marco del conflicto armado; (ii) el riesgo de explotación o esclavización para ejercer labores domésticas y roles considerados femeninos en una sociedad con rasgos patriarcales, por parte de los actores armados ilegales; (iii) el riesgo de reclutamiento forzado de sus hijos e hijas por los actores armados al margen de la ley, o de otro tipo de amenazas contra ellos, que se hace más grave cuando la mujer es cabeza de familia; (iv) los riesgos derivados del contacto o de las relaciones familiares o personales-voluntarias, accidentales o presuntas-con los integrantes de alguno de los grupos armados ilegales que operan en el país o con miembros de la Fuerza Pública, principalmente por señalamientos o retaliaciones efectuados a posteriori por los bandos ilegales enemigos; (v) los riesgos derivados de su pertenencia a organizaciones sociales, comunitarias o políticas de mujeres, o de sus labores de liderazgo y promoción de los derechos humanos en zonas afectadas por el conflicto armado; (vi) el riesgo de persecución y asesinato por las estrategias de control coercitivo del comportamiento público y privado de las personas que implementan los grupos armados ilegales en extensas áreas del territorio nacional; (vii) el riesgo por el asesinato o desaparición de su proveedor económico o por la desintegración de sus grupos familiares y de sus redes de apoyo material y social; (viii) el riesgo de ser despojadas de sus tierras y su patrimonio con mayor facilidad por los actores armados ilegales dada su posición histórica ante la propiedad, especialmente las propiedades inmuebles rurales; (ix) los riesgos derivados de la condición de discriminación y vulnerabilidad acentuada de las mujeres indígenas y afrodescendientes; y (x) el riesgo por la pérdida o ausencia de su compañero o proveedor económico durante el proceso de desplazamiento”. [2] Corte Constitucional, Auto 092 de 2008 M.P."
patrimonio,DOC_0511,Corte Constitucional,2019.0,DOC_0511_S00050,los agravados en el acceso a la propiedad de la tierra y en la protección de su,patrimonio,"hacia el futuro, especialmente en los planes de retorno y reubicación; (ix) los","En la primera categoría se encuentra los riesgos acentuados de las mujeres desplazadas de ser víctimas de patrones estructurales de violencia y discriminación de género tales como: “(i) la violencia y el abuso sexuales, incluida la prostitución forzada, la esclavitud sexual o la trata de personas con fines de explotación sexual; (ii) la violencia intrafamiliar y la violencia comunitaria por motivos de género; (iii) el desconocimiento y vulneración de su derecho a la salud y especialmente de sus derechos sexuales y reproductivos a todo nivel, con particular gravedad en el caso de las niñas y adolescentes pero también de las mujeres gestantes y lactantes; (iv) la asunción del rol de jefatura de hogar femenina sin las condiciones de subsistencia material mínimas requeridas por el principio de dignidad humana, con especiales complicaciones en casos de mujeres con niños pequeños, mujeres con problemas de salud, mujeres con discapacidad o adultas mayores; (v) obstáculos agravados en el acceso al sistema educativo; (vi) obstáculos agravados en la inserción al sistema económico y en el acceso a oportunidades laborales y productivas; (vii) la explotación doméstica y laboral, incluida la trata de personas con fines de explotación económica; (viii) obstáculos agravados en el acceso a la propiedad de la tierra y en la protección de su patrimonio hacia el futuro, especialmente en los planes de retorno y reubicación; (ix) los cuadros de discriminación social aguda de las mujeres indígenas y afrodescendientes desplazadas; (x) la violencia contra las mujeres líderes o que adquieren visibilidad pública por sus labores de promoción social, cívica o de los derechos humanos; (xi) la discriminación en su inserción a espacios públicos y políticos, con impacto especial sobre su derecho a la participación; y (xii) el desconocimiento frontal de sus derechos como víctimas del conflicto armado a la justicia, la verdad, la reparación y la garantía de no repetición”."
dependencia,DOC_0513,Corte Suprema de Justicia,2016.0,DOC_0513_S00978,No tuvo en cuenta la prueba de,dependencia,económica de las progenitoras de algunas víctimas directas porque aplico errada,No tuvo en cuenta la prueba de dependencia económica de las progenitoras de algunas víctimas directas porque aplico erradamente la presunción del Consejo de Estado de que los hijos mayores de 25 años han conformado su propio núcleo familiar. 3.
dependencia,DOC_0513,Corte Suprema de Justicia,2016.0,DOC_0513_S00989,todas las víctimas son directas y no se debió exigir prueba de su parentesco o,dependencia,.,En el delito de desplazamiento forzado todas las víctimas son directas y no se debió exigir prueba de su parentesco o dependencia.
dependencia,DOC_0513,Corte Suprema de Justicia,2016.0,DOC_0513_S01294,ontar los medios de convicción aducidos a efectos de corroborar o desvirtuar la,dependencia,económica del ascendiente que aspira a la reparación material por la muerte de,"Así mismo, considerará que la presunción según la cual las personas mayores de 25 años ya han conformado un hogar, admite prueba en contrario, de forma que en cada caso se deberá confrontar los medios de convicción aducidos a efectos de corroborar o desvirtuar la dependencia económica del ascendiente que aspira a la reparación material por la muerte de la víctima directa."
dependencia,DOC_0531,Corte Constitucional,2014.0,DOC_0531_S00260,as; el agresor abarca la totalidad de los recursos económicos comunes generando,dependencia,"en el resto de los miembros de la familia, se hace conocedor exclusivo del verd","Son varias las formas en las que se manifiesta la violencia económica, de manera cíclica o permanente: va desde el hurto, robo, o fraude, hasta el incumplimiento de los deberes económicos, la inasistencia alimentaria o de necesidades básicas; el agresor abarca la totalidad de los recursos económicos comunes generando dependencia en el resto de los miembros de la familia, se hace conocedor exclusivo del verdadero estado patrimonial de la sociedad conyugal y es quien autoriza o no según su voluntad el gasto de los recursos (.:.).En consecuencia, este esquema de victimización disminuye la posibilidad de las víctimas para acceder a procesos de justicia, ya que la interiorización de esquemas de dependencia e inseguridad personal se reproducen en las relaciones establecidas con algún tipo de autoridad o estatus mayor que el de la víctima, como las funcionarias y los funcionarios estatales encargados de operar justicia.” Observa la Sala que la accionante, durante el trámite del proceso penal, manifestó, en varias oportunidades[27], que dependía económicamente del acusado y que después de la separación de cuerpos éste incumplió con sus obligaciones alimentarias, razón por la cual tuvo que asumir en su totalidad el sostenimiento de sus dos pequeños hijos."
dependencia,DOC_0549,Corte Constitucional,2022.0,DOC_0549_S00087,"mujeres a la justicia, por ejemplo, “las dinámicas socioeconómicas generan una",dependencia,de las mujeres hacia sus parejas.,"Esta situación conlleva, a su vez, a la ineficacia de las acciones y recursos establecidos para sancionar la violencia en la familiar.[38] Adicionalmente, existen otras causas sociales y culturales que obstaculizan el acceso de las mujeres a la justicia, por ejemplo, “las dinámicas socioeconómicas generan una dependencia de las mujeres hacia sus parejas."
patrimonio,DOC_0559,Corte Constitucional,2021.0,DOC_0559_S00360,o la obligación a las personas beneficiarias de la ley de reparar con su propio,patrimonio,y de adelantar la totalidad de los actos destinados a la reparación de los dere,La mencionada normativa impuso la obligación a las personas beneficiarias de la ley de reparar con su propio patrimonio y de adelantar la totalidad de los actos destinados a la reparación de los derechos de las víctimas[123].
patrimonio,DOC_0559,Corte Constitucional,2021.0,DOC_0559_S00996,"EL PERPETUO SOCORRO, (…) es de aclarar que los anteriores comportamientos en el",patrimonio,y rentas no guarda relación con los bienes que como de su propiedad figuran adq,"En los informes consta la siguiente información sobre los accionantes y quienes estuvieron involucrados en la compraventa de los inmuebles: “ÁLVAREZ IRAGORRI IRMA XIMENA DEL PERPETUO SOCORRO, (…) es de aclarar que los anteriores comportamientos en el patrimonio y rentas no guarda relación con los bienes que como de su propiedad figuran adquiridos antes del año 2000 que fueron señalados como de propiedad de los Hermanos Mejía Múnera y ofrecidos por estos como parte de aquellos destinados a reparar a sus víctimas”. (…) ÁLVAREZ IRAGORRI IVÁN EDUARDO, (…) a su nombre figuran en el IGAC los predios que se relacionan en el próximo párrafo, los cuales igualmente fueron ofrecidos por los Hermanos Mejía Múnera y actualmente se encuentran en cabeza de Ali Ali Jaime Alberto y Habid Posada Saidy. (…) JAIME ALBERTO ALI ALI, (…) SAYDI HABID POSADA, (…) CONCLUSIÓN."
viena,DOC_0561,Corte Suprema de Justicia,2022.0,DOC_0561_S00025,os Estados están en el deber de (obligación de conformidad con la Convención de,Viena,"sobre cumplimiento de los Tratados): …tomar todas las medidas apropiadas, inclu","Tal instrumento, en su artículo 7°, inciso e, señala que los Estados están en el deber de (obligación de conformidad con la Convención de Viena sobre cumplimiento de los Tratados): …tomar todas las medidas apropiadas, incluyendo medidas de tipo legislativo, para modificar o abolir leyes y reglamentos vigentes, o para modificar prácticas jurídicas o consuetudinarias que respalden la persistencia o la tolerancia de la violencia contra la mujer."
dependencia,DOC_0577,Corte Constitucional,2014.0,DOC_0577_S00083,vez con la acomodación de la mujer en un funcionamiento que implica pasividad y,dependencia,”[42].,"La prueba de mayor relevancia ignorada por el Juzgado accionado fue el dictamen pericial efectuado por un psiquiatra del Instituto de Medicina Legal, en el cual se indicó que en la relación “se encuentra un funcionamiento celotípico, en el cual se da un manejo hegemónico del poder basado en el género, en este caso machista que se complementa a su vez con la acomodación de la mujer en un funcionamiento que implica pasividad y dependencia”[42]."
dependencia,DOC_0577,Corte Constitucional,2014.0,DOC_0577_S00177,", Cecilia Lorena Barraza Morelle, después de establecer las competencias de esa",dependencia,"gubernamental, se limitó a transcribir los artículos 2° y 3° de la Ley 1257 de","La Alta Consejera para la Equidad de la Mujer, Cecilia Lorena Barraza Morelle, después de establecer las competencias de esa dependencia gubernamental, se limitó a transcribir los artículos 2° y 3° de la Ley 1257 de 2008 “Por la cual se dictan normas de sensibilización, prevención y sanción de formas de violencia y discriminación contra las mujeres, se reforman los Códigos Penal, de Procedimiento Penal, la Ley 294 de 1996 y se dictan otras disposiciones”, con lo cual estimó solventadas las inquietudes planteadas por esta Corporación[67]. f."
dependencia,DOC_0577,Corte Constitucional,2014.0,DOC_0577_S00497,vez con la acomodación de la mujer en un funcionamiento que implica pasividad y,dependencia,… … … … se llama la atención sobre el factor de riesgo inherente a esta dinámica,"La prueba de mayor relevancia ignorada por el Juzgado accionado fue el dictamen pericial efectuado por un psiquiatra del Instituto de Medicina Legal[155], en el cual se indicó: “la pareja ha estado inmersa en una dinámica disfuncional que es semejante a la que se ha observado en otros casos en los cuales se encuentra un funcionamiento celotípico, en el cual se da un manejo hegemónico del poder basado en el género, en este caso machista que se complementa a su vez con la acomodación de la mujer en un funcionamiento que implica pasividad y dependencia… … … … se llama la atención sobre el factor de riesgo inherente a esta dinámicas de violencia contra la mujer en estos casos y que está dado por las posibilidades de acentuación de las agresiones a la misma, una vez ella toma la decisión de separarse, por lo que se requiere se asuman medidas de protección a la mujer y a sus hijas una vez ocurra la separación. … … … se sugiere en la medida de lo posible que esta pareja no siga compartiendo techo, se privilegie a la madre a la hora de definir la custodia de los hijos definiendo claramente el régimen de visitas a los hijos de la pareja, siendo deseable que al menos por los primeros tres meses las visitas del padre sean supervisadas por un profesional psicosocial (ICBF)” Ante la claridad del tal peritaje y la aptitud del experto forense que lo emite, esta Sala cuestiona por qué el Juzgado demandado no lo tuvo en cuenta como prueba idónea que acreditara los hechos constitutivos de la causal 3ª del artículo 154 de Código Civil invocada. 71."
viena,DOC_0577,Corte Constitucional,2014.0,DOC_0577_S00649,de conformidad con lo estipulado en los Planes de Acción de las Conferencias de,Viena,", Cairo y Beijing, por violencia económica, se entiende cualquier acción u omisi","Para efectos de la presente ley, y de conformidad con lo estipulado en los Planes de Acción de las Conferencias de Viena, Cairo y Beijing, por violencia económica, se entiende cualquier acción u omisión orientada al abuso económico, el control abusivo de las finanzas, recompensas o castigos monetarios a las mujeres por razón de su condición social, económica o política."
cairo,DOC_0577,Corte Constitucional,2014.0,DOC_0577_S00649,"ormidad con lo estipulado en los Planes de Acción de las Conferencias de Viena,",Cairo,"y Beijing, por violencia económica, se entiende cualquier acción u omisión orie","Para efectos de la presente ley, y de conformidad con lo estipulado en los Planes de Acción de las Conferencias de Viena, Cairo y Beijing, por violencia económica, se entiende cualquier acción u omisión orientada al abuso económico, el control abusivo de las finanzas, recompensas o castigos monetarios a las mujeres por razón de su condición social, económica o política."
cairo,DOC_0581,Corte Constitucional,2019.0,DOC_0581_S00181,"VIH/SIDA, como la Conferencia Internacional sobre Población y Desarrollo de El",Cairo,(1994); la Declaración Universal de Derechos Sexuales y Reproductivos (1997); l,"En virtud de los mandatos constitucionales y del derecho internacional, las personas con VIH deben ser protegidas de cualquier tipo de segregación o discriminación, de modo que el Estado adquiere un compromiso de mayor amparo de sus derechos y una garantía reforzada de su derecho a la igualdad en todos los escenarios [50][43].[44] A partir de lo anterior, la jurisprudencia constitucional ha establecido que dicha protección especial se fundamenta en el principio de igualdad, según el cual, el Estado protegerá especialmente a aquellas personas que por su condición económica, física o mental, se encuentren en circunstancias de debilidad manifiesta (artículo 13 C.P.), en el de solidaridad, como uno de los principios rectores de la seguridad social (artículos 1 y 48 C.P.) y en el deber del Estado de adelantar una política de previsión, rehabilitación e integración social para los disminuidos físicos, sensoriales y psíquicos, a quienes se les prestará la atención especializada que requieran (artículo 47), así como en instrumentos y herramientas de derecho internacional que le han dado alcance a la protección especial de personas con VIH/SIDA, como la Conferencia Internacional sobre Población y Desarrollo de El Cairo (1994); la Declaración Universal de Derechos Sexuales y Reproductivos (1997); los Objetivos de Desarrollo del Milenio (2000); la Declaración Política sobre VIH/SIDA (2006); el Plan Subregional Andino de VIH (2007-2010), entre otros[51][45].” (Énfasis fuera de texto) 3.4."
patrimonio,DOC_0596,Corte Constitucional,2016.0,DOC_0596_S00098,uchas ocasiones la violencia contra los hombres gays es seguida de ataques a su,patrimonio,", se ha logrado determinar que no siempre el móvil de la agresión es el provecho","Y aunque en muchas ocasiones la violencia contra los hombres gays es seguida de ataques a su patrimonio, se ha logrado determinar que no siempre el móvil de la agresión es el provecho económico sino la orientación sexual misma, aunque posteriormente el victimario obtenga un aprovechamiento de orden patrimonial, que en todo caso suele ser insignificante frente a la gravedad de la violencia ejercida."
patrimonio,DOC_0596,Corte Constitucional,2016.0,DOC_0596_S00318,la vida y la integridad personal (homicidios y lesiones personales) y contra el,patrimonio,"económico de estas personas, y no por los delitos de actos de discriminación y","No obstante, los informes oficiales de la Fiscalía y de Caribe Afirmativo que dan cuenta de los patrones de violencia en contra de la población LGBTI, apuntan a demostrar que la vulneración de los derechos de este grupo proviene fundamentalmente la comisión de delitos contra la vida y la integridad personal (homicidios y lesiones personales) y contra el patrimonio económico de estas personas, y no por los delitos de actos de discriminación y de hostigamiento; en este escenario, entonces, la eventual protección de los derechos de las víctimas se materializaría, no a través de un fallo sobre el alcance de los delitos de actos de discriminación y de hostigamiento, sino mediante un pronunciamiento sobre la circunstancia de mayor punibilidad prevista en el artículo 58.3 del Código Penal, también demandada en este proceso judicial[69]. 3.6."
dependencia,DOC_0612,Corte Constitucional,2014.0,DOC_0612_S00055,"con discapacidad sensorial se realizan por medio de los y las personeros/as, la",dependencia,de las personas con discapacidad a un tercero es un asunto que limita el ejerci,"Si bien en algunos casos, la Unidad para las Víctimas asegura que los trámites de las personas con discapacidad sensorial se realizan por medio de los y las personeros/as, la dependencia de las personas con discapacidad a un tercero es un asunto que limita el ejercicio autónomo de los derechos de esta población."
dependencia,DOC_0612,Corte Constitucional,2014.0,DOC_0612_S00083,como consecuencia del desplazamiento forzado y su expresión actual puede ser la,dependencia,"de esta población a la ayuda humanitaria dispuesta para las víctimas, mostrando","Dicha situación se agrava como consecuencia del desplazamiento forzado y su expresión actual puede ser la dependencia de esta población a la ayuda humanitaria dispuesta para las víctimas, mostrando pocas posibilidades de lograr la plena estabilización socioeconómica[19]."
patrimonio,DOC_0613,Corte Constitucional,2022.0,DOC_0613_S00829,stado de la siguiente manera: “el daño emergente supone un menoscabo sufrido al,patrimonio,de la víctima.,"Los primeros son aquellos que resultan fácilmente cuantificables en sumas de dinero e, inicialmente, pueden clasificarse en las categorías de lucro cesante y daño emergente, que han sido definidas por la jurisprudencia del Consejo de Estado de la siguiente manera: “el daño emergente supone un menoscabo sufrido al patrimonio de la víctima."
viena,DOC_0618,Corte Constitucional,2020.0,DOC_0618_S00145,ministración de justicia de las mujeres; la Declaración y Programa de Acción de,Viena,(OHCHR); la Declaración sobre la eliminación de todas las formas de discriminac,"En sus consideraciones iniciales, hizo referencia a las obligaciones del Estado frente a la garantía de los derechos de las mujeres por mandato constitucional (art. 13, 40, 42 y 43) y, en atención a las disposiciones contenidas en varios instrumentos internacionales de importante relevancia, tales como: la Declaración Universal de Derechos Humanos; el Pacto Internacional de Derechos Civiles y Políticos; la Convención Americana sobre Derechos Humanos; la Convención sobre la eliminación de todas las formas de discriminación contra la mujer; la Recomendación general núm. 33 del Comité para la Eliminación de la Discriminación contra la Mujer, que advierte sobre la necesidad de incorporar la perspectiva de género en el trámite de todos los procesos y decisiones judiciales para garantizar el acceso a la administración de justicia de las mujeres; la Declaración y Programa de Acción de Viena (OHCHR); la Declaración sobre la eliminación de todas las formas de discriminación contra la mujer; la Convención Interamericana para prevenir, sancionar y erradicar la violencia contra la mujer (Convención de Belem do Pará); la Cuarta conferencia mundial sobre la mujer (Plataforma y Plan de Acción de Beijing); las 100 Reglas de Brasilia sobre acceso a la justicia de personas en condición de vulnerabilidad; y los Objetivos de Desarrollo Sostenible (ODS)."
dependencia,DOC_0618,Corte Constitucional,2020.0,DOC_0618_S00700,de Asuntos de Género de la Universidad Nacional de Colombia comunicó que dicha,dependencia,únicamente atiende necesidades propias del alma mater en la implementación de m,"Fecha de consulta: 8 de marzo de 2020. [21] Ver folios 17 y 43 del cuaderno de pruebas. [22] Ver folios 11 a 20 del cuaderno de pruebas. [23] Ver folios 36 a 45 del cuaderno de pruebas. [24] La primera medida de protección le fue otorgada a la accionante el 3 de junio de 2009. [25] Ver folios 25 y 26 del cuaderno de pruebas. [26] Ver folio 1 del cuaderno principal. [27] Ver folio 31 del cuaderno principal. [28] Adicionalmente, dispuso la suspensión de términos del proceso a partir de la fecha y hasta por treinta (30) días más, contados desde el momento en el que las pruebas decretadas y recaudadas fueran puestas a disposición del magistrado sustanciador. [29] Recaudadas las pruebas solicitadas, estas quedaron a disposición de las partes y terceros con interés por el término de tres (3) días en la Secretaría General de la Corte. [30] Ver folio 76 del cuaderno de pruebas. [31] Ver folio 101 del expediente digital. [32] Ver folio 103 del expediente digital. [33] Ver folios 76 a 83 del expediente digital. [34] Ver folios 112 a 113 del expediente digital. [35] Ver folio 77 del cuaderno de pruebas. [36] Ver folios 108 a 111 del cuaderno de pruebas. [37] Ver folios 86 a 94 del cuaderno de pruebas. [38] Ver folios 139 a 141 del cuaderno de pruebas. [39] Ver folio 147 del cuaderno de pruebas. [40] Ver folio 152 del cuaderno de pruebas. [41] Ver folio 162 del cuaderno de pruebas. [42] Ver folios 154 a 161 del cuaderno de pruebas. [43] Adicionalmente, en la misma providencia dispuso suspender los términos del proceso a partir de la fecha y hasta por un (1) mes más, contado desde el momento en el que las respectivas intervenciones fueran puestas a disposición del magistrado sustanciador. [44] A través de correo electrónico remitido a la Secretaría General de la corporación el 19 de noviembre de 2019, el Observatorio de Asuntos de Género de la Universidad Nacional de Colombia comunicó que dicha dependencia únicamente atiende necesidades propias del alma mater en la implementación de medidas para fomentar una cultura institucional de equidad de género en la universidad."
dependencia,DOC_0626,Corte Constitucional,2004.0,DOC_0626_S02636,cipar en programas especiales de tratamiento con el fin de superar problemas de,dependencia,a drogas o bebidas alcohólicas. (Nota: Literal declarado exequible por los carg,"El Fiscal fijará el período de prueba, el cual no podrá ser superior a tres (3) años, y determinará una o varias de las condiciones que deberán cumplir el imputado o acusado hasta antes de la Audiencia de juzgamiento, entre las siguientes: a) Residir en un lugar determinado e informar al Fiscal del conocimiento cualquier cambio del mismo. b) Participar en programas especiales de tratamiento con el fin de superar problemas de dependencia a drogas o bebidas alcohólicas. (Nota: Literal declarado exequible por los cargos analizados por la Corte Constitucional en la Sentencia C-387 de 2014.). c) Prestar servicios a favor de instituciones que se dediquen al trabajo social a favor de la comunidad. d) Someterse a un tratamiento médico o psicológico. (Nota: Literal declarado exequible por los cargos analizados por la Corte Constitucional en la Sentencia C-387 de 2014.). e) No poseer o portar armas de fuego. f) No conducir vehículos automotores, naves o aeronaves. g) La reparación integral a las víctimas, de conformidad con los mecanismos establecidos en la ley. h) La realización de actividades a favor de la recuperación de las víctimas. i) La colaboración activa y efectiva en el tratamiento psicológico para la recuperación de las víctimas, siempre y cuando medie su consentimiento. j) La manifestación pública de arrepentimiento por el hecho que se le imputa. k) La obligación de observar buena conducta individual, familiar y social. 1) La dejación efectiva de las armas y la manifestación expresa de no participar en actos delictuales. m) La cooperación activa y efectiva para evitar la continuidad en la ejecución del delito, la comisión de otros delitos y la desarticulación de bandas criminales, redes de narcotráfico, grupos al margen de la ley, o, aquellas organizaciones vinculadas con los delitos a los que hace referencia el parágrafo 2° del artículo 324."
patrimonio,DOC_0638,Corte Constitucional,2021.0,DOC_0638_S00337,Sala estableció que si bien el desalojo persigue el fin legítimo de proteger el,patrimonio,público la suspensión del mismo pretende garantizar la especial protección de l,"En el caso concreto, la Sala estableció que si bien el desalojo persigue el fin legítimo de proteger el patrimonio público la suspensión del mismo pretende garantizar la especial protección de la población desplazada y tiene fundamento en estándares del derecho internacional que se han ocupado de resaltar la especial afectación que supone un desalojo para personas víctimas del citado fenómeno y otros grupos vulnerables y, por lo tanto, concluyó que resultaba desproporcionado mantener la medida de desalojo."
dependencia,DOC_0656,Corte Suprema de Justicia,2020.0,DOC_0656_S00090,"punidad, pues las relaciones de poder a los que se hallan sometidos debido a su",dependencia,y subordinación económica y emocional pueden propiciar abusos en su contra por,"La configuración objetiva del mayor reproche punitivo también se sustenta en que el maltrato intrafamiliar contra menores suele ser de más fácil encubrimiento y, por tanto, representan una mayor posibilidad de impunidad, pues las relaciones de poder a los que se hallan sometidos debido a su dependencia y subordinación económica y emocional pueden propiciar abusos en su contra por parte de integrantes de su núcleo familiar y cuidadores."
dependencia,DOC_0669,Corte Constitucional,2023.0,DOC_0669_S00667,"presentó, el 04 de julio de 2019, en la oficina de orientación familiar de esta",dependencia,", en donde recibió una intervención interdisciplinaria (jurídica y psicosocial)","En este caso, la accionante se presentó, el 04 de julio de 2019, en la oficina de orientación familiar de esta dependencia, en donde recibió una intervención interdisciplinaria (jurídica y psicosocial) por haber sido víctima de violencia intrafamiliar física, psicológica y económica por parte del Sargento Segundo."
dependencia,DOC_0669,Corte Constitucional,2023.0,DOC_0669_S00758,"Los estereotipos asignados a la mujer, ligados fundamentalmente a su supuesta",dependencia,", sumisión y a su exclusiva aptitud de madre, cuidadora y ama de casa, han dado","Los estereotipos asignados a la mujer, ligados fundamentalmente a su supuesta dependencia, sumisión y a su exclusiva aptitud de madre, cuidadora y ama de casa, han dado lugar a prácticas, inicialmente privadas, y luego sociales, públicas, institucionales y legales excluyentes y de profundo acento discriminatorio (iii)."
dependencia,DOC_0677,Corte Constitucional,2023.0,DOC_0677_S00266,"ión, pues se refiere al momento en el que es posible evidenciar que se rompe la",dependencia,"de la vida en formación de la persona gestante, lo que justifica su protección","Esta fórmula u óptimo constitucional, en el actual contexto normativo en que se inserta la disposición demandada, se integra de tres elementos: (…) El primero, constituido por las tres “hipótesis extremas de afectación de [la] dignidad”[57] de la mujer evidenciadas por la Corte en la Sentencia C-355 de 2006. (…) El segundo, constituido por el concepto de “autonomía”, que permite la maximización abstracta de los bienes en tensión, pues se refiere al momento en el que es posible evidenciar que se rompe la dependencia de la vida en formación de la persona gestante, lo que justifica su protección reforzada por el derecho penal en el actual contexto normativo. (…) El tercero, que promueve el diálogo en las instancias de representación democrática[58], para que, en atención al condicionamiento de la disposición examinada, formulen e implementen una política pública integral que evite los amplios márgenes de desprotección para la dignidad y los derechos de las mujeres gestantes, profusamente descritos en esta providencia, y, a su vez, proteja en forma gradual e incremental la vida en gestación. (…) La decisión de la Corte parte del supuesto de la competencia del Legislador para adoptar una regulación integral orientada a proteger de manera eficaz los bienes jurídicos en tensión, pues esta decisión se adopta teniendo en cuenta el actual contexto normativo en que se inserta la disposición demandada, el cual resultaría modificado por el Legislador al adoptar la política integral a la que lo exhorta la Corte”. 90."
dependencia,DOC_0694,Corte Constitucional,2021.0,DOC_0694_S00477,"e intersectoriales, como la falta de educación sexual,[168] que incrementan su",dependencia,respecto de otras personas o las hacen vulnerables y las privan de sus derechos,"El Consejo de Derechos Humanos de Naciones Unidas también ha advertido el impacto específico que la negación del derecho a la capacidad jurídica ha tenido sobre las personas con discapacidades cognitivas o psicosociales, en particular sobre las mujeres y las niñas, quienes “corren un riesgo particularmente alto en términos de violencia, incluida la violencia sexual”,[166] por factores asociados a los prejuicios asociados a la discapacidad-en particular, a la percepción de que no son capaces de tomar sus decisiones de manera autónoma[167]; a su institucionalización en hogares y hospitales siquiátricos y a distintas formas de discriminación complejas e intersectoriales, como la falta de educación sexual,[168] que incrementan su dependencia respecto de otras personas o las hacen vulnerables y las privan de sus derechos.[169] 139."
dependencia,DOC_0694,Corte Constitucional,2021.0,DOC_0694_S00782,ue consideró fue “el déficit de facultades cognitivas para el auto cuidado y su,dependencia,"de terceros”, y el hallazgo de que se trataba de “una mujer joven de 18 años co","Igualmente, en su intervención ante la Corte la representante del Hospital manifestó que debido a los riesgos para la salud y vida que supondría otro embarazo para pacientes como Lucero-sin especificar cuáles-, se advertía “la obligatoriedad de implementar la planificación familiar en todos los casos de alto riesgo reproductivo.” Señaló que otro de los aspectos que consideró fue “el déficit de facultades cognitivas para el auto cuidado y su dependencia de terceros”, y el hallazgo de que se trataba de “una mujer joven de 18 años con dos embarazos, un hijo que nació hace tres años y el recién nacido fruto de esta gestación.” Por lo anterior, su equipo interdisciplinario prescribió que la paciente “debe recibir atención integral basada en la Resolución 1904/17, dado su nivel de vulnerabilidad y la necesidad de acceder oportunamente a un método anticonceptivo adecuado a su condición clínica y de riesgo reproductivo.” 247."
dependencia,DOC_0694,Corte Constitucional,2021.0,DOC_0694_S01478,sufrir violencia está directamente relacionada con factores que incrementan su,dependencia,respecto de otras personas o las hacen vulnerables y las privan de sus derechos,"Las barreras de comunicación de las que son objeto las personas con discapacidad sensorial pueden llevarlas a ser blanco de agravios por la creencia de que no estarán en condiciones de presentar una denuncia.” [168] En criterio del Comité, la falta de educación sexual de las mujeres y las niñas con discapacidad, a quienes se suele percibir erróneamente como seres asexuados “contribuye a la violencia sexual perpetrada contra ellas, dado que no pueden identificar los comportamientos inapropiados o abusivos.” [169] El Comité resaltó que la exposición de las personas con discapacidad a un mayor riesgo de sufrir violencia está directamente relacionada con factores que incrementan su dependencia respecto de otras personas o las hacen vulnerables y las privan de sus derechos."
dependencia,DOC_0697,Corte Constitucional,2016.0,DOC_0697_S00491,"no escolar, lo que a su vez perpetua condiciones socioeconómicas precarias y la",dependencia,económica de las mujeres.,"De una parte, el impacto de la denegación de los derechos reproductivos para las mujeres desencadena en embarazos no deseados y el embarazo adolescente tiene relación directa con el abandono escolar, lo que a su vez perpetua condiciones socioeconómicas precarias y la dependencia económica de las mujeres."
viena,DOC_0706,Corte Constitucional,2017.0,DOC_0706_S00428,de conformidad con lo estipulado en los Planes de Acción de las Conferencias de,Viena,", Cairo y Beijing, por violencia económica, se entiende cualquier acción u omisi","Para efectos de la presente ley, y de conformidad con lo estipulado en los Planes de Acción de las Conferencias de Viena, Cairo y Beijing, por violencia económica, se entiende cualquier acción u omisión orientada al abuso económico, el control abusivo de las finanzas, recompensas o castigos monetarios a las mujeres por razón de su condición social, económica o política."
cairo,DOC_0706,Corte Constitucional,2017.0,DOC_0706_S00428,"ormidad con lo estipulado en los Planes de Acción de las Conferencias de Viena,",Cairo,"y Beijing, por violencia económica, se entiende cualquier acción u omisión orie","Para efectos de la presente ley, y de conformidad con lo estipulado en los Planes de Acción de las Conferencias de Viena, Cairo y Beijing, por violencia económica, se entiende cualquier acción u omisión orientada al abuso económico, el control abusivo de las finanzas, recompensas o castigos monetarios a las mujeres por razón de su condición social, económica o política."
patrimonio,DOC_0727,Corte Constitucional,2019.0,DOC_0727_S03686,apoyo material y social; (viii) el riesgo de ser despojadas de sus tierras y su,patrimonio,con mayor facilidad por los actores armados ilegales dada su posición histórica,"El Comité considera que los Estados partes deben adoptar medidas inmediatas que tengan en cuenta el género para reconocer, apoyar y proteger públicamente la vida, la libertad, la seguridad y la libre determinación de las mujeres y las niñas Indígenas que son defensoras de los derechos humanos, y para garantizar unas condiciones seguras y un entorno propicio para su labor de defensa libre de discriminación, racismo, asesinatos, acoso y violencia”. [109] En el Auto 092 de 2008, la Corte identificó diez riesgos de género, entre ellos: “(i) el riesgo de violencia sexual, explotación sexual o abuso sexual en el marco del conflicto armado; (ii) el riesgo de explotación o esclavización para ejercer labores domésticas y roles considerados femeninos en una sociedad con rasgos patriarcales, por parte de los actores armados ilegales; (iii) el riesgo de reclutamiento forzado de sus hijos e hijas por los actores armados al margen de la ley, o de otro tipo de amenazas contra ellos, que se hace más grave cuando la mujer es cabeza de familia; (iv) los riesgos derivados del contacto o de las relaciones familiares o personales-voluntarias, accidentales o presuntas-con los integrantes de alguno de los grupos armados ilegales que operan en el país o con miembros de la Fuerza Pública, principalmente por señalamientos o retaliaciones efectuados a posteriori por los bandos ilegales enemigos; (v) los riesgos derivados de su pertenencia a organizaciones sociales, comunitarias o políticas de mujeres, o de sus labores de liderazgo y promoción de los derechos humanos en zonas afectadas por el conflicto armado; (vi) el riesgo de persecución y asesinato por las estrategias de control coercitivo del comportamiento público y privado de las personas que implementan los grupos armados ilegales en extensas áreas del territorio nacional; (vii) el riesgo por el asesinato o desaparición de su proveedor económico o por la desintegración de sus grupos familiares y de sus redes de apoyo material y social; (viii) el riesgo de ser despojadas de sus tierras y su patrimonio con mayor facilidad por los actores armados ilegales dada su posición histórica ante la propiedad, especialmente las propiedades inmuebles rurales; (ix) los riesgos derivados de la condición de discriminación y vulnerabilidad acentuada de las mujeres indígenas y afrodescendientes; y (x) el riesgo por la pérdida o ausencia de su compañero o proveedor económico durante el proceso de desplazamiento”. [110] En esta categoría se encuentran: “(i) la violencia y el abuso sexuales, incluida la prostitución forzada, la esclavitud sexual o la trata de personas con fines de explotación sexual; (ii) la violencia intrafamiliar y la violencia comunitaria por motivos de género; (iii) el desconocimiento y vulneración de su derecho a la salud y especialmente de sus derechos sexuales y reproductivos a todo nivel, con particular gravedad en el caso de las niñas y adolescentes pero también de las mujeres gestantes y lactantes; (iv) la asunción del rol de jefatura de hogar femenina sin las condiciones de subsistencia material mínimas requeridas por el principio de dignidad humana, con especiales complicaciones en casos de mujeres con niños pequeños, mujeres con problemas de salud, mujeres con discapacidad o adultas mayores; (v) obstáculos agravados en el acceso al sistema educativo; (vi) obstáculos agravados en la inserción al sistema económico y en el acceso a oportunidades laborales y productivas; (vii) la explotación doméstica y laboral, incluida la trata de personas con fines de explotación económica; (viii) obstáculos agravados en el acceso a la propiedad de la tierra y en la protección de su patrimonio hacia el futuro, especialmente en los planes de retorno y reubicación; (ix) los cuadros de discriminación social aguda de las mujeres indígenas y afrodescendientes desplazadas; (x) la violencia contra las mujeres líderes o que adquieren visibilidad pública por sus labores de promoción social, cívica o de los derechos humanos; (xi) la discriminación en su inserción a espacios públicos y políticos, con impacto especial sobre su derecho a la participación; y (xii) el desconocimiento frontal de sus derechos como víctimas del conflicto armado a la justicia, la verdad, la reparación y la garantía de no repetición."
dependencia,DOC_0730,Corte Suprema de Justicia,2021.0,DOC_0730_S00005,"tabilidad», «carácter impositivo dominante y machista del señor Antonio Páparo,",dependencia,"económica de la accionante de su padre y sometimiento, que imponen la aplicació","La parte actora aseguró que se le violentaron los derechos fundamentales invocados, toda vez que se incurrió en una vía de hecho por defecto fáctico en la medida que el tribunal tutelado se pronunció frente a «indicios que en [su] mayoría no fueron objeto de reparo», a saber, el «no pago del precio», «precio exiguo», «falta de capacidad económica del adquirente», «falta de necesidad de vender por parte de la señora Aida», «no exhibición de los libros de contabilidad», «carácter impositivo dominante y machista del señor Antonio Páparo, dependencia económica de la accionante de su padre y sometimiento, que imponen la aplicación de la perspectiva de género» y «causa simulandi» La tutelante cuestionó el hecho de que se realizara una valoración caprichosa y equivocada de los testimonios evacuados al interior del proceso y, se pasó por alto las pruebas documentales arrimadas al expediente."
dependencia,DOC_0730,Corte Suprema de Justicia,2021.0,DOC_0730_S00032,"do (…). [E]l Carácter impositivo dominante y machista del señor Antonio Paparo,",dependencia,"económica de la accionante de su padre y sometimiento, que imponen la aplicació","Llama la atención que pese a conocerse de la pérdida, extravío o desaparición de los libros de contabilidad de la sociedad Apro no se haya denunciado el hecho a las autoridades competentes (…) ni realizado gestiones para reemplazar lo extraviado (…). [E]l Carácter impositivo dominante y machista del señor Antonio Paparo, dependencia económica de la accionante de su padre y sometimiento, que imponen la aplicación de perspectiva de género.- Es que los declarantes son acordes en señalar tales características en el carácter del señor Paparo Romano, coinciden sobre el sometimiento que tenía la actora hacia la voluntad de su padre, a su dependencia económica de él, al tratamiento diferencial de que era objeto, así como al manejo administrativo de las sociedades que realizaba el citado Paparo Romano. […] El funcionario judicial tiene la obligación de aplicar el enfoque diferencial con perspectiva de género cuando sospeche de una posible situación de violencia de género, lo que significa que tiene que analizar los hechos y las pruebas interpretando la realidad, de manera que se reconozca que las mujeres han sido un grupo tradicionalmente discriminado, y que se justifique un trato diferencial (…)."
dependencia,DOC_0730,Corte Suprema de Justicia,2021.0,DOC_0730_S00041,"a de la compraventa, el carácter impositivo y dominante del padre machista y la",dependencia,económica de su hija estudiado bajo el prisma del enfoque diferencial por viole,"Así, la falta de pago de precio, precio exiguo, falta de capacidad económica del adquirente, no necesidad de vender de la actora, falta de exhibición de libros contables de la sociedad para la época de la compraventa, el carácter impositivo y dominante del padre machista y la dependencia económica de su hija estudiado bajo el prisma del enfoque diferencial por violencia de genero, son todos indicios que indican de forma grave, concordante y convergente que la demandante no enajenó sus locales a cambio de un precio sino para cumplir los deseos y órdenes de su padre."
viena,DOC_0731,Corte Suprema de Justicia,2023.0,DOC_0731_S00055,os Estados están en el deber de (obligación de conformidad con la Convención de,Viena,"sobre cumplimiento de los Tratados): …tomar todas las medidas apropiadas, inclu","Tal instrumento, en su artículo 7°, inciso e, señala que los Estados están en el deber de (obligación de conformidad con la Convención de Viena sobre cumplimiento de los Tratados): …tomar todas las medidas apropiadas, incluyendo medidas de tipo legislativo, para modificar o abolir leyes y reglamentos vigentes, o para modificar prácticas jurídicas o consuetudinarias que respalden la persistencia o la tolerancia de la violencia contra la mujer."
dependencia,DOC_0734,Corte Constitucional,2021.0,DOC_0734_S00049,"trato allegado por el accionado se establece un porcentaje de las ganancias, la",dependencia,", qen este caso tampoco se logra establecer, como quiera que si bien en el contr","En un primer momento, al realizar el análisis de procedencia de la acción, el juez afirmó: “este estrado judicial halla procedente esta solicitud de amparo como queira que se encuentra afectado el derecho fundamental al mínimo vital de la mujer y de su hijo recién nacido, por cuanto al no tener una fuente de ingreso para satisfacer sus necesidades y las de su menor, es evidente la necesidad urgente de proteger los derechos fundamentales vulnerados. // Conforme a esto se desvirtúa la efectividad de la acción ordinaria laboral, ya que los términos del proceso demasiado extensos, no podrían lograr el restablecimiento de los derechos fundamentales de la accionante y su menor hijo y que fueron vulnerados con la terminación del contrato de trabajo encontrándose en estado de gestación, suiendo evidente el estado de gestación en el cual se encuentra, por lo que el mecanismo constitucional establecido en el artículo 86 del (sic) Constitución se impone por resultar más eficaz.” Sin embargo, al concentrarse en el estudio de fondo, luego de dedicar unas consideraciones generales al tema de la estabilidad laboral reforzada de las mujeres embarazadas y al de protección a la maternidad, el funcionario judicial expuso: “la jurisprudencia de la Corte ha reconocido que los elementos que configuran la existencia de un contrato de trabajo, son el salario, que para el presente caso no aplica, pues en el contrato allegado por el accionado se establece un porcentaje de las ganancias, la dependencia, qen este caso tampoco se logra establecer, como quiera que si bien en el contrato se observan unos tiempos de labor requeridos, los mismos se dejan a elección de la accionante sin imposición alguna, únicamente existía una sanción pecuniaria por la no ruralización (sic) del espacio alquilado, y la prestación personal del servicio el cual correspondió a la aquí accionante [Fantina] tal como ha sido reconocido por las partes, es decir, existen dudas insalvables acerca de la real vinculación laboral que depreca la afectada.” Agregó que, de acuerdo con las cláusulas del contrato de cuentas en participación celebrado el 14 de mayo de 2019 y terminado uniltateralmente por el accionado el 21 de enero de 2020 a causa del incumplimiento de las obligaciones a cargo de la actora, no se contempló una relación de subordinación entre las partes, que de las obligaciones pactadas no resulta un desequilibrio entre ellas, y que la forma de distribuir el beneficio económico -60% de lo facturado para la accionante- es propia de una especial de trato societario, pues “en ninguna relación laboral comúnmente el trabajador ganaría más que el empleador.” Indicó que aunque el contrato allegado por el accionadio no se ajusta totalmente a lo establecido en el artículo 507 del Código de Comercio para el contrato de cuentas por participación, sí contiene muchos más elementos de este que de una relación laboral."
dependencia,DOC_0746,Corte Constitucional,2019.0,DOC_0746_S00281,"ender a un enfoque étnico y cultural diferencial, y que la JEP contaría con una",dependencia,adscrita a la Secretaría Ejecutiva que tendría como objeto garantizar la partic,"Agregó que se debía atender a un enfoque étnico y cultural diferencial, y que la JEP contaría con una dependencia adscrita a la Secretaría Ejecutiva que tendría como objeto garantizar la participación de las víctimas y su representación, individual o colectiva, atendiendo no solo su derecho, sino también los principios de eficacia, eficiencia, celeridad y economía procesal."
dependencia,DOC_0746,Corte Constitucional,2019.0,DOC_0746_S00337,"parágrafo, de la LEJ establece que la Secretaría Ejecutiva de la JEP tendrá una",dependencia,adscrita que se ocupe de garantizar a las víctimas su participación y represent,"Entre ellos, el artículo 14, parágrafo, de la LEJ establece que la Secretaría Ejecutiva de la JEP tendrá una dependencia adscrita que se ocupe de garantizar a las víctimas su participación y representación especial, de manera individual o colectiva[108]."
dependencia,DOC_0746,Corte Constitucional,2019.0,DOC_0746_S00339,Estos mecanismos se desarrollan a través de la,dependencia,"de participación de las víctimas adscrita a la Secretaría Ejecutiva, en coordin","Estos mecanismos se desarrollan a través de la dependencia de participación de las víctimas adscrita a la Secretaría Ejecutiva, en coordinación con el Ministerio Público y en colaboración con la Unidad para las Víctimas y con organizaciones representativas de las víctimas."
dependencia,DOC_0746,Corte Constitucional,2019.0,DOC_0746_S00528,"artículo 2, parágrafo segundo, inciso segundo de la Ley 1922 de 2018. [108] Tal",dependencia,", es el Departamento de Atención a Víctimas según e Acuerdo AOG No. 036 de 2018,","Antonio José Lizarazo Ocampo. [107] Ver el artículo 2, parágrafo segundo, inciso segundo de la Ley 1922 de 2018. [108] Tal dependencia, es el Departamento de Atención a Víctimas según e Acuerdo AOG No. 036 de 2018, “por el cual se establece la estructura de la Secretaría Ejecutiva de la Jurisdicción Especial para la Paz (JEP)” [109] M.P."
dependencia,DOC_0747,Corte Constitucional,2022.0,DOC_0747_S00201,"Por ejemplo, las dinámicas socioeconómicas generan una",dependencia,de las mujeres hacia sus parejas.,"Por ejemplo, las dinámicas socioeconómicas generan una dependencia de las mujeres hacia sus parejas."
dependencia,DOC_0747,Corte Constitucional,2022.0,DOC_0747_S00206,iolencia en sus hogares denuncian esos episodios porque tienen un alto grado de,dependencia,emocional y económica hacia su agresor.,"En ese sentido, el DANE ha resaltado que no todas las mujeres que padecen distintas formas de violencia en sus hogares denuncian esos episodios porque tienen un alto grado de dependencia emocional y económica hacia su agresor."
dependencia,DOC_0747,Corte Constitucional,2022.0,DOC_0747_S00208,"De manera que, la",dependencia,económica y emocional de las víctimas con sus agresores genera un contexto que,"De manera que, la dependencia económica y emocional de las víctimas con sus agresores genera un contexto que impone barreras difíciles de superar para que las mujeres víctimas de violencia de pareja en sus familias accedan a la justicia y al restablecimiento de sus derechos[60]."
dependencia,DOC_0748,Corte Constitucional,2022.0,DOC_0748_S00104,e la comisaría para el año 2022 e indicó qué funcionarios formaban parte de esa,dependencia,[65]. - Explicó que realizadas las entrevistas “fue identificado por la profesio,"De la copia íntegra del expediente se advierte que, el 17 de febrero de 2023, el Juzgado Segundo de Familia de Envigado admitió la referida solicitud de homologación. - Indicó que para la audiencia del 18 de marzo de 2022 “se estimó que el medio más eficaz [para la citación] era el telefónico” y que “desde el momento en que se realiza la llamada a las personas se les reporta el objeto y alcance de la diligencia”. - Precisó que en la referida audiencia las partes “llegaron a acuerdos”, por lo que “no había lugar a recurso alguno, de allí que ni en el acta quedara establecido ni el Despacho se vio obligado a tratar dicho tema por sustracción de materia”. - Remitió la estadística de la comisaría para el año 2022 e indicó qué funcionarios formaban parte de esa dependencia[65]. - Explicó que realizadas las entrevistas “fue identificado por la profesional de psicología que no se evidenciaba vulneración de derecho alguno mas si una situación insoluta en cuanto al contacto del niño con su padre”. - Indicó que “en retroalimentación de casos que se acostumbra a hacer en el Despacho Comisarial [sic] entre sus integrantes, […] se priorizaban otros casos, no solo de Restablecimiento de Derechos sino de Violencia Intrafamiliar”. - Precisó que si bien el informe de verificación de garantía de derechos “se expidió tiempo después de llegar el asunto al Despacho, […] la verificación, o actuaciones materiales y profesionales de la Psicóloga se hicieron en un tiempo prudencial adecuado”; - Expuso que en su momento consideró que no había mérito para continuar con un proceso administrativo de restablecimiento de derechos, ni a entender configurada una agresión sexual, con base en “lo hallado y reportado inicialmente y en su informe por la profesional de Psicología del Despacho”; - Explicó que para adoptar la medida provisional de retiro del niño del entorno materno “se barajaron otras figuras, incluso multar a la madre por el incumplimiento de la Amonestación”."
dependencia,DOC_0749,Corte Constitucional,2016.0,DOC_0749_S00422,ínculo de parentesco o familiar y no obstante el estrecho vínculo afectivo y la,dependencia,espiritual y hasta patrimonial que puede surgir entre los menores y sus “padres,"En tales condiciones, el concepto de víctima se hizo extensivo a otros familiares por consanguinidad, sin importar el grado, pero que en todo caso acrediten el daño causado con el delito, ámbito dentro del cual no se incluye a los denominados “padres de crianza”, por cuanto en ellos no es predicable algún vínculo de parentesco o familiar y no obstante el estrecho vínculo afectivo y la dependencia espiritual y hasta patrimonial que puede surgir entre los menores y sus “padres de crianza”, estos no conforman su núcleo familiar ni son parientes, y en consecuencia, no pueden admitirse como familiares por consanguinidad ni reconocerse víctimas dentro del proceso de justicia y paz, y consecuentemente a no estimar sus pretensiones para la reparación integral, eventualidad que deja sin sustento alguno el planteamiento del defensor. (CSJ AP6961-2015)[302] No resulta atendible la revocatoria del fallo por este aspecto. 2.5."
viena,DOC_0763,Corte Constitucional,2020.0,DOC_0763_S00700,Conferencia Mundial sobre Derechos Humanos de,Viena,(1993) – Vienna Declaration and Programme of Action No vinculante Numeral 15 Co,"Conferencia Mundial sobre Derechos Humanos de Viena (1993) – Vienna Declaration and Programme of Action No vinculante Numeral 15 Conferencia Mundial sobre Población y Desarrollo de El Cairo (1994) No vinculante Principio 4 Principio 8 Programa de acción, párrafo 7.3 ONU - Conferencia Mundial Sobre la Mujer: Beijing (1995) No vinculante Objetivo estratégico C.1. k) Objetivo estratégico C.4. i) Primera Conferencia Regional de Población y Desarrollo - Consenso de Montevideo (2013) No vinculante Acuerdo 14 Acuerdo 40 Acuerdo 42 Acuerdo 43 Declaración de expertos de las Naciones Unidas en el marco del Día de Acción Global por el Aborto Legal y Seguro (2018) No vinculante Negar el acceso al aborto libre y seguro es discriminatorio y repercute en la estigmatización de las mujeres."
cairo,DOC_0763,Corte Constitucional,2020.0,DOC_0763_S00700,No vinculante Numeral 15 Conferencia Mundial sobre Población y Desarrollo de El,Cairo,"(1994) No vinculante Principio 4 Principio 8 Programa de acción, párrafo 7.3 ON","Conferencia Mundial sobre Derechos Humanos de Viena (1993) – Vienna Declaration and Programme of Action No vinculante Numeral 15 Conferencia Mundial sobre Población y Desarrollo de El Cairo (1994) No vinculante Principio 4 Principio 8 Programa de acción, párrafo 7.3 ONU - Conferencia Mundial Sobre la Mujer: Beijing (1995) No vinculante Objetivo estratégico C.1. k) Objetivo estratégico C.4. i) Primera Conferencia Regional de Población y Desarrollo - Consenso de Montevideo (2013) No vinculante Acuerdo 14 Acuerdo 40 Acuerdo 42 Acuerdo 43 Declaración de expertos de las Naciones Unidas en el marco del Día de Acción Global por el Aborto Legal y Seguro (2018) No vinculante Negar el acceso al aborto libre y seguro es discriminatorio y repercute en la estigmatización de las mujeres."
patrimonio,DOC_0763,Corte Constitucional,2020.0,DOC_0763_S01327,"ales dependiente (de la mujer gestante), o en sentido amplio como protección al",patrimonio,"genético heredable de la humanidad, y otras infracciones a la vida humana indep","Estos delitos corresponden a conductas punibles que protegen la vida, la integridad y la seguridad personales dependiente (de la mujer gestante), o en sentido amplio como protección al patrimonio genético heredable de la humanidad, y otras infracciones a la vida humana independiente de menores de edad. [245] Corte Constitucional, sentencia C-327 de 2016, entre otras. [246] Corte Constitucional, sentencia C-355 de 2006. [247] Ibíd. [248] La jurisprudencia ha dividido los tratados, para efectos de su cumplimiento en: (i) aquellos que se refieran a derechos humanos cuya limitación esté prohibida en estados de excepción (art. 93.1 superior), denominado bloque de constitucionalidad en sentido estricto, y por ende de obligatorio cumplimiento; (ii) aquellos que se refieren a tratados que regulan derechos humanos que si son limitables en estados de excepción (art. 93.2 superior), denominado bloque en sentido lato. [249] La sentencia SU-217 de 2019 precisó que dichas recomendaciones u observaciones proferidas por órganos creados en virtud del tratado deben ser tenidos en cuenta en la interpretación de los derechos constitucionales."
cairo,DOC_0763,Corte Constitucional,2020.0,DOC_0763_S01355,También en la Conferencia Mundial sobre Población y Desarrollo de El,Cairo,"(1994) donde se estableció, en el principio cuarto, se estableció que “(…) el m","También en la Conferencia Mundial sobre Población y Desarrollo de El Cairo (1994) donde se estableció, en el principio cuarto, se estableció que “(…) el mejoramiento de la condición de la mujer también favorece su capacidad de adopción de decisiones a todos los niveles en todas las esferas de la vida, especialmente en el terreno de la sexualidad y la reproducción”."
cairo,DOC_0763,Corte Constitucional,2020.0,DOC_0763_S01454,tive Rights. [351] En la Conferencia Mundial sobre Población y Desarrollo de El,Cairo,"(1994), un instrumento de soft-law dentro del ordenamiento jurídico colombiano,","En sentido similar, la Relatoría sobre los Derechos Humanos de la Mujer de la Comisión Interamericana de Derechos Humanos, en el informe “El acceso a la justicia para las mujeres víctimas de violencia en las Américas” constató que “ciertos patrones socio culturales discriminatorios influyen en las actuaciones de los funcionarios en todos los niveles de la rama judicial”. [344] COOK, Rebecca J. & DICKENS, B, Reducing Stigma in Reproductive Health, International Journal of Gynecology and Obstretics, 125, 2014, pág. 89-92. [345] CORTÉS, Irene, Violencia de género e igualdad, Comares, S.L 2013 p.1. [346] Entre otras, ver https://www.corteconstitucional.gov.co/secretaria/archivo.php?id=13302, folio 7. [347] Corte Constitucional, sentencia T-967 de 2014. [348] Fiscalía General de la Nación, Directiva 006 de 2016 “Por medio de la cual se adoptan directrices para la investigación y juzgamiento del delito de aborto”, pág.17. [349] UNICEF, Informe sobre Equidad en Salud 2016: Un análisis de las inequidades en salud reproductiva, materna, neonatal, de la niñez y de la adolescencia en América Latina y el Caribe para guiar la formulación de políticas, 2016, pág. 42. [350] Así lo solicitaron en sus conceptos la Secretaría Distrital de la Mujer de Bogotá, Profamilia, la Mesa por la Vida y la Salud de las Mujeres (eliminación total), Isabel Cristina Jaramillo (despenalización total), Jorge Eduardo Caro Caro, Cristina Villareal Velásquez (despenalización total), Viviana Bohórquez Monsalve, Yesid Reyes Alvarado, Ricardo Posada Maya, Carlos Arturo Gómez Pavajeau, María Camila Correa Flórez, Ana Cristina González, Human’s Rights Watch, Dejusticia y Ángela Martínez Ortega y Nathaly Hernández Botina (Corporación Violeta en Movimiento), Dolly Paola Río Frio (ASMUPAZ), Estefanía Castillo (Fundación Surprise City) Janeth Lorena Chávez Martínez (Directora Clínica Profamilia sede Pasto) y Center for Reproductive Rights. [351] En la Conferencia Mundial sobre Población y Desarrollo de El Cairo (1994), un instrumento de soft-law dentro del ordenamiento jurídico colombiano, hay varias disposiciones que reflejan este lineamiento."
patrimonio,DOC_0770,Corte Constitucional,2013.0,DOC_0770_S00525,"el asesinato o desaparición de su proveedor económico, despojo de sus tierras y",patrimonio,", la concreción de violencia contra mujeres indígenas y afrodescendientes, exace","La obligación de que las medidas de protección se correspondan y adopten los medios necesarios para evitar la concreción de cada uno de los riesgos a los que se encuentran expuesta las mujeres defensoras, a saber: la comisión de actos de violencia, explotación o abuso sexual contra ellas o los miembros de su familia, la explotación o esclavización para ejercer labores domésticas o roles considerados patriarcales, el reclutamiento forzado de sus hijos e hijas, el riesgo derivado del contacto real o presunto con integrantes de algunos de los actores armados, persecución o asesinato contra ellas o los miembros de su familia como estrategia de control coercitivo, el asesinato o desaparición de su proveedor económico, despojo de sus tierras y patrimonio, la concreción de violencia contra mujeres indígenas y afrodescendientes, exacerbadas por la discriminación histórica. (vii)."
patrimonio,DOC_0770,Corte Constitucional,2013.0,DOC_0770_S00890,"o, asesinato o desaparición de su proveedor económico, despojo de sus tierras y",patrimonio,", la discriminación y vulnerabilidad acentuadas de las mujeres indígenas y afrod","La sección tercera de esta providencia se referirá a la existencia de este derechos en el marco constitucional colombiano y sus implicaciones para el Estado colombiano. [6] En el auto 092 de 2008, esta Corte identificó los siguientes riesgo a saber: a saber: la violencia, explotación o abuso sexual, la explotación o esclavización para ejercer labores domésticas o roles considerados patriarcales, el reclutamiento forzado de sus hijos e hijas, el riesgo derivado del contacto real o presunto con integrantes de algunos de los actores armados, los riesgos de derivados de su pertenencia a organizaciones sociales o comunitarias, liderazgo o promoción de derechos humanos, persecución o asesinato como estrategia de control coercitivo, asesinato o desaparición de su proveedor económico, despojo de sus tierras y patrimonio, la discriminación y vulnerabilidad acentuadas de las mujeres indígenas y afrodescendientes y la pérdida o ausencia del compañero durante el desplazamiento. [7] Defensoría del Pueblo."
dependencia,DOC_0779,Corte Constitucional,2020.0,DOC_0779_S00012,"POG presentaron queja ante la Oficina Asesora de Asuntos Disciplinarios (OAAD),",dependencia,que trasladó la queja a la Decanatura de la Facultad de Ciencias de la Educació,"Según se indica en la solicitud de tutela, en el año 2019: (i) Hubo una cancelación masiva de materias de estudiantes que cursaban asignaturas con el docente. (ii) El 20 de septiembre la estudiante JARC interpuso una denuncia ante la Fiscalía General de la Nación por acoso sexual, de la cual obra prueba en el expediente[6]. (iii) El 23 de septiembre los estudiantes AMQ y JPOG presentaron queja ante la Oficina Asesora de Asuntos Disciplinarios (OAAD), dependencia que trasladó la queja a la Decanatura de la Facultad de Ciencias de la Educación[7]. (iv) El 23 de septiembre, más de 130 estudiantes presentaron en conjunto una denuncia pública en contra del profesor de la que obra prueba en el expediente[8]."
dependencia,DOC_0779,Corte Constitucional,2020.0,DOC_0779_S00664,"ntadas; por el contrario, los funcionarios a cargo trasladaron el asunto de una",dependencia,"a otra, y algunos servidores públicos de la entidad al parecer intentaron persu","Esta omisión se reiteró en 2019, cuando la comunidad académica presentó múltiples denuncias por motivos similares y aún más graves, pero la universidad no adoptó medidas efectivas para el trámite de las quejas presentadas; por el contrario, los funcionarios a cargo trasladaron el asunto de una dependencia a otra, y algunos servidores públicos de la entidad al parecer intentaron persuadir a los estudiantes de no continuar con las denuncias por la ausencia de pruebas. 282. (c) La obligación de actuar con sujeción al debido proceso e iniciar una investigación disciplinaria tiene mayor fuerza cuando existe un sesgo de género que propicia o motiva los actos de acoso, violencia y discriminación."
viena,DOC_0784,Corte Suprema de Justicia,2017.0,DOC_0784_S00058,de conformidad con lo estipulado en los Planes de Acción de las Conferencias de,Viena,", Cairo y Beijing, por violencia económica, se entiende cualquier acción u omisi","Para efectos de la presente ley, y de conformidad con lo estipulado en los Planes de Acción de las Conferencias de Viena, Cairo y Beijing, por violencia económica, se entiende cualquier acción u omisión orientada al abuso económico, el control abusivo de las finanzas, recompensas o castigos monetarios a las mujeres por razón de su condición social, económica o política."
cairo,DOC_0784,Corte Suprema de Justicia,2017.0,DOC_0784_S00058,"ormidad con lo estipulado en los Planes de Acción de las Conferencias de Viena,",Cairo,"y Beijing, por violencia económica, se entiende cualquier acción u omisión orie","Para efectos de la presente ley, y de conformidad con lo estipulado en los Planes de Acción de las Conferencias de Viena, Cairo y Beijing, por violencia económica, se entiende cualquier acción u omisión orientada al abuso económico, el control abusivo de las finanzas, recompensas o castigos monetarios a las mujeres por razón de su condición social, económica o política."
dependencia,DOC_0785,Corte Constitucional,2022.0,DOC_0785_S00693,Civil de la Corte Suprema de Justicia que “es importante cuestionar si ¿hay una,dependencia,"económica frente al posible abusador?, lo cual puede expresarse por la persona","Aroldo Wilson Quiroz Monsalvo. [114] De forma puntual, sobre asuntos de familia, dice la Sala de Casación Civil de la Corte Suprema de Justicia que “es importante cuestionar si ¿hay una dependencia económica frente al posible abusador?, lo cual puede expresarse por la persona que contribuye con la financiación económica del hogar, o por la identificación de la persona a nombre de quién figuran los activos sociales, o la administración efectiva del dinero del hogar, entre otros”. [115] Ibidem. [116] Ello también es concordante con la jurisprudencia de la Corte Constitucional sobre enfoque de género y de sentencias como la SU-479 de 2019, en donde se aclaró que la decisión sin motivación, como causal específica de tutela contra providencia, puede presentarse cuando se omite “el deber de aplicar un enfoque de derechos fundamentales para decidir en los casos que se le presenten, pese a advertir la necesidad del mismo según las circunstancias del caso”. [117] Corte Constitucional, sentencia T-344 de 2020. [118] Corte Constitucional, sentencia C-590 de 2005. [119] Corte Constitucional, sentencia T-336 de 2004. [120] Corte Constitucional, sentencias T-442 de 1994 y T-781 de 2011. [121] Corte Constitucional, sentencias T-917 de 2011 y T-467 de 2019. [122] Corte Constitucional, sentencia T-197 de 2011. [123] Corte Constitucional, sentencia T-084 de 2017. [124] Corte Constitucional, sentencia T-458 de 2007. [125] Corte Constitucional, sentencia T-476 de 2019. [126] Sentencia STC15780-2021 del 24 de noviembre de 2021."
dependencia,DOC_0785,Corte Constitucional,2022.0,DOC_0785_S00711,"a ha situado en una posición de inferioridad frente al hombre, reforzado por la",dependencia,socioeconómica.,"Así, tradicionalmente el rol que le correspondía a la mujer la excluía de la participación en espacios públicos, del estudio y el trabajo y de la posibilidad de ejercer derechos políticos, lo cual la ha situado en una posición de inferioridad frente al hombre, reforzado por la dependencia socioeconómica."
patrimonio,DOC_0799,Corte Constitucional,2014.0,DOC_0799_S00254,La ley podrá determinar el,patrimonio,familiar inalienable e inembargable. (…) Las relaciones familiares se basan en,"La ley podrá determinar el patrimonio familiar inalienable e inembargable. (…) Las relaciones familiares se basan en la igualdad de derechos y deberes de la pareja y en el respeto recíproco entre todos sus integrantes. // Cualquier forma de violencia en la familia se considera destructiva de su armonía y unidad, y será sancionada conforme a la ley. (…)” “Artículo 43. (…) Durante el embarazo y después del parto [la mujer] gozará de especial asistencia y protección del Estado, y recibirá de éste subsidio alimentario si entonces estuviere desempleada o desamparada. // El Estado apoyará de manera especial a la mujer cabeza de familia.” “Artículo 53."
dependencia,DOC_0803,Corte Constitucional,2022.0,DOC_0803_S00743,"tivo, colectivo e integral? iii. ¿Se le ha restado importancia a la relación de",dependencia,condicionada existente entre la implementación del componente de garantías de s,"Análisis previo: las actuaciones de las autoridades comprometidas con la efectiva materialización del componente de garantías de seguridad a favor de la población firmante del Acuerdo Final de Paz en proceso de reincorporación a la vida civil se examinarán a la luz de lo consignado en la parte considerativa de la sentencia y teniendo en cuenta los siguientes interrogantes: i. ¿Ha existido una correspondencia de la actuación institucional con la normativa constitucional y legal expedida en desarrollo del punto 3.4 del Acuerdo Final de Paz? ¿Cuál ha sido su impacto en la asignación y ejecución de recursos, así como en la implementación articulada, coordinada e integral del componente de garantías de seguridad para la población firmante en proceso de reincorporación a la vida civil? ii. ¿Cuál ha sido la concordancia entre la ejecución institucional y la implementación de las garantías de protección de la población en proceso de reincorporación a la vida civil entendidas en un sentido reactivo e individual y al tiempo desde un concepto de seguridad humana de corte preventivo, colectivo e integral? iii. ¿Se le ha restado importancia a la relación de dependencia condicionada existente entre la implementación del componente de garantías de seguridad para la población signataria del Acuerdo Final de Paz y la ejecución articulada, coordinada e integral de los demás componentes del instrumento? ¿Tal situación podría desconocer la garantía de integralidad y de no regresividad? iv) ¿Qué ventajas tendría que en la implementación del componente de seguridad previsto en el Acuerdo Final de Paz las autoridades acompañen sus acciones de un lenguaje respetuoso, asertivo, tolerante que genere confianza e impida reproducir escenarios de odio y estigmatización? v) ¿Qué relevancia se les ha dado a los enfoques diferenciales incorporados en el Acuerdo Final de Paz y desarrollados por normas constitucionales y legales (el de derechos humanos, el de género, el étnico, el territorial y el multidimensional) en la materialización del componente de garantías de seguridad para la población firmante? vi) ¿Cuál ha sido el papel del Sistema de Alertas Tempranas y la Comisión Intersectorial para la Respuesta Rápida a las Alertas Tempranas CIPRAT en la implementación de las garantías de seguridad de la población signataria del Acuerdo Final de Paz en tránsito a la vida civil? vii) ¿Cuál ha sido el desempeño de la Unidad Especial de Investigación de la Fiscalía General de la Nación en la implementación de las garantías de seguridad de la población signataria del Acuerdo Final de Paz en tránsito a la vida civil? 8.3."
dependencia,DOC_0803,Corte Constitucional,2022.0,DOC_0803_S01440,"tivo, colectivo e integral? iii) ¿Se le ha restado importancia a la relación de",dependencia,condicionada existente entre la implementación del componente de garantías de s,"Antes de pronunciarse sobre los asuntos concretos y de establecer si en los casos bajo revisión se cumplen los criterios para declarar el estado de cosas inconstitucional, la Sala analizará las actuaciones de las autoridades comprometidas con la efectiva materialización del componente de garantía de seguridad previsto en el punto 3.4 del Acuerdo Final de Paz a la luz de los siguientes interrogantes: i) ¿Ha existido una correspondencia de la actuación institucional con la normativa constitucional y legal expedida en desarrollo del punto 3.4 del Acuerdo Final de Paz? ¿Cuál ha sido su impacto en la asignación y ejecución de recursos, así como en la implementación articulada, coordinada e integral del componente de garantías de seguridad para la población firmante en proceso de reincorporación a la vida civil? ii) ¿Cuál ha sido la concordancia entre la ejecución institucional y la implementación de las garantías de protección de la población en proceso de reincorporación entendidas en un sentido reactivo e individual y al tiempo desde un concepto de seguridad humana de corte preventivo, colectivo e integral? iii) ¿Se le ha restado importancia a la relación de dependencia condicionada existente entre la implementación del componente de garantías de seguridad para la población signataria del Acuerdo Final de Paz y la ejecución articulada, coordinada e integral de los demás componentes del instrumento? ¿Tal situación podría desconocer la garantía de integralidad y de no regresividad? iv) ¿Qué ventajas tendría que en la implementación del componente de seguridad previsto en el Acuerdo Final de Paz las autoridades acompañen sus acciones de un lenguaje respetuoso, asertivo, tolerante que genere confianza e impida reproducir escenarios de odio y estigmatización? v) ¿Qué relevancia se les ha dado a los enfoques diferenciales incorporados en el Acuerdo Final de Paz y desarrollados por normas constitucionales y legales (el de derechos humanos, el de género, el étnico, el territorial y el multidimensional) en la materialización del componente de garantías de seguridad de la población firmante? vi) ¿Cuál ha sido el papel del Sistema de Alertas Tempranas y la Comisión Intersectorial para la Respuesta Rápida a las Alertas Tempranas CIPRAT en la implementación de las garantías de seguridad de la población signataria del Acuerdo Final de Paz en tránsito a la vida civil? vii) ¿Cuál ha sido el desempeño de la Unidad Especial de Investigación de la Fiscalía General de la Nación en la implementación de las garantías de seguridad de la población signataria del Acuerdo Final de Paz en tránsito a la vida civil? 8.2.2."
patrimonio,DOC_0814,Corte Constitucional,2020.0,DOC_0814_S00137,los agravados en el acceso a la propiedad de la tierra y en la protección de su,patrimonio,"hacia el futuro, especialmente en los planes de retorno y reubicación[107]; (ix","Dentro de estos, se encuentran (i) violencia y el abuso sexuales, incluida la prostitución forzada, la esclavitud sexual o la trata de personas con fines de explotación sexual[101]; (ii) la violencia intrafamiliar y la violencia comunitaria por motivos de género[102]; (iii) el desconocimiento y vulneración de su derecho a la salud y especialmente de sus derechos sexuales y reproductivos a todo nivel, con particular gravedad en el caso de las niñas y adolescentes pero también de las mujeres gestantes y lactantes[103]; (iv) la asunción del rol de jefatura de hogar femenina sin las condiciones de subsistencia material mínimas requeridas por el principio de dignidad, con especiales complicaciones en casos de mujeres con niños pequeños, mujeres con problemas de salud, con discapacidad o adultas mayores[104]; (v) obstáculos agravados en el acceso al sistema educativo; (vi) obstáculos agravados en la inserción al sistema económico y en el acceso a oportunidades laborales y productivas[105]; (vii) la explotación doméstica y laboral, incluida la trata de personas con fines de explotación económica[106]; (viii) obstáculos agravados en el acceso a la propiedad de la tierra y en la protección de su patrimonio hacia el futuro, especialmente en los planes de retorno y reubicación[107]; (ix) los cuadros de discriminación social aguda de las mujeres indígenas y afrodescendientes desplazadas[108]; (x) la violencia contra las mujeres líderes o que adquieren visibilidad pública por sus labores de promoción social, cívica o de los derechos humanos[109]; (xi) la discriminación en su inserción a espacios públicos y políticos, con impacto especial sobre su derecho a la participación[110]; y (xii) el desconocimiento frontal de sus derechos como víctimas del conflicto armado a la justicia, la verdad, la reparación y la garantía de no repetición[111]."
patrimonio,DOC_0814,Corte Constitucional,2020.0,DOC_0814_S00596,ón de su núcleo familiar; viii) el riesgo de ser despojadas de sus tierras y su,patrimonio,con mayor facilidad por los actores armados ilegales dada su posición histórica,"Pp.74ss. [95] En el Auto 092 de 2008, la Corte Constitucional identificó los siguientes riesgos de género en el marco del conflicto armado, a saber: i) violencia sexual y explotación sexual; ii) explotación o esclavización para ejercer labores domésticas y roles considerados femeninos en una sociedad con rasgos patriarcales; iii) el reclutamiento forzados de sus hijos e hijas u otro tipo de amenazas que se agudizan cuando son madres cabeza de familia; iv) los riesgos derivados del contacto o de las relaciones familiares o personales-voluntarias, accidentales o presuntas-con los integrantes de alguno de los grupos armados ilegales que operan en el país o con miembros de la Fuerza Pública; v) riesgos derivados de su pertenencia a organizaciones sociales, comunitarias o políticas, o labores de liderazgo; vi) riesgo de persecución o asesinato por las estrategias de control; vii) riesgo por el asesinato o secuestro de su proveedor económico o por la desintegración de su núcleo familiar; viii) el riesgo de ser despojadas de sus tierras y su patrimonio con mayor facilidad por los actores armados ilegales dada su posición histórica ante la propiedad, especialmente las propiedades inmuebles rurales; ix) os riesgos derivados de la condición de discriminación y vulnerabilidad acentuada de las mujeres indígenas y afrodescendientes; y (x) el riesgo por la pérdida o ausencia de su compañero o proveedor económico durante el proceso de desplazamiento."
patrimonio,DOC_0844,Corte Constitucional,2019.0,DOC_0844_S00099,ctación sufrida por la víctima no alcanza a menoscabar en forma considerable su,patrimonio,"moral, ni alcanza a cumplir los lineamientos del principio de antijuridicidad m","P.) fue archivada por conducta atípica, “al considerar que la afectación sufrida por la víctima no alcanza a menoscabar en forma considerable su patrimonio moral, ni alcanza a cumplir los lineamientos del principio de antijuridicidad material o del principio de lesividad, resultando un innecesario desgaste de la administración de justicia”[85]. e."
femicidio,DOC_0849,Corte Constitucional,2021.0,DOC_0849_S00329,Ver https://www.clarin.com/sociedad/chiara-paez-,femicidio,-conmovio-pais-unio-mujeres-lucha-niunamenos_0_gzkNRI5Sw.html [89] http://www.sc,"Ver https://www.clarin.com/sociedad/chiara-paez-femicidio-conmovio-pais-unio-mujeres-lucha-niunamenos_0_gzkNRI5Sw.html [89] http://www.scielo.org.co/pdf/angr/v18n36/2248-4086-angr-18-36-159.pdf [90] Sentencia T-361 de 2019. [91] [91] ARUMINA, Gopinath."
dependencia,DOC_0849,Corte Constitucional,2021.0,DOC_0849_S00332,do que la indefensión hace referencia a una situación relacional que implica la,dependencia,"de una persona respecto de otra, por causa de una decisión o actuación desarrol","Pág. 13. [92] Disponible en https://pares.com.co/2019/10/15/indice-de-impunidad-colombia-2019-un-examen-a-la-justicia/ [93] Disponible en https://www.minsalud.gov.co/Paginas/Todos-podemos-poner-fin-a-la-violencia-contra-la-mujer.aspx [94] La Corte Constitucional ha determinado que la indefensión hace referencia a una situación relacional que implica la dependencia de una persona respecto de otra, por causa de una decisión o actuación desarrollada en el ejercicio irrazonable, irracional o desproporcionada de un derecho del que el particular es titular."
patrimonio,DOC_0860,Corte Constitucional,2008.0,DOC_0860_S00428,Componente 6- Despojo de tierras y del,patrimonio,de las mujeres Existe una situación que en general ubica a las mujeres colombia,"Componente 6- Despojo de tierras y del patrimonio de las mujeres Existe una situación que en general ubica a las mujeres colombianas en una “posición de desventaja”[18] para acceder a la propiedad de la tierra y bienes inmuebles, ya que tradicionalmente son los hombres quienes ejercen más frecuentemente este derecho y las mujeres se consideran actores pasivos en ese ejercicio."
viena,DOC_0860,Corte Constitucional,2008.0,DOC_0860_S00622,de conformidad con lo estipulado en los Planes de Acción de las Conferencias de,Viena,", Cairo y Beijing, por violencia económica, se entiende cualquier acción u omisi","“Por violencia contra la mujer se entiende cualquier acción u omisión, que le cause muerte, daño o sufrimiento físico, sexual, psicológico, económico o patrimonial por su condición de mujer, así como las amenazas de tales actos, la coacción o la privación arbitraria de la libertad, bien sea que se presente en el ámbito público o en el privado”. (Articulo 1) “Para efectos de la presente ley, y de conformidad con lo estipulado en los Planes de Acción de las Conferencias de Viena, Cairo y Beijing, por violencia económica, se entiende cualquier acción u omisión orientada al abuso económico, el control abusivo de las finanzas, recompensas o castigos monetarios a las mujeres por razón de su condición social, económica o política."
cairo,DOC_0860,Corte Constitucional,2008.0,DOC_0860_S00622,"ormidad con lo estipulado en los Planes de Acción de las Conferencias de Viena,",Cairo,"y Beijing, por violencia económica, se entiende cualquier acción u omisión orie","“Por violencia contra la mujer se entiende cualquier acción u omisión, que le cause muerte, daño o sufrimiento físico, sexual, psicológico, económico o patrimonial por su condición de mujer, así como las amenazas de tales actos, la coacción o la privación arbitraria de la libertad, bien sea que se presente en el ámbito público o en el privado”. (Articulo 1) “Para efectos de la presente ley, y de conformidad con lo estipulado en los Planes de Acción de las Conferencias de Viena, Cairo y Beijing, por violencia económica, se entiende cualquier acción u omisión orientada al abuso económico, el control abusivo de las finanzas, recompensas o castigos monetarios a las mujeres por razón de su condición social, económica o política."
patrimonio,DOC_0860,Corte Constitucional,2008.0,DOC_0860_S00756,"n las incertidumbres por el futuro, habiendo dejado atrás sus pertenencias y su",patrimonio,", llegando a entornos desconocidos y con responsabilidades nuevas que a su turno","Así, por ejemplo, las mujeres que han sido víctimas del asesinato de sus familiares no sólo deben experimentar el dolor propio de la pérdida, sino también las incertidumbres por el futuro, habiendo dejado atrás sus pertenencias y su patrimonio, llegando a entornos desconocidos y con responsabilidades nuevas que a su turno les imponen serias cargas emocionales y anímicas."
patrimonio,DOC_0860,Corte Constitucional,2008.0,DOC_0860_S01057,no de los cuales (el octavo) es el riesgo de ser despojadas de sus tierras y su,patrimonio,con mayor facilidad por los actores armados ilegales dada su posición histórica,"La Corte adoptó medidas comprehensivas de protección en dos campos: (1) el campo de la prevención del impacto desproporcionado del desplazamiento forzado sobre las mujeres, en el cual identificó diez riesgos de género, uno de los cuales (el octavo) es el riesgo de ser despojadas de sus tierras y su patrimonio con mayor facilidad por los actores armados ilegales dada su posición histórica ante la propiedad, especialmente las propiedades inmuebles rurales y (2) el campo de la atención a las mujeres que son víctimas del desplazamiento forzado, en el cual se identificaron dieciocho facetas de género que incluyen tanto patrones de violencia y discriminación de género de índole estructural en la sociedad colombiana, como problemas específicos de las mujeres desplazadas, producto de la conjunción de los factores de vulnerabilidad que soportan."
patrimonio,DOC_0860,Corte Constitucional,2008.0,DOC_0860_S01082,armado para las mujeres existe el “riesgo de ser despojadas de sus tierras y su,patrimonio,con mayor facilidad por los actores armados ilegales dada su posición tradicion,"Impactos desproporcionados del conflicto armado hacia las mujeres y limitaciones para la protección o restitución de sus bienes La Corte Constitucional ha señalado en el Auto 092 que el contexto armado para las mujeres existe el “riesgo de ser despojadas de sus tierras y su patrimonio con mayor facilidad por los actores armados ilegales dada su posición tradicional ante la propiedad, especialmente las propiedades inmuebles rurales”."
patrimonio,DOC_0860,Corte Constitucional,2008.0,DOC_0860_S01085,"ente, son las mujeres quienes suceden los cobros judiciales que con ocasión del",patrimonio,se hayan adquirido.,"En el caso de las mujeres víctimas de desplazamiento forzado, cuando éste está acompañado por la pérdida de su pareja[134], las mayores dificultades en lo jurídico son evidentes: las mujeres no conocen los linderos, no saben de la existencia de títulos, no tienen información sobre la modalidad de la propiedad, no tienen pruebas de posesión, y en muchos casos, no están en capacidad de dimensionar lo que la tierra y sus productos derivados pueden representar en términos económicos, adicionalmente, son las mujeres quienes suceden los cobros judiciales que con ocasión del patrimonio se hayan adquirido."
patrimonio,DOC_0860,Corte Constitucional,2008.0,DOC_0860_S01102,"a Corte Constitucional que “el derecho a la restitución de tierras, viviendas y",patrimonio,constituye el medio preferente de reparación de la población desplazada que ha,"DERECHOS A GARANTIZAR DE LAS MUJERES DESPLAZADAS Y PARÁMETROS JURÍDICOS A CUMPLIR La Comisión de Seguimiento a la Política Pública sobre Desplazamiento Forzado considera en su VI Informe a la Corte Constitucional que “el derecho a la restitución de tierras, viviendas y patrimonio constituye el medio preferente de reparación de la población desplazada que ha sufrido despojos o ha abandonado sus bienes con motivo del desplazamiento” y que, además, “una política pública adecuada de restitución de tierras es fundamental para la superación del Estado de Cosas Inconstitucional (ECI) declarado por la Corte en relación con la población desplazada” [140]."
patrimonio,DOC_0860,Corte Constitucional,2008.0,DOC_0860_S01148,smos deben incluir la flexibilización de la prueba frente a la afectación de su,patrimonio,"[149], que puede consistir en la prueba sumaria; la aceptación legal de testimon","Estos mecanismos deben incluir la flexibilización de la prueba frente a la afectación de su patrimonio[149], que puede consistir en la prueba sumaria; la aceptación legal de testimonios en diferentes fases del proceso; aportes y registros recopilados por la comunidad[150] bajo ciertos parámetros y otros. § Desarrollar mecanismos de jurídicos que permitan la transferencia del titulo que se tenía en conjunto o el derecho sobre la tierra por posesión, tenencia u ocupación, a las mujeres abandonadas o cuyo compañero haya desaparecido por causa de violencia. § Desarrollar programas de titulación de tierras recuperadas, priorizando a las mujeres en general y particularmente cuando son viudas, jefas de hogar o en condiciones de desprotección, procurando la seguridad fáctica, jurídica y económica del patrimonio."
dependencia,DOC_0860,Corte Constitucional,2008.0,DOC_0860_S01661,as mujeres desplazadas de tal modo que les permita romper con las relaciones de,dependencia,"frente al estado o frente a otros miembros de la familia (padres, hermanos) y p","Promover el empoderamiento (generar capacidades y autonomía) del núcleo familiar de las mujeres desplazadas de tal modo que les permita romper con las relaciones de dependencia frente al estado o frente a otros miembros de la familia (padres, hermanos) y propicie posibilidades de generación autónoma de iniciativas de autosostenibilidad mediante la búsqueda de empleos o generación de proyectos productivos."
patrimonio,DOC_0860,Corte Constitucional,2008.0,DOC_0860_S01899,"d sobre la Tierra"", mimeo. [133] Cifras del Programa de Protección de Tierras y",Patrimonio,de la Población Desplazada con corte a 10 de septiembre de 2007. [134] Llama la,"Revisión de la Legislación sobre el Derecho de la Mujer a la Propiedad sobre la Tierra"", mimeo. [133] Cifras del Programa de Protección de Tierras y Patrimonio de la Población Desplazada con corte a 10 de septiembre de 2007. [134] Llama la atención la atención la altísima proporción de mujeres viudas, en una población con una edad media de 34 años, cuando en condiciones normales de supervivencia la viudez femenina es un fenómeno que se registra alrededor de los 50 años."
dependencia,DOC_0875,Corte Suprema de Justicia,2017.0,DOC_0875_S00105,"y Carcelario de Mediana Seguridad de Buga (Valle del Cauca), o con alguna otra",dependencia,"del Instituto Nacional Penitenciario y Carcelario-INPEC-, de conformidad con el","Igualmente, si dichas obras incluyen el pabellón de mujeres del mencionado establecimiento. b) Si, en la actualidad, las obras de infraestructura requeridas por el pabellón de mujeres del Establecimiento Penitenciario y Carcelario de Mediana Seguridad de Buga están, sí o no, incluidas en el presupuesto de la Unidad de Servicios Penitenciarios y Carcelarios. iii) Se ofició a la Alcaldía del Municipio de Guadalajara de Buga (Valle del Cauca), para que, por medio de su instancia competente, informara sobre lo siguiente: a) Si a la fecha se ha celebrado, sí o no, Convenio Interadministrativo de Integración de Servicios con el Establecimiento Penitenciario y Carcelario de Mediana Seguridad de Buga (Valle del Cauca), o con alguna otra dependencia del Instituto Nacional Penitenciario y Carcelario-INPEC-, de conformidad con el artículo 17 de la Ley 65 de 1993."
dependencia,DOC_0875,Corte Suprema de Justicia,2017.0,DOC_0875_S00115,"Para efectos del concepto técnico requerido, dicha",dependencia,ofició a la USPEC para que prestara su colaboración. b) El Director de Gestión,"Para efectos del concepto técnico requerido, dicha dependencia ofició a la USPEC para que prestara su colaboración. b) El Director de Gestión Corporativa del INPEC, el mismo 8 de marzo pasado, allegó a la Corte respuesta en relación con la pregunta sobre cuáles han sido las necesidades identificadas, por parte de dicha entidad, en materia de infraestructura, bienes y servicios del pabellón de mujeres del Establecimiento Penitenciario y Carcelario de Mediana Seguridad de Buga (Valle del Cauca), de conformidad con el artículo 2°, numeral 16, del Decreto Ley 4151 de 2011, y si estas necesidades han sido priorizadas y requeridas a la Unidad de Servicios Penitenciarios y Carcelarios-USPEC-[22]."
dependencia,DOC_0875,Corte Suprema de Justicia,2017.0,DOC_0875_S00125,"y Carcelario de Mediana Seguridad de Buga (Valle del Cauca), o con alguna otra",dependencia,"del Instituto Nacional Penitenciario y Carcelario-INPEC-, la respuesta fue nega","Sin embargo-agregó-, “la USPEC, tiene previsto unas (sic) proyecciones de inversión para la presente vigencia, que se podrían contemplar siempre y cuando se han (sic) priorizadas por el Inpec; Para (sic) de esta manera, programar una visita técnica al EPMSC de Buga, pabellón de mujeres, a efectos de verificar que (sic) necesidades de infraestructura tiene esa zona en específico y analizar la viabilidad de tenerlas en cuenta”. iii) Alcaldía de Guadalajara de Buga El Jefe de la Oficina Jurídica de la Alcaldía Municipal de Buga, mediante oficio del 23 de febrero de 2018, allegó repuesta a los requerimientos de la Corte[26]. a) En relación con la pregunta de si, a la fecha, se ha celebrado Convenio Interadministrativo de Integración de Servicios con el Establecimiento Penitenciario y Carcelario de Mediana Seguridad de Buga (Valle del Cauca), o con alguna otra dependencia del Instituto Nacional Penitenciario y Carcelario-INPEC-, la respuesta fue negativa."
dependencia,DOC_0875,Corte Suprema de Justicia,2017.0,DOC_0875_S00322,to de pruebas decretado por esta Corporación no resultó suficiente para que esa,dependencia,"informara, con cifras sustentadas, el índice de hacinamiento del patio de mujer","En lo que respecta a la Dirección del establecimiento penitenciario de Buga, el Auto de pruebas decretado por esta Corporación no resultó suficiente para que esa dependencia informara, con cifras sustentadas, el índice de hacinamiento del patio de mujeres y la distribución de los cupos; esta última, según la información global que reposa en el expediente, ha sido cambiante y lo cierto es que, si nos atenemos al dato suministrado por la Coordinadora de Asuntos Penitenciarios del INPEC, la Cárcel sigue recibiendo mujeres internas remitidas de otros municipios del Departamento del Valle del Cauca."
dependencia,DOC_0883,Corte Suprema de Justicia,2022.0,DOC_0883_S00081,"Así, la mujer era identificada por su supuesta debilidad y",dependencia,"y por el desempeño del rol de madre, cuidadora y ama de casa[18]. 51.","Así, la mujer era identificada por su supuesta debilidad y dependencia y por el desempeño del rol de madre, cuidadora y ama de casa[18]. 51."
dependencia,DOC_0894,Corte Constitucional,2022.0,DOC_0894_S00297,"ión, pues se refiere al momento en el que es posible evidenciar que se rompe la",dependencia,"de la vida en formación de la persona gestante, lo que justifica su protección","Esta fórmula u óptimo constitucional, en el actual contexto normativo en que se inserta la disposición demandada, se integra de tres elementos: (…) El primero, constituido por las tres “hipótesis extremas de afectación de [la] dignidad”[62] de la mujer evidenciadas por la Corte en la Sentencia C-355 de 2006. (…) El segundo, constituido por el concepto de “autonomía”, que permite la maximización abstracta de los bienes en tensión, pues se refiere al momento en el que es posible evidenciar que se rompe la dependencia de la vida en formación de la persona gestante, lo que justifica su protección reforzada por el derecho penal en el actual contexto normativo. (…) El tercero, que promueve el diálogo en las instancias de representación democrática[63], para que, en atención al condicionamiento de la disposición examinada, formulen e implementen una política pública integral que evite los amplios márgenes de desprotección para la dignidad y los derechos de las mujeres gestantes, profusamente descritos en esta providencia, y, a su vez, proteja en forma gradual e incremental la vida en gestación. (…) La decisión de la Corte parte del supuesto de la competencia del Legislador para adoptar una regulación integral orientada a proteger de manera eficaz los bienes jurídicos en tensión, pues esta decisión se adopta teniendo en cuenta el actual contexto normativo en que se inserta la disposición demandada, el cual resultaría modificado por el Legislador al adoptar la política integral a la que lo exhorta la Corte”. 102."
dependencia,DOC_0898,Corte Constitucional,2024.0,DOC_0898_S00029,"decidir?;tratándose de asuntos de familia, es importante cuestionar si ¿hay una",dependencia,"económica frente al posible abusador?, lo cual puede expresarse por la persona","Evaluar las asimetrías entre los roles de género identificables en el caso concreto, incluyendo criterios de interseccionalidad. (…) Algunos elementos orientadores, sin ser los únicos, sobre los cuales debe indagar el fallador para identificar la relación asimétrica que existe entre distintos roles de género presentes en una relación negocial o afectiva, son: (I) De qué manera uno u otro rol cuenta con autonomía, libertad y ejercicio pleno de su voluntad en las decisiones que adopten frente a vínculo que los une, bien sea para su conservación o disolución. (II) Cuál es el nivel de decisión en asuntos que de consuno deben adoptar, es decir, ¿hay alguien con mayor capacidad para decidir?;tratándose de asuntos de familia, es importante cuestionar si ¿hay una dependencia económica frente al posible abusador?, lo cual puede expresarse por la persona que contribuye con la financiación económica del hogar, o por la identificación de la persona a nombre de quién figuran los activos sociales, o la administración efectiva del dinero del hogar, entre otros. (III) Cómo las determinaciones de quien está en una posición de poder limitan o direccionan las circunstancias del otro, es decir, cuál es el nivel de influencia en la conducta de quien está en aparente estado de subordinación. (…) 6.2."
dependencia,DOC_0909,Corte Constitucional,2022.0,DOC_0909_S00103,"mujeres a la justicia, por ejemplo, “las dinámicas socioeconómicas generan una",dependencia,de las mujeres hacia sus parejas.,"Esta situación conlleva, a su vez, a la ineficacia de las acciones y recursos establecidos para sancionar la violencia en la familiar.[40] Adicionalmente, existen otras causas sociales y culturales que obstaculizan el acceso de las mujeres a la justicia, por ejemplo, “las dinámicas socioeconómicas generan una dependencia de las mujeres hacia sus parejas."
patrimonio,DOC_0914,Corte Constitucional,2019.0,DOC_0914_S00217,apoyo material y social; (viii) el riesgo de ser despojadas de sus tierras y su,patrimonio,con mayor facilidad por los actores armados ilegales dada su posición histórica,"En el auto se identificaron riesgos de género que producen mayor vulnerabilidad a las mujeres víctimas del conflicto armado, a saber: “(i) el riesgo de violencia sexual, explotación sexual o abuso sexual en el marco del conflicto armado; (ii) el riesgo de explotación o esclavización para ejercer labores domésticas y roles considerados femeninos en una sociedad con rasgos patriarcales, por parte de los actores armados ilegales; (iii) el riesgo de reclutamiento forzado de sus hijos e hijas por los actores armados al margen de la ley, o de otro tipo de amenazas contra ellos, que se hace más grave cuando la mujer es cabeza de familia; (iv) los riesgos derivados del contacto o de las relaciones familiares o personales-voluntarias, accidentales o presuntas-con los integrantes de alguno de los grupos armados ilegales que operan en el país o con miembros de la Fuerza Pública, principalmente por señalamientos o retaliaciones efectuados a posteriori por los bandos ilegales enemigos; (v) los riesgos derivados de su pertenencia a organizaciones sociales, comunitarias o políticas de mujeres, o de sus labores de liderazgo y promoción de los derechos humanos en zonas afectadas por el conflicto armado; (vi) el riesgo de persecución y asesinato por las estrategias de control coercitivo del comportamiento público y privado de las personas que implementan los grupos armados ilegales en extensas áreas del territorio nacional; (vii) el riesgo por el asesinato o desaparición de su proveedor económico o por la desintegración de sus grupos familiares y de sus redes de apoyo material y social; (viii) el riesgo de ser despojadas de sus tierras y su patrimonio con mayor facilidad por los actores armados ilegales dada su posición histórica ante la propiedad, especialmente las propiedades inmuebles rurales; (ix) los riesgos derivados de la condición de discriminación y vulnerabilidad acentuada de las mujeres indígenas y afrodescendientes; y (x) el riesgo por la pérdida o ausencia de su compañero o proveedor económico durante el proceso de desplazamiento."
patrimonio,DOC_0916,Corte Constitucional,2021.0,DOC_0916_S00101,ilidad económica que merecía luego de haber contribuido a la construcción de un,patrimonio,"conyugal, a la que se “le vulnera y mancilla por parte del operador judicial”,","De igual forma, manifestó que la Corte Suprema de Justicia tenía una oportunidad de oro para revisar un caso donde se exigía una mirada con perspectiva de género, pues son hechos en los cuales una mujer es vulnerada por su ex cónyuge, despojándola de la estabilidad económica que merecía luego de haber contribuido a la construcción de un patrimonio conyugal, a la que se “le vulnera y mancilla por parte del operador judicial”, con lo cual se desconocen los fenómenos ultra machistas que han afectado la valía y ponderación de las mujeres, por lo cual se debió casar la sentencia de oficio. 59."
patrimonio,DOC_0916,Corte Constitucional,2021.0,DOC_0916_S00213,ilidad económica que merecía luego de haber contribuido a la construcción de un,patrimonio,"conyugal, a la que se le vulnera y mancilla por parte del operador judicial, co","Al respecto, la actora preguntó “¿Cuándo existe una inferencia o indicios fehacientes de que la accionante pudo haber sido conculcada tanto en sus derechos patrimoniales y personalísimos, como por ejemplo en su dignidad como mujer por un fallo judicial?, ¿sería procedente darle una oportunidad ante la justicia para resarcir sus derechos y garantías constitucionales?” De igual forma, manifestó que la Corte Suprema de Justicia tenía una oportunidad de oro para revisar un caso donde se exigía una mirada con perspectiva de género, pues son hechos en los cuales una mujer es vulnerada por su ex cónyuge, despojándola de la estabilidad económica que merecía luego de haber contribuido a la construcción de un patrimonio conyugal, a la que se le vulnera y mancilla por parte del operador judicial, con lo cual se desconocen los fenómenos ultra machistas que han afectado la valía y ponderación de las mujeres, por lo cual se debió casar la sentencia de oficio. 94."
patrimonio,DOC_0916,Corte Constitucional,2021.0,DOC_0916_S00407,ilidad económica que merecía luego de haber contribuido a la construcción de un,patrimonio,"conyugal, a la que se le vulnera y mancilla por parte del operador judicial, co","Al respecto la actora preguntó “¿Cuándo existe una inferencia o indicios fehacientes de que la accionante pudo haber sido conculcada tanto en sus derechos patrimoniales y personalísimos, como por ejemplo en su dignidad como mujer por un fallo judicial?, ¿sería procedente darle una oportunidad ante la justicia para resarcir sus derechos y garantías constitucionales?” De igual forma, manifestó que la Corte Suprema de Justicia tenía una oportunidad de oro para revisar un caso donde se exigía una mirada con perspectiva de género, pues son hechos en los cuales una mujer es vulnerada por su ex cónyuge, despojándola de la estabilidad económica que merecía luego de haber contribuido a la construcción de un patrimonio conyugal, a la que se le vulnera y mancilla por parte del operador judicial, con lo cual se desconocen los fenómenos ultra machistas que han afectado la valía y ponderación de las mujeres, por lo cual se debió casar la sentencia de oficio. 173."
dependencia,DOC_0917,Corte Constitucional,2014.0,DOC_0917_S00165,"de riesgo para la repetición de la discriminación y la violencia, puesto que la",dependencia,"económica o la precariedad en sus condiciones facilita situaciones de agresión,","La inseguridad monetaria es un factor de riesgo para la repetición de la discriminación y la violencia, puesto que la dependencia económica o la precariedad en sus condiciones facilita situaciones de agresión, humillación y maltrato donde están presentes los estereotipos y prejuicios de género."
viena,DOC_0917,Corte Constitucional,2014.0,DOC_0917_S00333,de conformidad con lo estipulado en los Planes de Acción de las Conferencias de,Viena,", Cairo y Beijing, por violencia económica, se entiende cualquier acción u omisi","Para efectos de la presente ley, y de conformidad con lo estipulado en los Planes de Acción de las Conferencias de Viena, Cairo y Beijing, por violencia económica, se entiende cualquier acción u omisión orientada al abuso económico, el control abusivo de las finanzas, recompensas o castigos monetarios a las mujeres por razón de su condición social, económica o política."
cairo,DOC_0917,Corte Constitucional,2014.0,DOC_0917_S00333,"ormidad con lo estipulado en los Planes de Acción de las Conferencias de Viena,",Cairo,"y Beijing, por violencia económica, se entiende cualquier acción u omisión orie","Para efectos de la presente ley, y de conformidad con lo estipulado en los Planes de Acción de las Conferencias de Viena, Cairo y Beijing, por violencia económica, se entiende cualquier acción u omisión orientada al abuso económico, el control abusivo de las finanzas, recompensas o castigos monetarios a las mujeres por razón de su condición social, económica o política."
viena,DOC_0917,Corte Constitucional,2014.0,DOC_0917_S00748,cesario recordar que solo hasta la Conferencia de Derechos Humanos realizada en,Viena,"en 1993, la comunidad internacional empezó a considerar la violencia ejercida c","Generalmente se produce la reexperimentación de la violencia, la evitación de la víctima frente a los hechos de violencia o a su enunciación, y alteraciones en su comportamiento como dificultades en el sueño, problemas de atención y concentración, irritabilidad, hipervigilancia, alerta y sobresalto. [105] Alteraciones importantes de la personalidad derivadas del hecho traumático, generalmente conectados con otros momentos de vulnerabilidad. [106] Como la alteración de la conducta alimentaria, ideas de muerte, de suicidios, o dolores físicos que no se relacionan con una enfermedad física, como dolor de cabeza, espalda, tensión muscular, excesivo cansancio, alteraciones del sueño [107] Esta teoría fue formulada por Leonor Walker en “El Síndrome de la Mujer Maltratada” en el año 1979 y sobre ella existe consenso en la comunidad dedicada a asistir a las mujeres víctimas de la violencia de pareja. [108] En este punto se considera necesario recordar que solo hasta la Conferencia de Derechos Humanos realizada en Viena en 1993, la comunidad internacional empezó a considerar la violencia ejercida contra las mujeres como una vulneración de los derechos humanos y no como un tema privado y doméstico."
patrimonio,DOC_0918,Corte Suprema de Justicia,2020.0,DOC_0918_S00043,"“(…) En esta clase de agresión, el perpetrador gobierna todo cuanto ingresa al",patrimonio,"común, sin importarle quién realice la contribución.","“(…) En esta clase de agresión, el perpetrador gobierna todo cuanto ingresa al patrimonio común, sin importarle quién realice la contribución."
patrimonio,DOC_0920,Corte Constitucional,2022.0,DOC_0920_S00066,"n sufrieron las víctimas, se advierte que no toda vulneración o atentado contra",patrimonio,"económico y la inviolabilidad de habitación constituye, por sí misma, una grave","Sin embargo, pese a la importancia innegable del derecho cuya afectación sufrieron las víctimas, se advierte que no toda vulneración o atentado contra patrimonio económico y la inviolabilidad de habitación constituye, por sí misma, una grave afectación de derechos humanos. 29."
dependencia,DOC_0938,Corte Constitucional,2017.0,DOC_0938_S00270,"ácter dinámico, donde los rasgos fundamentales del fenómeno evidencian (ii) una",dependencia,contextual; (iii) un carácter multifacético y una pluralidad de manifestaciones,"Sostuvo que, en razón de su connotación estructural, la discriminación tiene un carácter dinámico, donde los rasgos fundamentales del fenómeno evidencian (ii) una dependencia contextual; (iii) un carácter multifacético y una pluralidad de manifestaciones; y (iv) una dimensión individual e institucional[61]. 52."
patrimonio,DOC_0939,Corte Constitucional,2020.0,DOC_0939_S00119,"delitos que causaron su desplazamiento, el hecho victimizante en sí mismo, y el",patrimonio,que tuvo que dejar abandonado; así como de (b) sus requerimientos de atención y,"El desconocimiento de (a) sus derechos como víctima del conflicto armado a la justicia, verdad, reparación y la garantía de no repetición, en particular respecto de los delitos que causaron su desplazamiento, el hecho victimizante en sí mismo, y el patrimonio que tuvo que dejar abandonado; así como de (b) sus requerimientos de atención y acompañamiento psicosocial. v."
patrimonio,DOC_0939,Corte Constitucional,2020.0,DOC_0939_S00309,los agravados en el acceso a la propiedad de la tierra y en la protección de su,patrimonio,"hacia el futuro, especialmente en los planes de retorno y reubicación; (ix) los","Fundamento jurídico III.2. [34] Este fragmento es tomado del fundamento jurídico IV.B. del Auto 092 de 2008. [35] En esta categoría se encuentran los riesgos acentuados de las mujeres desplazadas de ser víctimas de patrones estructurales de violencia y discriminación de género tales como: “(i) la violencia y el abuso sexuales, incluida la prostitución forzada, la esclavitud sexual o la trata de personas con fines de explotación sexual; (ii) la violencia intrafamiliar y la violencia comunitaria por motivos de género; (iii) el desconocimiento y vulneración de su derecho a la salud y especialmente de sus derechos sexuales y reproductivos a todo nivel, con particular gravedad en el caso de las niñas y adolescentes pero también de las mujeres gestantes y lactantes; (iv) la asunción del rol de jefatura de hogar femenina sin las condiciones de subsistencia material mínimas requeridas por el principio de dignidad humana, con especiales complicaciones en casos de mujeres con niños pequeños, mujeres con problemas de salud, mujeres con discapacidad o adultas mayores; (v) obstáculos agravados en el acceso al sistema educativo; (vi) obstáculos agravados en la inserción al sistema económico y en el acceso a oportunidades laborales y productivas; (vii) la explotación doméstica y laboral, incluida la trata de personas con fines de explotación económica; (viii) obstáculos agravados en el acceso a la propiedad de la tierra y en la protección de su patrimonio hacia el futuro, especialmente en los planes de retorno y reubicación; (ix) los cuadros de discriminación social aguda de las mujeres indígenas y afrodescendientes desplazadas; (x) la violencia contra las mujeres líderes o que adquieren visibilidad pública por sus labores de promoción social, cívica o de los derechos humanos; (xi) la discriminación en su inserción a espacios públicos y políticos, con impacto especial sobre su derecho a la participación; y (xii) el desconocimiento frontal de sus derechos como víctimas del conflicto armado a la justicia, la verdad, la reparación y la garantía de no repetición”."
patrimonio,DOC_0950,Corte Constitucional,2020.0,DOC_0950_S00134,"rden nacional, con personería jurídica, autonomía administrativa y financiera y",patrimonio,"propio, que tiene el carácter de organismo nacional de seguridad, cuyo objetivo","Esta tesis en determinadas circunstancias podría hacerse extensiva a las medidas cautelares proferidas en sede de seguimiento. [12] La norma en comento dispone: “Unidad Administrativa Especial del orden nacional, con personería jurídica, autonomía administrativa y financiera y patrimonio propio, que tiene el carácter de organismo nacional de seguridad, cuyo objetivo es articular, coordinar y ejecutar la prestación del servicio de protección a quienes determine el Gobierno Nacional que por virtud de sus actividades, condiciones o situaciones políticas, públicas, sociales, humanitarias, culturales, étnicas, de género, de su calidad de víctima de la violencia, desplazado, activista de derechos humanos, se encuentren en situación de riesgo extraordinario o extremo de sufrir daños contra su vida, integridad, libertad y seguridad personal o en razón al ejercicio de un cargo público u otras actividades que pueden generar riesgo extraordinario, como el liderazgo sindical, de ONGs y de grupos de personas desplazadas, y garantizar la oportunidad, eficiencia e idoneidad de las medidas que se otorgan (…)”. [13] “Por el cual se adiciona el Capítulo 5, del Título 1, de la Parte 4, del Libro 2 del Decreto 1066 de 2015, Decreto Único Reglamentario del Sector Administrativo del Interior, sobre la ruta de protección colectiva de los derechos a la vida, la libertad, la integridad y la seguridad personal de grupos y comunidades”. [14] “Por el cual se adiciona el Capítulo 6, del Título 1, de la Parte 4, del Libro 2 del Decreto 1066 de 2015, Decreto Único Reglamentario del Sector Administrativo del Interior, sobre la labor de gobernadores y alcaldes como agentes del Presidente de la República en relación con la protección individual y colectiva de líderes y lideresas de organizaciones y movimientos sociales y comunales, y defensores y defensoras de derechos humanos que se encuentren en situación de riesgo”. [15] “Por el cual se adiciona el Capítulo 7, del Título 1, de la Parte 4, del Libro 2 del Decreto 1066 de 2015, Único Reglamentario del Sector Administrativo del Interior, para crear y reglamentar el Programa Integral de Seguridad y Protección para Comunidades y Organizaciones en los Territorios; y se dictan otras disposiciones”. [16] “Por el cual se crea la Comisión Intersectorial para el desarrollo del Plan de Acción Oportuna (PAO) de Prevención y Protección individual y colectiva de los derechos a la vida, la libertad, la integridad y la seguridad de defensores de derechos humanos, líderes sociales, comunales, y periodistas- ‘Comisión del Plan de Acción Oportuna (PAO) para defensores de derechos humanos, líderes sociales, comunales, y periodistas’”. [17] Personería de Bogotá."
dependencia,DOC_0957,Corte Constitucional,2020.0,DOC_0957_S00123,violencia económica tiende a limitar la autonomía de la pareja y a reforzar la,dependencia,de la víctima respecto del agresor.,"Asimismo, señaló que, como forma de violencia psicológica, la violencia económica tiende a limitar la autonomía de la pareja y a reforzar la dependencia de la víctima respecto del agresor."
dependencia,DOC_0982,Corte Constitucional,2016.0,DOC_0982_S00206,"a ha situado en una posición de inferioridad frente al hombre, reforzado por la",dependencia,socioeconómica[64].,"Así, tradicionalmente el rol que le correspondía a la mujer la excluía de la participación en espacios públicos, del estudio y el trabajo y de la posibilidad de ejercer derechos políticos, lo cual la ha situado en una posición de inferioridad frente al hombre, reforzado por la dependencia socioeconómica[64]."
femicidio,DOC_0982,Corte Constitucional,2016.0,DOC_0982_S00276,ano de investigación de las muertes violentas de mujeres por razones de género (,femicidio,"/feminicidio) de ONU Mujeres, la Oficina del Alto Comisionado de Derechos Humano","Así, el Modelo Protocolo latinoamericano de investigación de las muertes violentas de mujeres por razones de género (femicidio/feminicidio) de ONU Mujeres, la Oficina del Alto Comisionado de Derechos Humanos en América Central, y la Campaña latinoamericana para poner fin a la violencia contra las mujeres Únete sostiene que el feminicidio corresponde a “los asesinatos realizados por varones motivados por un sentido de tener derecho a ello o superioridad sobre las mujeres, por placer o deseos sádicos hacía ellas, o la suposición de propiedad de las mujeres”[101]. 42."
femicidio,DOC_0982,Corte Constitucional,2016.0,DOC_0982_S00297,En el contexto latinoamericano el feminicidio o,femicidio,"ha sido tipificado como un delito autónomo en Bolivia, Chile, Ecuador, El Salva","En el contexto latinoamericano el feminicidio o femicidio ha sido tipificado como un delito autónomo en Bolivia, Chile, Ecuador, El Salvador, Guatemala, Honduras, México, Nicaragua, Panamá y Venezuela y como agravantes del homicidio en Argentina, Brasil, Costa Rica y Perú bajo diferentes modalidades."
femicidio,DOC_0982,Corte Constitucional,2016.0,DOC_0982_S00384,"ra. [Así,] para entender la elaboración de la conducta criminal en los casos de",femicidio,", se debe conocer cómo los agresores utilizan las referencias culturales existen","Lo anterior, por cuanto el establecimiento de “`razones de género´ significa encontrar los elementos asociados a la motivación criminal que hace que el agresor ataque a una mujer por considerar que su conducta se aparta de los roles establecidos como “adecuados o normales” por la cultura. [Así,] para entender la elaboración de la conducta criminal en los casos de femicidio, se debe conocer cómo los agresores utilizan las referencias culturales existentes para elaborar su decisión y conducta”[114] y no cualquier tipo de violencia contra las mujeres se adecua a dicha intención."
femicidio,DOC_0982,Corte Constitucional,2016.0,DOC_0982_S00448,ocolo para la investigación de muertes por razones de género en América Latina:,femicidio,y/o feminicidio impulsado por ONU Mujeres Regional y a los diferentes esfuerzos,"Por último, hace alusión al Modelo de Protocolo para la investigación de muertes por razones de género en América Latina: femicidio y/o feminicidio impulsado por ONU Mujeres Regional y a los diferentes esfuerzos de estas instancias por visibilizar la violencia contra las mujeres y la necesidad de dar respuestas apropiadas para estas. [23] Gaceta del Congreso de la República 773 de 2013, Exposición de motivos proyecto de ley 107 de 2013 del Senado: “En el delito de feminicidio que se propone como un tipo penal autónomo, el bien jurídico protegido es la vida de las mujeres."
viena,DOC_0982,Corte Constitucional,2016.0,DOC_0982_S00594,"eijing, adoptada en Beijing, China, 1995; Conferencia y Plataforma de Acción de",Viena,", aprobada por la Conferencia Mundial de Derechos Humanos, el 25 de junio de 199","Colombia también ha suscrito otros compromisos internacionales alrededor del tema, pero no hacen parte del bloque de constitucionalidad en sentido estricto como la Declaración y Plataforma de Acción de Beijing, adoptada en Beijing, China, 1995; Conferencia y Plataforma de Acción de Viena, aprobada por la Conferencia Mundial de Derechos Humanos, el 25 de junio de 1993; Resolución 1325 del Consejo de Seguridad de Naciones Unidas, adoptada por el Consejo de Seguridad el 31 de octubre de 2000; Protocolo para Prevenir, Reprimir y sancionar la Trata de Personas, especialmente Mujeres y Niños, que complementa la Convención de las Naciones Unidas contra la Delincuencia Organizada Transnacional, aprobado mediante Ley 800 de 2003; Protocolo Facultativo de la Convención sobre la eliminación de todas las formas de discriminación contra la mujer, aprobado mediante la Ley 984 de 2005, entre otros. [80] M.P."
femicidio,DOC_0982,Corte Constitucional,2016.0,DOC_0982_S00632,“En castellano,femicidio,es una voz homóloga a homicidio y sólo significa homicidio de mujeres.,“En castellano femicidio es una voz homóloga a homicidio y sólo significa homicidio de mujeres.
femicidio,DOC_0982,Corte Constitucional,2016.0,DOC_0982_S00647,ano de investigación de las muertes violentas de mujeres por razones de género (,femicidio,"/feminicidio), pár. 33. [102] ONU Mujeres, la Oficina del Alto Comisionado de De","La Corte constata que hasta el año 2005 la mayoría de los crímenes seguían sin ser esclarecidos, siendo los homicidios que presentan características de violencia sexual los que presentan mayores niveles de impunidad”. [99] Reporte a la Asamblea General de Naciones Unidas de la Relatora especial sobre la violencia contra la mujer, sus causas y consecuencias, Rashida Manjoo, A/HRC/20/16 pár. 15. (Traducción libre, versión original en inglés y chino). [100] Reporte a la Asamblea General de Naciones Unidas de la Relatora especial sobre la violencia contra la mujer, sus causas y consecuencias, Rashida Manjoo, A/HRC/20/16 pár. 18. (Traducción libre, versión original en inglés y chino). [101] ONU Mujeres, la Oficina del Alto Comisionado de Derechos Humanos en América Central, y la Campaña latinoamericana para poner fin a la violencia contra las mujeres Únete, Modelo Protocolo latinoamericano de investigación de las muertes violentas de mujeres por razones de género (femicidio/feminicidio), pár. 33. [102] ONU Mujeres, la Oficina del Alto Comisionado de Derechos Humanos en América Central, y la Campaña latinoamericana para poner fin a la violencia contra las mujeres Únete, Modelo Protocolo latinoamericano de investigación de las muertes violentas de mujeres por razones de género (femicidio/feminicidio), pár.97. [103] ONU Mujeres, la Oficina del Alto Comisionado de Derechos Humanos en América Central, y la Campaña latinoamericana para poner fin a la violencia contra las mujeres Únete, Modelo Protocolo latinoamericano de investigación de las muertes violentas de mujeres por razones de género (femicidio/feminicidio), pár. 295. [104] Ley Nº 348 de 2013 “Ley Integral para Garantizar a las Mujeres una Vida Libre de Violencia”."
femicidio,DOC_0982,Corte Constitucional,2016.0,DOC_0982_S00652,nte que el hecho haya sido denunciado o no por la víctima”. [106] Ley contra el,Femicidio,y otras Formas de Violencia Contra la Mujer (Decreto Nº 22-2008).,"Se considera que existe odio o menosprecio a la condición de mujer cuando ocurra cualquiera de las siguientes circunstancias: a) Que a la muerte le haya precedido algún incidente de violencia cometido por el autor contra la mujer, independientemente que el hecho haya sido denunciado o no por la víctima”. [106] Ley contra el Femicidio y otras Formas de Violencia Contra la Mujer (Decreto Nº 22-2008)."
femicidio,DOC_0982,Corte Constitucional,2016.0,DOC_0982_S00653,Comete el delito de,femicidio,"quien, en el marco de las relaciones desiguales de poder entre hombres y mujere","Comete el delito de femicidio quien, en el marco de las relaciones desiguales de poder entre hombres y mujeres, diere muerte a una mujer, por su condición de mujer, valiéndose de cualquiera de las siguientes circunstancias: (…) c."
femicidio,DOC_0982,Corte Constitucional,2016.0,DOC_0982_S00659,Comete el delito de,femicidio,"el hombre que, en el marco de las relaciones desiguales de poder entre hombres","Comete el delito de femicidio el hombre que, en el marco de las relaciones desiguales de poder entre hombres y mujeres, diere muerte a una mujer ya sea en el ámbito público o privado, en cualquiera de las siguientes circunstancias: (…)c) Como resultado de la reiterada manifestación de violencia en contra de la víctima (…)”. [109] Diccionario de la Real Academia Española."
femicidio,DOC_0982,Corte Constitucional,2016.0,DOC_0982_S00664,ano de investigación de las muertes violentas de mujeres por razones de género (,femicidio,"/feminicidio), gráfico 1, capítulo III, p.37. [114] ONU Mujeres, la Oficina del","Para que un hecho pueda considerarse como indicio deberá estar debidamente probado en el proceso”. [113] ONU Mujeres, la Oficina del Alto Comisionado de Derechos Humanos en América Central, y la Campaña latinoamericana para poner fin a la violencia contra las mujeres Únete, Modelo Protocolo latinoamericano de investigación de las muertes violentas de mujeres por razones de género (femicidio/feminicidio), gráfico 1, capítulo III, p.37. [114] ONU Mujeres, la Oficina del Alto Comisionado de Derechos Humanos en América Central, y la Campaña latinoamericana para poner fin a la violencia contra las mujeres Únete, Modelo Protocolo latinoamericano de investigación de las muertes violentas de mujeres por razones de género (femicidio/feminicidio), pár. 137."
patrimonio,DOC_0986,Corte Constitucional,2022.0,DOC_0986_S00793,pues ningún individuo está en el deber jurídico de soportar un detrimento a su,patrimonio,sin que exista compensación[302].,"Por tal razón, el Consejo de Estado determinó que, en estos eventos, la responsabilidad surge de la necesidad de proteger la igualdad entre los ciudadanos y, de esa manera, mantener la equidad y garantizar la justicia, pues ningún individuo está en el deber jurídico de soportar un detrimento a su patrimonio sin que exista compensación[302]."
dependencia,DOC_0988,Corte Constitucional,2015.0,DOC_0988_S00063,vez con la acomodación de la mujer en un funcionamiento que implica pasividad y,dependencia,… … … … se llama la atención sobre el factor de riesgo inherente a esta dinámica,"La prueba de mayor relevancia ignorada por el Juzgado accionado fue el dictamen pericial efectuado por un psiquiatra del Instituto de Medicina Legal[16], en el cual se indicó: ‘la pareja ha estado inmersa en una dinámica disfuncional que es semejante a la que se ha observado en otros casos en los cuales se encuentra un funcionamiento celotípico, en el cual se da un manejo hegemónico del poder basado en el género, en este caso machista que se complementa a su vez con la acomodación de la mujer en un funcionamiento que implica pasividad y dependencia… … … … se llama la atención sobre el factor de riesgo inherente a esta dinámicas de violencia contra la mujer en estos casos y que está dado por las posibilidades de acentuación de las agresiones a la misma, una vez ella toma la decisión de separarse, por lo que se requiere se asuman medidas de protección a la mujer y a sus hijas una vez ocurra la separación. … … … se sugiere en la medida de lo posible que esta pareja no siga compartiendo techo, se privilegie a la madre a la hora de definir la custodia de los hijos definiendo claramente el régimen de visitas a los hijos de la pareja, siendo deseable que al menos por los primeros tres meses las visitas del padre sean supervisadas por un profesional psicosocial (ICBF)’ Ante la claridad del tal peritaje y la aptitud del experto forense que lo emite, esta Sala cuestiona por qué el Juzgado demandado no lo tuvo en cuenta como prueba idónea que acreditara los hechos constitutivos de la causal 3ª del artículo 154 de Código Civil invocada”."
femicidio,DOC_0993,Consejo de Estado,2003.0,DOC_0993_S00397,con la pasividad y la tolerancia de un estado masculinizado (…) en tanto que el,femicidio,es la voz análoga al homicidio y sólo hace referencia al asesinato de mujeres[5,"Indica que no sólo se asesina el cuerpo biológico de la mujer, se asesina también lo que ha significado la construcción cultural de su cuerpo, con la pasividad y la tolerancia de un estado masculinizado (…) en tanto que el femicidio es la voz análoga al homicidio y sólo hace referencia al asesinato de mujeres[57]."
viena,DOC_0993,Consejo de Estado,2003.0,DOC_0993_S00467,"2002 (Dictamen-Comunicación 5/2005, presentado por el Centro de intervención de",Viena,contra la violencia en el hogar y la Asociación para el acceso de las mujeres a,"En el presente caso, el Comité considera que el comportamiento (amenazas, intimidación y golpes) de Mustafa Goekce transponía un alto umbral de violencia del cual tenía conciencia el fiscal y que, en consecuencia, el fiscal no debía haber denegado las solicitudes de la policía de detener a Mustafa Goekce en conexión con los incidentes de agosto de 2000 y octubre de 2002 (Dictamen-Comunicación 5/2005, presentado por el Centro de intervención de Viena contra la violencia en el hogar y la Asociación para el acceso de las mujeres a la justicia en nombre de Hakan Goekce, Handan Goekce y Guelue Goekce vs.Austria-negrita con subrayas fuera del texto)."
patrimonio,DOC_0993,Consejo de Estado,2003.0,DOC_0993_S00556,"ro, por cuanto se trata de gastos, sumas de dinero que han salido o saldrán del",patrimonio,"del demandante-, resulta necesario observar que si bien la labor de ama de casa","Ahora bien, la Sala ha reiterado que las tareas del hogar, en cuanto variable de la economía del cuidado, comportan un ingreso susceptible de indemnización: Sobre esta reclamación -que corresponde más exactamente a una modalidad de daño emergente consolidado y futuro, por cuanto se trata de gastos, sumas de dinero que han salido o saldrán del patrimonio del demandante-, resulta necesario observar que si bien la labor de ama de casa no es un trabajo remunerado, por cuanto la mujer normalmente lo desempeña como una actividad propia de su condición de madre y esposa y porque se trata de su hogar y de su familia, y por lo tanto actúa movida por sentimientos de afecto y responsabilidad, lo cierto es que cuando ella falta, esas labores en todo caso deben ser realizadas por otra persona, que generalmente no lo hará en forma gratuita sino que cobrará un salario, el cual corresponderá por lo menos al mínimo legal; ya la Sala tuvo oportunidad de pronunciarse sobre el valor económico de las labores del ama de casa, en un evento en el cual fue precisamente ella la víctima directa del daño, al quedar totalmente incapacitada; en tal ocasión, se dijo[112]: Sin embargo, no podría desconocer que también se afirmó que la lesionada, siendo madre de cinco (5) hijos, se dedicaba a las labores propias de ama de casa, lo que constituye sin lugar a dudas un ingreso en especie en las finanzas del hogar."
femicidio,DOC_0993,Consejo de Estado,2003.0,DOC_0993_S00860,Isabel Agatón Santander. [60] PNUD El,Femicidio,en Chile.,Isabel Agatón Santander. [60] PNUD El Femicidio en Chile.
patrimonio,DOC_1000,Corte Constitucional,2015.0,DOC_1000_S00149,apoyo material y social; (viii) el riesgo de ser despojadas de sus tierras y su,patrimonio,con mayor facilidad por los actores armados ilegales dada su posición histórica,"LUIS ERNESTO VARGAS SILVA Magistrado Presidente Sala Especial de Seguimiento Sentencia T-025 de 2004 MARTHA VICTORIA SÁCHICA MÉNDEZ Secretaria General [1] Los riesgos de género identificados son: (i) el riesgo de violencia sexual, explotación sexual o abuso sexual en el marco del conflicto armado; (ii) el riesgo de explotación o esclavización para ejercer labores domésticas y roles considerados femeninos en una sociedad con rasgos patriarcales, por parte de los actores armados ilegales; (iii) el riesgo de reclutamiento forzado de sus hijos e hijas por los actores armados al margen de la ley, o de otro tipo de amenazas contra ellos, que se hace más grave cuando la mujer es cabeza de familia; (iv) los riesgos derivados del contacto o de las relaciones familiares o personales-voluntarias, accidentales o presuntas-con los integrantes de alguno de los grupos armados ilegales que operan en el país o con miembros de la Fuerza Pública, principalmente por señalamientos o retaliaciones efectuados a posteriori por los bandos ilegales enemigos; (v) los riesgos derivados de su pertenencia a organizaciones sociales, comunitarias o políticas de mujeres, o de sus labores de liderazgo y promoción de los derechos humanos en zonas afectadas por el conflicto armado; (vi) el riesgo de persecución y asesinato por las estrategias de control coercitivo del comportamiento público y privado de las personas que implementan los grupos armados ilegales en extensas áreas del territorio nacional; (vii) el riesgo por el asesinato o desaparición de su proveedor económico o por la desintegración de sus grupos familiares y de sus redes de apoyo material y social; (viii) el riesgo de ser despojadas de sus tierras y su patrimonio con mayor facilidad por los actores armados ilegales dada su posición histórica ante la propiedad, especialmente las propiedades inmuebles rurales; (ix) los riesgos derivados de la condición de discriminación y vulnerabilidad acentuada de las mujeres indígenas y afrodescendientes; y (x) el riesgo por la pérdida o ausencia de su compañero o proveedor económico durante el proceso de desplazamiento. [2] Estas dieciocho facetas de género del desplazamiento incluyen tanto (1) patrones de violencia y discriminación de género de índole estructural en la sociedad colombiana, preexistentes al desplazamiento pero que se ven potenciados y degenerados por el mismo, impactando en forma más aguda a las mujeres desplazadas, como (2) problemas específicos de las mujeres desplazadas, producto de la conjunción de los factores de vulnerabilidad que soportan, y que no afectan ni a las mujeres no desplazadas, ni a los hombres desplazados."
patrimonio,DOC_1000,Corte Constitucional,2015.0,DOC_1000_S00150,los agravados en el acceso a la propiedad de la tierra y en la protección de su,patrimonio,"hacia el futuro, especialmente en los planes de retorno y reubicación; (ix) los","En la categoría (1) se cuentan los riesgos acentuados de las mujeres desplazadas de ser víctimas de patrones estructurales de violencia y discriminación de género tales como (i) la violencia y el abuso sexuales, incluida la prostitución forzada, la esclavitud sexual o la trata de personas con fines de explotación sexual; (ii) la violencia intrafamiliar y la violencia comunitaria por motivos de género; (iii) el desconocimiento y vulneración de su derecho a la salud y especialmente de sus derechos sexuales y reproductivos a todo nivel, con particular gravedad en el caso de las niñas y adolescentes pero también de las mujeres gestantes y lactantes; (iv) la asunción del rol de jefatura de hogar femenina sin las condiciones de subsistencia material mínimas requeridas por el principio de dignidad humana, con especiales complicaciones en casos de mujeres con niños pequeños, mujeres con problemas de salud, mujeres con discapacidad o adultas mayores; (v) obstáculos agravados en el acceso al sistema educativo; (vi) obstáculos agravados en la inserción al sistema económico y en el acceso a oportunidades laborales y productivas; (vii) la explotación doméstica y laboral, incluida la trata de personas con fines de explotación económica; (viii) obstáculos agravados en el acceso a la propiedad de la tierra y en la protección de su patrimonio hacia el futuro, especialmente en los planes de retorno y reubicación; (ix) los cuadros de discriminación social aguda de las mujeres indígenas y afrodescendientes desplazadas; (x) la violencia contra las mujeres líderes o que adquieren visibilidad pública por sus labores de promoción social, cívica o de los derechos humanos; (xi) la discriminación en su inserción a espacios públicos y políticos, con impacto especial sobre su derecho a la participación; y (xii) el desconocimiento frontal de sus derechos como víctimas del conflicto armado a la justicia, la verdad, la reparación y la garantía de no repetición."
patrimonio,DOC_1000,Corte Constitucional,2015.0,DOC_1000_S00208,idas que garanticen su acceso a la propiedad de la tierra y la protección de su,patrimonio,a futuro; alta frecuencia de funcionarios no capacitados para atender a las muj,"Pág. 459 [25] Los principales obstáculos que enfrentan las mujeres víctimas en Santander son: Dificultades para acceder a oportunidades laborales y de generación de ingresos; obstáculos en el acceso a las rutas de derecho, en el marco de la reparación integral; problemas para recibir ayuda humanitaria de emergencia y de transición, por haber cumplido 10 años desde el hecho victimizante del desplazamiento; ausencia de medidas que garanticen su acceso a la propiedad de la tierra y la protección de su patrimonio a futuro; alta frecuencia de funcionarios no capacitados para atender a las mujeres víctimas de desplazamiento, por lo general se enfrentan a funcionarios altamente insensibles u hostiles ante su situación; no cuentan con atención ni acompañamiento psicosocial oportuno; demoras en la respuesta de su inclusión al RUV; se enfrentan a menudo a un enfoque familista de algunos funcionarios, lo cual deja por fuera de la atención a un gran número de mujeres desplazadas que no son cabeza de familia; dificultades para acceder a su derecho a la participación de forma integral; su acceso a la salud en el Centro de Atención Integral de Víctimas (CAIV) es precaria."
patrimonio,DOC_1001,Corte Constitucional,2022.0,DOC_1001_S00212,"Finalmente, el Ministerio de Cultura aduce que considerar la partería como",patrimonio,cultural e inmaterial de la Nación contribuye a reconocer los saberes ancestral,"Finalmente, el Ministerio de Cultura aduce que considerar la partería como patrimonio cultural e inmaterial de la Nación contribuye a reconocer los saberes ancestrales de las comunidades afropacíficas y a reflexionar sobre los valores sociales y culturales inmersos en esa práctica, como son el respeto por la vida, la solidaridad, la humanización del parto y el papel de la mujer en la sociedad."
patrimonio,DOC_1001,Corte Constitucional,2022.0,DOC_1001_S00611,"al y una expresión de la diversidad étnica y cultural de la Nación y por tanto,",patrimonio,inmaterial de los colombianos; (ii) la ejercen hombres y mujeres aunque es una,"En resumen, la partería ostenta las siguientes características: (i) es un saber ancestral y una expresión de la diversidad étnica y cultural de la Nación y por tanto, patrimonio inmaterial de los colombianos; (ii) la ejercen hombres y mujeres aunque es una práctica predominantemente femenina, propia de las comunidades afrodescendientes; (iii) tiene por objeto principal acompañar la gestación, el parto y los primeros días del neonato; (iv) las parteras también prestan servicios de salud, diagnóstico y medicina ancestral a las comunidades a las que pertenecen, de hecho, en algunos lugares apartados es la única fuente de servicios médicos; (v) es una práctica propia de comunidades geográficamente remotas del territorio colombiano, particularmente del litoral Pacífico; (vi) el distanciamiento geográfico de las comunidades y sus parteras coincide con lugares de conflicto o violencia que ponen en riesgo su vida e integridad física; (vii) la partería la ejercen otras mujeres que no pertenecen a comunidades afrocolombianas, también lo hacen indígenas o mujeres en ciudades o cascos urbanos; (viii) la partería materializa la libertad de la mujer para decidir autónomamente cómo acompañar su embarazo, parto y los primeros días de su bebé; (ix) la partería garantiza los derechos sexuales y reproductivos de estas mujeres, a través de educación sexual, planificación familiar, el acompañamiento en el parto y los primeros días de vida del bebé; (x) generalmente, es una actividad gratuita, lo anterior supone un riesgo económico para quienes la ejercen, pues es difícil también cobrar por sus servicios ya que sus usuarios no tienen recursos para pagarlos; y (xi) sufren de estigmatización y rechazo, debido a la ausencia de reconocimiento por parte del Estado y del Sistema de Seguridad Social en Salud."
patrimonio,DOC_1001,Corte Constitucional,2022.0,DOC_1001_S00872,"una expresión de la diversidad étnica y cultural de la Nación y, por lo tanto,",patrimonio,inmaterial de los colombianos y tiene las siguientes características: (i) la ej,"La partería es un saber ancestral y una expresión de la diversidad étnica y cultural de la Nación y, por lo tanto, patrimonio inmaterial de los colombianos y tiene las siguientes características: (i) la ejercen hombres y mujeres aunque es una práctica predominantemente femenina, propia de las comunidades afrodescendientes; (ii) tiene por objeto principal acompañar la gestación, el parto y los primeros días del neonato; (iii) las parteras también prestan servicios de salud, diagnóstico y medicina ancestral a las comunidades a las que pertenecen, de hecho, en algunos lugares apartados es la única fuente de servicios médicos; (iv) es una práctica propia de comunidades geográficamente remotas del territorio colombiano, particularmente del litoral Pacífico; (v) el distanciamiento geográfico de las comunidades y sus parteras coincide con lugares de conflicto o violencia que ponen en riesgo su vida e integridad física; (vi) la partería la ejercen otras mujeres que no pertenecen a comunidades afrocolombianas, también lo hacen indígenas o mujeres en ciudades o cascos urbanos; (vii) la partería materializa la libertad de la mujer para decidir autónomamente cómo acompañar su embarazo, parto y los primeros días de su bebé; (viii) la partería garantiza los derechos sexuales y reproductivos de estas mujeres, a través de educación sexual, planificación familiar, el acompañamiento en el parto y los primeros días del bebé; (ix) generalmente, es una actividad, por regla general, gratuita, lo anterior supone un riesgo económico para quienes la ejercen, pues es difícil también cobrar por sus servicios ya que sus usuarios no tienen recursos para pagarlos; y (x) sufren de estigmatización y rechazo, debido a la ausencia de reconocimiento por parte del Estado y del Sistema de Seguridad Social en Salud. 79."
patrimonio,DOC_1001,Corte Constitucional,2022.0,DOC_1001_S00881,SEGUNDO.-RECONOCER y EXALTAR la partería como un saber ancestral y,patrimonio,"cultural de la Nación, así como una forma de expresión cultural y étnica, una m","SEGUNDO.-RECONOCER y EXALTAR la partería como un saber ancestral y patrimonio cultural de la Nación, así como una forma de expresión cultural y étnica, una manifestación de la pluralidad de la Nación y una forma de protección de los derechos reproductivos de las mujeres que pertenecen a las comunidades en donde se ejerce este saber."
dependencia,DOC_1005,Corte Constitucional,2021.0,DOC_1005_S00461,implicar en algunos casos el ocultamiento de formas de violencia producto de la,dependencia,"económica que sufren las mujeres, al entender el divorcio como un tratamiento “","Con frecuencia, el marco económico de los regímenes basados en la culpa perjudica a la esposa, que suele ser el cónyuge dependiente en el plano financiero.” En ese sentido, aun cuando no exista un vínculo jurídico y social regido por las reglas del matrimonio entre los cónyuges divorciados, la reconfiguración de la familia producto del divorcio puede implicar en algunos casos el ocultamiento de formas de violencia producto de la dependencia económica que sufren las mujeres, al entender el divorcio como un tratamiento “entre extraños”."
viena,DOC_1005,Corte Constitucional,2021.0,DOC_1005_S00492,Ley a los instrumentos internacionales-Planes de Acción de las Conferencias de,Viena,", Cairo y Beijing-las responsabilidades estatales pueden superar las funciones q","En efecto, en virtud de la remisión que realiza la misma Ley a los instrumentos internacionales-Planes de Acción de las Conferencias de Viena, Cairo y Beijing-las responsabilidades estatales pueden superar las funciones que la misma Ley le asigna para la protección de los derechos de las mujeres."
cairo,DOC_1005,Corte Constitucional,2021.0,DOC_1005_S00492,"los instrumentos internacionales-Planes de Acción de las Conferencias de Viena,",Cairo,y Beijing-las responsabilidades estatales pueden superar las funciones que la m,"En efecto, en virtud de la remisión que realiza la misma Ley a los instrumentos internacionales-Planes de Acción de las Conferencias de Viena, Cairo y Beijing-las responsabilidades estatales pueden superar las funciones que la misma Ley le asigna para la protección de los derechos de las mujeres."
dependencia,DOC_1005,Corte Constitucional,2021.0,DOC_1005_S00512,ción marital perdurable no se desmejore tras la ruptura como consecuencia de la,dependencia,"de esta hacia su expareja, cuando aquella se encuentre recibiendo la cuota alim","En realidad, conlleva obligaciones exigibles de prevención y protección en virtud del artículo 2 de la Constitución, en concordancia con los instrumentos internacionales de protección de derechos humanos de las mujeres; en ese sentido, (ii) la enunciación de las formas de violencia previstas en la Ley no implica la negación de otras que, en diversas ocasiones, pueden sufrir las mujeres y, a su vez, las obligaciones del Estado descritas en la Ley sean las únicas obligaciones que tiene para garantizar la efectividad de los derechos fundamentales de las mujeres que sufren cualquier tipo de violencia-especificada o no en la Ley-; y, (iii) en el campo de los derechos de alimentos entre exparejas, el Estado debe velar porque, en ciertos casos, la condición de la mujer que ha mantenido una relación marital perdurable no se desmejore tras la ruptura como consecuencia de la dependencia de esta hacia su expareja, cuando aquella se encuentre recibiendo la cuota alimentaria con cargo a la pensión. f) El derecho a la seguridad social y perspectiva de género Esta hermenéutica con perspectiva de género debe tener en cuenta los argumentos de seguridad social, pues, como se explicó en la presente providencia, la resolución de este tipo de casos apareja una colisión con derechos de terceros o con los principios de salvaguarda de los recursos del sistema pensional, ya sea inembargabilidad o destinación específica."
dependencia,DOC_1005,Corte Constitucional,2021.0,DOC_1005_S00661,tal perdurable no se desmejoren tras la ruptura marital como consecuencia de la,dependencia,"de esta hacia su expareja, cuando aquella se encuentre recibiendo la cuota alim","Al respecto, el Estado tiene la obligación de velar por qué las condiciones de la mujer que ha mantenido una relación marital perdurable no se desmejoren tras la ruptura marital como consecuencia de la dependencia de esta hacia su expareja, cuando aquella se encuentre recibiendo la cuota alimentaria con cargo a la pensión."
dependencia,DOC_1005,Corte Constitucional,2021.0,DOC_1005_S00821,ción marital perdurable no se desmejore tras la ruptura como consecuencia de la,dependencia,"de esta hacia su expareja, cuando aquella se encuentre recibiendo la cuota alim","Al respecto, el Estado tiene la obligación de velar porque la condición de la mujer que ha mantenido una relación marital perdurable no se desmejore tras la ruptura como consecuencia de la dependencia de esta hacia su expareja, cuando aquella se encuentre recibiendo la cuota alimentaria con cargo a la pensión."
cairo,DOC_1014,Corte Constitucional,2016.0,DOC_1014_S00210,ma de Acción de la Conferencia Internacional sobre Población y Desarrollo de El,Cairo,"(1994),[84] el Programa busca que los países adopten medidas para habilitar a l","La Corte se ha referido en diversas ocasiones a la importancia de algunos de estos instrumentos como criterio relevante para la interpretación del derecho constitucional de los derechos humanos[81] y los ha utilizado tanto en sede de tutela[82] como de constitucionalidad.[83] Dentro de múltiples instrumentos internacionales no obligatorios, que se han generado con posterioridad al año 1994 y que consagran compromisos en materia de igualdad entre hombres y mujeres, eliminación de estereotipos discriminatorios y erradicación de toda forma de discriminación, se pueden mencionar, entre otros: (i) Programa de Acción de la Conferencia Internacional sobre Población y Desarrollo de El Cairo (1994),[84] el Programa busca que los países adopten medidas para habilitar a la mujer y eliminar la desigualdad entre hombres y mujeres. (ii) Declaración de la UNESCO sobre la contribución de las mujeres a una cultura de paz (1995),[85] esta Declaración subraya la importancia del equilibrio de género, de las relaciones dinámicas entre mujeres y hombres en la construcción de paz. (iii) Declaración y Plataforma de acción de Beijing en 1995,[86] es el primer documento internacional en reconocer explícitamente que persisten las desigualdades entre mujeres y hombres, que sigue habiendo obstáculos importantes y, a partir de dicho reconocimiento; en pretender lograr la igualdad de derechos, de oportunidades y de acceso a los recursos, la distribución equitativa entre hombres y mujeres."
dependencia,DOC_1014,Corte Constitucional,2016.0,DOC_1014_S00407,"Sin duda, esto propicia situaciones de",dependencia,"o de pobreza, que perpetúan las tradiciones patriarcales, facilitando el machis","Sin duda, esto propicia situaciones de dependencia o de pobreza, que perpetúan las tradiciones patriarcales, facilitando el machismo y convirtiéndose en un incentivo para la violencia contra la mujer. 5.3."
cairo,DOC_1014,Corte Constitucional,2016.0,DOC_1014_S00509,ma de Acción de la Conferencia Internacional sobre Población y Desarrollo de El,Cairo,(1994) http://www.un.org/spanish/conferences/ accion2.htm [85] Declaración de l,"Varios instrumentos son parte del soft law, sin embargo resultan relevantes por demostrar las tendencias del Derecho Internacional sobre la especial protección y búsqueda de efectividad de los derechos de las personas en situación de discapacidad, además son un parámetro interpretativo para los Estados.” [84] Programa de Acción de la Conferencia Internacional sobre Población y Desarrollo de El Cairo (1994) http://www.un.org/spanish/conferences/ accion2.htm [85] Declaración de la UNESCO sobre la contribución de las mujeres a una cultura de paz. [86] Declaración y Plataforma de acción de Beijing. [87] Corte Constitucional, sentencia C327 de 2016 (MP Gloria Stella Ortiz Delgado; SV Luis Guillermo Guerrero Ortiz, Gabriel Eduardo Mendoza Martelo; AV María Victoria Calle Correa.) En esta decisión la Corte resolvió una demanda contra el artículo 90 (parcial) del Código Civil por considerar que viola el artículo 4 de la Convención Americana de Derechos Humanos (Convención Americana o CADH), el preámbulo del Pacto Internacional de Derechos Económicos, Sociales y Culturales, el artículo 6 del Pacto Internacional de Derechos Civiles y Políticos, los artículos 11 y 93 de la Constitución y el precedente establecido por la sentencia C-133 de 1994 de la Corte Constitucional."
femicidio,DOC_1025,Corte Constitucional,2001.0,DOC_1025_S00226,Isabel Agatón Santander. [13] Cita original del texto: PNUD El,Femicidio,en Chile.,Isabel Agatón Santander. [13] Cita original del texto: PNUD El Femicidio en Chile.
femicidio,DOC_1025,Corte Constitucional,2001.0,DOC_1025_S00241,ano de investigación de las muertes violentas de mujeres por razones de género (,femicidio,"/feminicidio), gráfico 1, capítulo III, p.37.","Para que un hecho pueda considerarse como indicio deberá estar debidamente probado en el proceso”. [20] ONU Mujeres, la Oficina del Alto Comisionado de Derechos Humanos en América Central, y la Campaña latinoamericana para poner fin a la violencia contra las mujeres Únete, Modelo Protocolo latinoamericano de investigación de las muertes violentas de mujeres por razones de género (femicidio/feminicidio), gráfico 1, capítulo III, p.37."
